"FullName","Extension","Length","LastWriteTime"
"C:\EAR_OS_V2\.A hoja de ruta despues de la busqueda de datos .txt",".txt","51655","03/08/2026 10:51:35"
"C:\EAR_OS_V2\.clineignore",".clineignore","86","29/07/2026 22:35:43"
"C:\EAR_OS_V2\.clinerules",".clinerules","5675","13/05/2026 17:37:34"
"C:\EAR_OS_V2\.docx",".docx","14170","29/07/2026 20:27:14"
"C:\EAR_OS_V2\.env",".env","2480","01/08/2026 10:54:35"
"C:\EAR_OS_V2\.env.backup_2026-08-01",".backup_2026-08-01","2480","01/08/2026 10:54:35"
"C:\EAR_OS_V2\.env.local",".local","1827","27/07/2026 20:35:15"
"C:\EAR_OS_V2\.env.local.backup_2026-08-01",".backup_2026-08-01","1827","27/07/2026 20:35:15"
"C:\EAR_OS_V2\.env.production",".production","1890","19/05/2026 18:15:00"
"C:\EAR_OS_V2\.env.vercel.production",".production","2093","19/05/2026 17:20:28"
"C:\EAR_OS_V2\.eslintignore",".eslintignore","81","12/05/2026 14:40:05"
"C:\EAR_OS_V2\.eslintrc.json",".json","387","18/05/2026 20:53:42"
"C:\EAR_OS_V2\.gitignore",".gitignore","519","31/07/2026 1:33:32"
"C:\EAR_OS_V2\.npmrc",".npmrc","22","12/05/2026 15:18:57"
"C:\EAR_OS_V2\.vercelignore",".vercelignore","285","12/05/2026 15:20:44"
"C:\EAR_OS_V2\00_MOC_MAESTRO.md",".md","377","19/05/2026 16:36:21"
"C:\EAR_OS_V2\AuraWallet.md",".md","0","19/05/2026 17:17:57"
"C:\EAR_OS_V2\CLINE_RULES_V2.md",".md","2197","12/05/2026 10:57:53"
"C:\EAR_OS_V2\CLINE_RULES_V3.md",".md","14069","01/08/2026 20:41:52"
"C:\EAR_OS_V2\Cómo_jubilar_al_Cumpleaños y las mañanitas podcast.m4a",".m4a","25709783","01/08/2026 22:34:45"
"C:\EAR_OS_V2\DEPLOYCERTIFICATE.md",".md","1357","14/05/2026 11:41:55"
"C:\EAR_OS_V2\Dominancia_EAR_SClass - copia.ps1",".ps1","2856","29/07/2026 17:56:38"
"C:\EAR_OS_V2\Dominancia_EAR_v2_LEGACY.ps1",".ps1","9198","31/07/2026 14:34:53"
"C:\EAR_OS_V2\Dominancia_EAR_v3_DOMINANCIA_OK.ps1",".ps1","5058","31/07/2026 15:59:42"
"C:\EAR_OS_V2\Dominancia_EAR_v3_PRE_COMPATIBILIDAD.ps1",".ps1","4843","31/07/2026 15:58:50"
"C:\EAR_OS_V2\Dominancia_EAR_v3.ps1",".ps1","5030","31/07/2026 16:04:44"
"C:\EAR_OS_V2\Dominancia_EAR.ps1",".ps1","2742","29/07/2026 9:55:55"
"C:\EAR_OS_V2\EAR_OS_OMEGA_PROMPTS.md",".md","25405","18/05/2026 17:59:06"
"C:\EAR_OS_V2\eslint.config.mjs",".mjs","907","26/07/2026 19:36:33"
"C:\EAR_OS_V2\firestore.rules",".rules","5902","17/05/2026 10:41:40"
"C:\EAR_OS_V2\INICIAR_DOMINANCIA.bat",".bat","582","29/07/2026 10:30:23"
"C:\EAR_OS_V2\INICIAR_EAR_OS_CON_ERROR.ps1",".ps1","3636","31/07/2026 16:23:49"
"C:\EAR_OS_V2\INICIAR_EAR_OS.ps1",".ps1","3604","31/07/2026 16:26:04"
"C:\EAR_OS_V2\INVENTARIO_TOTAL.md",".md","2179","13/05/2026 9:54:08"
"C:\EAR_OS_V2\next-env.d.ts",".ts","257","26/07/2026 20:53:52"
"C:\EAR_OS_V2\next.config.js",".js","2576","26/07/2026 0:12:48"
"C:\EAR_OS_V2\package-lock.json",".json","403896","30/07/2026 10:31:47"
"C:\EAR_OS_V2\package.json",".json","2795","30/07/2026 10:31:47"
"C:\EAR_OS_V2\postcss.config.mjs",".mjs","105","06/05/2026 21:06:34"
"C:\EAR_OS_V2\README.md",".md","880","11/05/2026 16:43:09"
"C:\EAR_OS_V2\recuperar_adn.ps1",".ps1","4036","29/07/2026 13:30:59"
"C:\EAR_OS_V2\SEO_DOMINANCE_PLAN.md",".md","4385","14/05/2026 11:46:37"
"C:\EAR_OS_V2\SOVEREIGN_GENOMA.md",".md","1718","14/05/2026 11:36:33"
"C:\EAR_OS_V2\tailwind.config.js",".js","818","18/05/2026 10:22:58"
"C:\EAR_OS_V2\tsconfig.json",".json","942","31/07/2026 17:34:00"
"C:\EAR_OS_V2\tsconfig.scripts.json",".json","314","11/05/2026 18:15:05"
"C:\EAR_OS_V2\tsconfig.tsbuildinfo",".tsbuildinfo","592909","30/07/2026 17:16:06"
"C:\EAR_OS_V2\vercel.json",".json","101","18/05/2026 20:58:26"
"C:\EAR_OS_V2\.firebase\hosting.LmZpcmViYXNlXHByb2R1Y3RvcmEtZWFyLWJhY2tlbmRcaG9zdGluZw.cache",".cache","274607","29/04/2026 14:21:39"
"C:\EAR_OS_V2\.firebase\productora-ear-backend\functions\.env",".env","511","29/04/2026 14:20:26"
"C:\EAR_OS_V2\.firebase\productora-ear-backend\functions\.env.local",".local","1713","28/04/2026 17:51:00"
"C:\EAR_OS_V2\.firebase\productora-ear-backend\functions\.env.production",".production","1338","24/04/2026 14:08:18"
"C:\EAR_OS_V2\.firebase\productora-ear-backend\functions\next.config.js",".js","478","25/04/2026 15:16:09"
"C:\EAR_OS_V2\.firebase\productora-ear-backend\functions\package-lock.json",".json","275468","29/04/2026 14:20:57"
"C:\EAR_OS_V2\.firebase\productora-ear-backend\functions\package.json",".json","985","29/04/2026 14:20:26"
"C:\EAR_OS_V2\.firebase\productora-ear-backend\functions\server.js",".js","239","29/04/2026 14:20:57"
"C:\EAR_OS_V2\.firebase\productora-ear-backend\functions\public\favicon.svg",".svg","314","24/04/2026 23:10:43"
"C:\EAR_OS_V2\.firebase\productora-ear-backend\functions\public\noise.svg",".svg","253","22/04/2026 10:31:11"
"C:\EAR_OS_V2\.firebase\productora-ear-backend\functions\public\robots.txt",".txt","109","24/04/2026 21:48:21"
"C:\EAR_OS_V2\.firebase\productora-ear-backend\functions\public\data\urls_sitemap.json",".json","142992","21/03/2026 12:28:50"
"C:\EAR_OS_V2\.firebase\productora-ear-backend\hosting\_global-error.html",".html","9313","29/04/2026 14:20:02"
"C:\EAR_OS_V2\.firebase\productora-ear-backend\hosting\_not-found.html",".html","13315","29/04/2026 14:20:02"
"C:\EAR_OS_V2\.firebase\productora-ear-backend\hosting\404.html",".html","13315","29/04/2026 14:20:02"
"C:\EAR_OS_V2\.firebase\productora-ear-backend\hosting\500.html",".html","9313","29/04/2026 14:20:02"
"C:\EAR_OS_V2\.firebase\productora-ear-backend\hosting\about.html",".html","52447","29/04/2026 14:20:04"
"C:\EAR_OS_V2\.firebase\productora-ear-backend\hosting\academia.html",".html","52531","29/04/2026 14:20:05"
"C:\EAR_OS_V2\.firebase\productora-ear-backend\hosting\alava.html",".html","52447","29/04/2026 14:20:02"
"C:\EAR_OS_V2\.firebase\productora-ear-backend\hosting\albacete.html",".html","52531","29/04/2026 14:20:02"
"C:\EAR_OS_V2\.firebase\productora-ear-backend\hosting\alicante.html",".html","52531","29/04/2026 14:20:02"
"C:\EAR_OS_V2\.firebase\productora-ear-backend\hosting\almeria.html",".html","52503","29/04/2026 14:20:02"
"C:\EAR_OS_V2\.firebase\productora-ear-backend\hosting\arsenal-forense.html",".html","52841","29/04/2026 14:20:05"
"C:\EAR_OS_V2\.firebase\productora-ear-backend\hosting\artistas.html",".html","52531","29/04/2026 14:20:04"
"C:\EAR_OS_V2\.firebase\productora-ear-backend\hosting\asturias.html",".html","52531","29/04/2026 14:20:02"
"C:\EAR_OS_V2\.firebase\productora-ear-backend\hosting\avila.html",".html","52447","29/04/2026 14:20:02"
"C:\EAR_OS_V2\.firebase\productora-ear-backend\hosting\ayuntamientos-premium.html",".html","53009","29/04/2026 14:20:04"
"C:\EAR_OS_V2\.firebase\productora-ear-backend\hosting\badajoz.html",".html","52503","29/04/2026 14:20:02"
"C:\EAR_OS_V2\.firebase\productora-ear-backend\hosting\baleares.html",".html","52531","29/04/2026 14:20:02"
"C:\EAR_OS_V2\.firebase\productora-ear-backend\hosting\barcelona.html",".html","52559","29/04/2026 14:20:02"
"C:\EAR_OS_V2\.firebase\productora-ear-backend\hosting\bodas.html",".html","52447","29/04/2026 14:20:04"
"C:\EAR_OS_V2\.firebase\productora-ear-backend\hosting\burgos.html",".html","52475","29/04/2026 14:20:02"
"C:\EAR_OS_V2\.firebase\productora-ear-backend\hosting\business.html",".html","52531","29/04/2026 14:20:04"
"C:\EAR_OS_V2\.firebase\productora-ear-backend\hosting\caceres.html",".html","52503","29/04/2026 14:20:02"
"C:\EAR_OS_V2\.firebase\productora-ear-backend\hosting\cadiz.html",".html","52447","29/04/2026 14:20:02"
"C:\EAR_OS_V2\.firebase\productora-ear-backend\hosting\cantabria.html",".html","52559","29/04/2026 14:20:02"
"C:\EAR_OS_V2\.firebase\productora-ear-backend\hosting\casos-exito.html",".html","52729","29/04/2026 14:20:05"
"C:\EAR_OS_V2\.firebase\productora-ear-backend\hosting\castellon.html",".html","52559","29/04/2026 14:20:02"
"C:\EAR_OS_V2\.firebase\productora-ear-backend\hosting\centro-mando.html",".html","22627","29/04/2026 14:20:07"
"C:\EAR_OS_V2\.firebase\productora-ear-backend\hosting\ceuta.html",".html","52447","29/04/2026 14:20:03"
"C:\EAR_OS_V2\.firebase\productora-ear-backend\hosting\ciudad-real.html",".html","52729","29/04/2026 14:20:02"
"C:\EAR_OS_V2\.firebase\productora-ear-backend\hosting\comparativas-premium.html",".html","52981","29/04/2026 14:20:04"
"C:\EAR_OS_V2\.firebase\productora-ear-backend\hosting\contacto.html",".html","52531","29/04/2026 14:20:04"
"C:\EAR_OS_V2\.firebase\productora-ear-backend\hosting\cordoba.html",".html","52503","29/04/2026 14:20:02"
"C:\EAR_OS_V2\.firebase\productora-ear-backend\hosting\cuenca.html",".html","52475","29/04/2026 14:20:02"
"C:\EAR_OS_V2\.firebase\productora-ear-backend\hosting\dashboard.html",".html","13773","29/04/2026 14:20:07"
"C:\EAR_OS_V2\.firebase\productora-ear-backend\hosting\directorio.html",".html","52587","29/04/2026 14:20:04"
"C:\EAR_OS_V2\.firebase\productora-ear-backend\hosting\dossier-seo.html",".html","52729","29/04/2026 14:20:04"
"C:\EAR_OS_V2\.firebase\productora-ear-backend\hosting\dossier.html",".html","52503","29/04/2026 14:20:04"
"C:\EAR_OS_V2\.firebase\productora-ear-backend\hosting\empresarios.html",".html","52615","29/04/2026 14:20:04"
"C:\EAR_OS_V2\.firebase\productora-ear-backend\hosting\eventos.html",".html","52503","29/04/2026 14:20:04"
"C:\EAR_OS_V2\.firebase\productora-ear-backend\hosting\favicon.svg",".svg","314","24/04/2026 23:10:43"
"C:\EAR_OS_V2\.firebase\productora-ear-backend\hosting\gerona.html",".html","52475","29/04/2026 14:20:02"
"C:\EAR_OS_V2\.firebase\productora-ear-backend\hosting\granada.html",".html","52503","29/04/2026 14:20:02"
"C:\EAR_OS_V2\.firebase\productora-ear-backend\hosting\guadalajara.html",".html","52615","29/04/2026 14:20:02"
"C:\EAR_OS_V2\.firebase\productora-ear-backend\hosting\guia-estrategica.html",".html","52869","29/04/2026 14:20:05"
"C:\EAR_OS_V2\.firebase\productora-ear-backend\hosting\guipuzcoa.html",".html","52559","29/04/2026 14:20:02"
"C:\EAR_OS_V2\.firebase\productora-ear-backend\hosting\huelva.html",".html","52475","29/04/2026 14:20:02"
"C:\EAR_OS_V2\.firebase\productora-ear-backend\hosting\huesca.html",".html","52475","29/04/2026 14:20:03"
"C:\EAR_OS_V2\.firebase\productora-ear-backend\hosting\incubadora.html",".html","52587","29/04/2026 14:20:05"
"C:\EAR_OS_V2\.firebase\productora-ear-backend\hosting\index.html",".html","28153","29/04/2026 14:20:07"
"C:\EAR_OS_V2\.firebase\productora-ear-backend\hosting\jaen.html",".html","52419","29/04/2026 14:20:03"
"C:\EAR_OS_V2\.firebase\productora-ear-backend\hosting\journal.html",".html","52503","29/04/2026 14:20:05"
"C:\EAR_OS_V2\.firebase\productora-ear-backend\hosting\la-rioja.html",".html","52645","29/04/2026 14:20:03"
"C:\EAR_OS_V2\.firebase\productora-ear-backend\hosting\las-palmas.html",".html","52701","29/04/2026 14:20:03"
"C:\EAR_OS_V2\.firebase\productora-ear-backend\hosting\leon.html",".html","52419","29/04/2026 14:20:03"
"C:\EAR_OS_V2\.firebase\productora-ear-backend\hosting\lerida.html",".html","52475","29/04/2026 14:20:03"
"C:\EAR_OS_V2\.firebase\productora-ear-backend\hosting\login.html",".html","20395","29/04/2026 14:20:07"
"C:\EAR_OS_V2\.firebase\productora-ear-backend\hosting\lugo.html",".html","52419","29/04/2026 14:20:03"
"C:\EAR_OS_V2\.firebase\productora-ear-backend\hosting\madrid.html",".html","52475","29/04/2026 14:20:03"
"C:\EAR_OS_V2\.firebase\productora-ear-backend\hosting\malaga.html",".html","52475","29/04/2026 14:20:03"
"C:\EAR_OS_V2\.firebase\productora-ear-backend\hosting\melilla.html",".html","52503","29/04/2026 14:20:03"
"C:\EAR_OS_V2\.firebase\productora-ear-backend\hosting\metodologia.html",".html","52615","29/04/2026 14:20:05"
"C:\EAR_OS_V2\.firebase\productora-ear-backend\hosting\murcia.html",".html","52475","29/04/2026 14:20:03"
"C:\EAR_OS_V2\.firebase\productora-ear-backend\hosting\navarra.html",".html","52503","29/04/2026 14:20:03"
"C:\EAR_OS_V2\.firebase\productora-ear-backend\hosting\new.html",".html","52391","29/04/2026 14:20:04"
"C:\EAR_OS_V2\.firebase\productora-ear-backend\hosting\noise.svg",".svg","253","22/04/2026 10:31:11"
"C:\EAR_OS_V2\.firebase\productora-ear-backend\hosting\orense.html",".html","52475","29/04/2026 14:20:03"
"C:\EAR_OS_V2\.firebase\productora-ear-backend\hosting\palencia.html",".html","52531","29/04/2026 14:20:03"
"C:\EAR_OS_V2\.firebase\productora-ear-backend\hosting\pontevedra.html",".html","52587","29/04/2026 14:20:03"
"C:\EAR_OS_V2\.firebase\productora-ear-backend\hosting\prensa.html",".html","52475","29/04/2026 14:20:04"
"C:\EAR_OS_V2\.firebase\productora-ear-backend\hosting\privacy.html",".html","52503","29/04/2026 14:20:04"
"C:\EAR_OS_V2\.firebase\productora-ear-backend\hosting\robots.txt",".txt","142","29/04/2026 14:20:07"
"C:\EAR_OS_V2\.firebase\productora-ear-backend\hosting\salamanca.html",".html","52559","29/04/2026 14:20:03"
"C:\EAR_OS_V2\.firebase\productora-ear-backend\hosting\santa-cruz-de-tenerife.html",".html","53362","29/04/2026 14:20:03"
"C:\EAR_OS_V2\.firebase\productora-ear-backend\hosting\segovia.html",".html","52503","29/04/2026 14:20:03"
"C:\EAR_OS_V2\.firebase\productora-ear-backend\hosting\sevilla.html",".html","52503","29/04/2026 14:20:03"
"C:\EAR_OS_V2\.firebase\productora-ear-backend\hosting\sitemap.xml",".xml","413358","29/04/2026 14:20:07"
"C:\EAR_OS_V2\.firebase\productora-ear-backend\hosting\soria.html",".html","52447","29/04/2026 14:20:03"
"C:\EAR_OS_V2\.firebase\productora-ear-backend\hosting\subasta.html",".html","52503","29/04/2026 14:20:05"
"C:\EAR_OS_V2\.firebase\productora-ear-backend\hosting\tarragona.html",".html","52559","29/04/2026 14:20:03"
"C:\EAR_OS_V2\.firebase\productora-ear-backend\hosting\terms.html",".html","52447","29/04/2026 14:20:04"
"C:\EAR_OS_V2\.firebase\productora-ear-backend\hosting\teruel.html",".html","52475","29/04/2026 14:20:03"
"C:\EAR_OS_V2\.firebase\productora-ear-backend\hosting\toledo.html",".html","52475","29/04/2026 14:20:03"
"C:\EAR_OS_V2\.firebase\productora-ear-backend\hosting\valencia.html",".html","52531","29/04/2026 14:20:03"
"C:\EAR_OS_V2\.firebase\productora-ear-backend\hosting\valladolid.html",".html","52587","29/04/2026 14:20:03"
"C:\EAR_OS_V2\.firebase\productora-ear-backend\hosting\vizcaya.html",".html","52503","29/04/2026 14:20:03"
"C:\EAR_OS_V2\.firebase\productora-ear-backend\hosting\wedding-planners.html",".html","52869","29/04/2026 14:20:04"
"C:\EAR_OS_V2\.firebase\productora-ear-backend\hosting\zamora.html",".html","52475","29/04/2026 14:20:03"
"C:\EAR_OS_V2\.firebase\productora-ear-backend\hosting\zaragoza.html",".html","52531","29/04/2026 14:20:03"
"C:\EAR_OS_V2\.firebase\productora-ear-backend\hosting\alava\configurador-bespoke.html",".html","31717","29/04/2026 14:20:04"
"C:\EAR_OS_V2\.firebase\productora-ear-backend\hosting\alava\dj-premium.html",".html","33348","29/04/2026 14:20:04"
"C:\EAR_OS_V2\.firebase\productora-ear-backend\hosting\alava\iluminacion-espectacular.html",".html","31195","29/04/2026 14:20:03"
"C:\EAR_OS_V2\.firebase\productora-ear-backend\hosting\alava\innovacion-social.html",".html","32837","29/04/2026 14:20:03"
"C:\EAR_OS_V2\.firebase\productora-ear-backend\hosting\alava\produccion-audiovisual.html",".html","31195","29/04/2026 14:20:04"
"C:\EAR_OS_V2\.firebase\productora-ear-backend\hosting\alava\sonorizacion-eventos.html",".html","31129","29/04/2026 14:20:03"
"C:\EAR_OS_V2\.firebase\productora-ear-backend\hosting\albacete\configurador-bespoke.html",".html","31783","29/04/2026 14:20:04"
"C:\EAR_OS_V2\.firebase\productora-ear-backend\hosting\albacete\dj-premium.html",".html","33420","29/04/2026 14:20:04"
"C:\EAR_OS_V2\.firebase\productora-ear-backend\hosting\albacete\iluminacion-espectacular.html",".html","31261","29/04/2026 14:20:04"
"C:\EAR_OS_V2\.firebase\productora-ear-backend\hosting\albacete\innovacion-social.html",".html","32909","29/04/2026 14:20:04"
"C:\EAR_OS_V2\.firebase\productora-ear-backend\hosting\albacete\produccion-audiovisual.html",".html","31261","29/04/2026 14:20:04"
"C:\EAR_OS_V2\.firebase\productora-ear-backend\hosting\albacete\sonorizacion-eventos.html",".html","31195","29/04/2026 14:20:04"
"C:\EAR_OS_V2\.firebase\productora-ear-backend\hosting\alicante\configurador-bespoke.html",".html","31783","29/04/2026 14:20:04"
"C:\EAR_OS_V2\.firebase\productora-ear-backend\hosting\alicante\dj-premium.html",".html","33420","29/04/2026 14:20:04"
"C:\EAR_OS_V2\.firebase\productora-ear-backend\hosting\alicante\iluminacion-espectacular.html",".html","31261","29/04/2026 14:20:04"
"C:\EAR_OS_V2\.firebase\productora-ear-backend\hosting\alicante\innovacion-social.html",".html","32909","29/04/2026 14:20:04"
"C:\EAR_OS_V2\.firebase\productora-ear-backend\hosting\alicante\produccion-audiovisual.html",".html","31261","29/04/2026 14:20:04"
"C:\EAR_OS_V2\.firebase\productora-ear-backend\hosting\alicante\sonorizacion-eventos.html",".html","31195","29/04/2026 14:20:04"
"C:\EAR_OS_V2\.firebase\productora-ear-backend\hosting\almeria\configurador-bespoke.html",".html","31761","29/04/2026 14:20:04"
"C:\EAR_OS_V2\.firebase\productora-ear-backend\hosting\almeria\dj-premium.html",".html","33396","29/04/2026 14:20:04"
"C:\EAR_OS_V2\.firebase\productora-ear-backend\hosting\almeria\iluminacion-espectacular.html",".html","31239","29/04/2026 14:20:04"
"C:\EAR_OS_V2\.firebase\productora-ear-backend\hosting\almeria\innovacion-social.html",".html","32885","29/04/2026 14:20:04"
"C:\EAR_OS_V2\.firebase\productora-ear-backend\hosting\almeria\produccion-audiovisual.html",".html","31239","29/04/2026 14:20:04"
"C:\EAR_OS_V2\.firebase\productora-ear-backend\hosting\almeria\sonorizacion-eventos.html",".html","31173","29/04/2026 14:20:04"
"C:\EAR_OS_V2\.firebase\productora-ear-backend\hosting\arsenal\alquiler-estructuras-truss-a-coruna.html",".html","53990","29/04/2026 14:20:03"
"C:\EAR_OS_V2\.firebase\productora-ear-backend\hosting\arsenal\alquiler-estructuras-truss-albacete.html",".html","53839","29/04/2026 14:20:04"
"C:\EAR_OS_V2\.firebase\productora-ear-backend\hosting\arsenal\alquiler-estructuras-truss-alcala-de-henares.html",".html","54369","29/04/2026 14:20:05"
"C:\EAR_OS_V2\.firebase\productora-ear-backend\hosting\arsenal\alquiler-estructuras-truss-alcobendas.html",".html","53895","29/04/2026 14:20:05"
"C:\EAR_OS_V2\.firebase\productora-ear-backend\hosting\arsenal\alquiler-estructuras-truss-alcorcon.html",".html","53839","29/04/2026 14:20:05"
"C:\EAR_OS_V2\.firebase\productora-ear-backend\hosting\arsenal\alquiler-estructuras-truss-alicante.html",".html","53839","29/04/2026 14:20:03"
"C:\EAR_OS_V2\.firebase\productora-ear-backend\hosting\arsenal\alquiler-estructuras-truss-almeria.html",".html","53811","29/04/2026 14:20:04"
"C:\EAR_OS_V2\.firebase\productora-ear-backend\hosting\arsenal\alquiler-estructuras-truss-aranjuez.html",".html","53839","29/04/2026 14:20:05"
"C:\EAR_OS_V2\.firebase\productora-ear-backend\hosting\arsenal\alquiler-estructuras-truss-arganda-del-rey.html",".html","54313","29/04/2026 14:20:05"
"C:\EAR_OS_V2\.firebase\productora-ear-backend\hosting\arsenal\alquiler-estructuras-truss-avila.html",".html","53755","29/04/2026 14:20:04"
"C:\EAR_OS_V2\.firebase\productora-ear-backend\hosting\arsenal\alquiler-estructuras-truss-badajoz.html",".html","53811","29/04/2026 14:20:04"
"C:\EAR_OS_V2\.firebase\productora-ear-backend\hosting\arsenal\alquiler-estructuras-truss-barcelona.html",".html","53867","29/04/2026 14:20:02"
"C:\EAR_OS_V2\.firebase\productora-ear-backend\hosting\arsenal\alquiler-estructuras-truss-bilbao.html",".html","53783","29/04/2026 14:20:03"
"C:\EAR_OS_V2\.firebase\productora-ear-backend\hosting\arsenal\alquiler-estructuras-truss-boadilla-del-monte.html",".html","54397","29/04/2026 14:20:05"
"C:\EAR_OS_V2\.firebase\productora-ear-backend\hosting\arsenal\alquiler-estructuras-truss-burgos.html",".html","53783","29/04/2026 14:20:04"
"C:\EAR_OS_V2\.firebase\productora-ear-backend\hosting\arsenal\alquiler-estructuras-truss-caceres.html",".html","53811","29/04/2026 14:20:04"
"C:\EAR_OS_V2\.firebase\productora-ear-backend\hosting\arsenal\alquiler-estructuras-truss-cadiz.html",".html","53755","29/04/2026 14:20:04"
"C:\EAR_OS_V2\.firebase\productora-ear-backend\hosting\arsenal\alquiler-estructuras-truss-canarias.html",".html","53839","29/04/2026 14:20:03"
"C:\EAR_OS_V2\.firebase\productora-ear-backend\hosting\arsenal\alquiler-estructuras-truss-castellon.html",".html","53867","29/04/2026 14:20:04"
"C:\EAR_OS_V2\.firebase\productora-ear-backend\hosting\arsenal\alquiler-estructuras-truss-ciudad-real.html",".html","54074","29/04/2026 14:20:04"
"C:\EAR_OS_V2\.firebase\productora-ear-backend\hosting\arsenal\alquiler-estructuras-truss-collado-villalba.html",".html","54214","29/04/2026 14:20:05"
"C:\EAR_OS_V2\.firebase\productora-ear-backend\hosting\arsenal\alquiler-estructuras-truss-cordoba.html",".html","53811","29/04/2026 14:20:04"
"C:\EAR_OS_V2\.firebase\productora-ear-backend\hosting\arsenal\alquiler-estructuras-truss-coslada.html",".html","53811","29/04/2026 14:20:05"
"C:\EAR_OS_V2\.firebase\productora-ear-backend\hosting\arsenal\alquiler-estructuras-truss-cuenca.html",".html","53783","29/04/2026 14:20:04"
"C:\EAR_OS_V2\.firebase\productora-ear-backend\hosting\arsenal\alquiler-estructuras-truss-fuenlabrada.html",".html","53923","29/04/2026 14:20:05"
"C:\EAR_OS_V2\.firebase\productora-ear-backend\hosting\arsenal\alquiler-estructuras-truss-getafe.html",".html","53783","29/04/2026 14:20:05"
"C:\EAR_OS_V2\.firebase\productora-ear-backend\hosting\arsenal\alquiler-estructuras-truss-gijon.html",".html","53755","29/04/2026 14:20:03"
"C:\EAR_OS_V2\.firebase\productora-ear-backend\hosting\arsenal\alquiler-estructuras-truss-girona.html",".html","53783","29/04/2026 14:20:04"
"C:\EAR_OS_V2\.firebase\productora-ear-backend\hosting\arsenal\alquiler-estructuras-truss-granada.html",".html","53811","29/04/2026 14:20:03"
"C:\EAR_OS_V2\.firebase\productora-ear-backend\hosting\arsenal\alquiler-estructuras-truss-guadalajara.html",".html","53923","29/04/2026 14:20:04"
"C:\EAR_OS_V2\.firebase\productora-ear-backend\hosting\arsenal\alquiler-estructuras-truss-huelva.html",".html","53783","29/04/2026 14:20:04"
"C:\EAR_OS_V2\.firebase\productora-ear-backend\hosting\arsenal\alquiler-estructuras-truss-huesca.html",".html","53783","29/04/2026 14:20:04"
"C:\EAR_OS_V2\.firebase\productora-ear-backend\hosting\arsenal\alquiler-estructuras-truss-ibiza.html",".html","53755","29/04/2026 14:20:03"
"C:\EAR_OS_V2\.firebase\productora-ear-backend\hosting\arsenal\alquiler-estructuras-truss-jaen.html",".html","53727","29/04/2026 14:20:04"
"C:\EAR_OS_V2\.firebase\productora-ear-backend\hosting\arsenal\alquiler-estructuras-truss-la-moraleja.html",".html","54074","29/04/2026 14:20:03"
"C:\EAR_OS_V2\.firebase\productora-ear-backend\hosting\arsenal\alquiler-estructuras-truss-las-rozas.html",".html","54018","29/04/2026 14:20:05"
"C:\EAR_OS_V2\.firebase\productora-ear-backend\hosting\arsenal\alquiler-estructuras-truss-leganes.html",".html","53811","29/04/2026 14:20:05"
"C:\EAR_OS_V2\.firebase\productora-ear-backend\hosting\arsenal\alquiler-estructuras-truss-leon.html",".html","53727","29/04/2026 14:20:05"
"C:\EAR_OS_V2\.firebase\productora-ear-backend\hosting\arsenal\alquiler-estructuras-truss-lleida.html",".html","53783","29/04/2026 14:20:04"
"C:\EAR_OS_V2\.firebase\productora-ear-backend\hosting\arsenal\alquiler-estructuras-truss-logrono.html",".html","53811","29/04/2026 14:20:03"
"C:\EAR_OS_V2\.firebase\productora-ear-backend\hosting\arsenal\alquiler-estructuras-truss-lugo.html",".html","53727","29/04/2026 14:20:04"
"C:\EAR_OS_V2\.firebase\productora-ear-backend\hosting\arsenal\alquiler-estructuras-truss-madrid.html",".html","53783","29/04/2026 14:20:02"
"C:\EAR_OS_V2\.firebase\productora-ear-backend\hosting\arsenal\alquiler-estructuras-truss-majadahonda.html",".html","53923","29/04/2026 14:20:05"
"C:\EAR_OS_V2\.firebase\productora-ear-backend\hosting\arsenal\alquiler-estructuras-truss-malaga.html",".html","53783","29/04/2026 14:20:03"
"C:\EAR_OS_V2\.firebase\productora-ear-backend\hosting\arsenal\alquiler-estructuras-truss-mallorca.html",".html","53839","29/04/2026 14:20:03"
"C:\EAR_OS_V2\.firebase\productora-ear-backend\hosting\arsenal\alquiler-estructuras-truss-marbella.html",".html","53839","29/04/2026 14:20:02"
"C:\EAR_OS_V2\.firebase\productora-ear-backend\hosting\arsenal\alquiler-estructuras-truss-mostoles.html",".html","53839","29/04/2026 14:20:05"
"C:\EAR_OS_V2\.firebase\productora-ear-backend\hosting\arsenal\alquiler-estructuras-truss-murcia.html",".html","53783","29/04/2026 14:20:03"
"C:\EAR_OS_V2\.firebase\productora-ear-backend\hosting\arsenal\alquiler-estructuras-truss-ourense.html",".html","53811","29/04/2026 14:20:04"
"C:\EAR_OS_V2\.firebase\productora-ear-backend\hosting\arsenal\alquiler-estructuras-truss-oviedo.html",".html","53783","29/04/2026 14:20:03"
"C:\EAR_OS_V2\.firebase\productora-ear-backend\hosting\arsenal\alquiler-estructuras-truss-palencia.html",".html","53839","29/04/2026 14:20:05"
"C:\EAR_OS_V2\.firebase\productora-ear-backend\hosting\arsenal\alquiler-estructuras-truss-pamplona.html",".html","53839","29/04/2026 14:20:03"
"C:\EAR_OS_V2\.firebase\productora-ear-backend\hosting\arsenal\alquiler-estructuras-truss-parla.html",".html","53755","29/04/2026 14:20:05"
"C:\EAR_OS_V2\.firebase\productora-ear-backend\hosting\arsenal\alquiler-estructuras-truss-pontevedra.html",".html","53895","29/04/2026 14:20:04"
"C:\EAR_OS_V2\.firebase\productora-ear-backend\hosting\arsenal\alquiler-estructuras-truss-pozuelo-de-alarcon.html",".html","54397","29/04/2026 14:20:05"
"C:\EAR_OS_V2\.firebase\productora-ear-backend\hosting\arsenal\alquiler-estructuras-truss-rivas-vaciamadrid.html",".html","54242","29/04/2026 14:20:05"
"C:\EAR_OS_V2\.firebase\productora-ear-backend\hosting\arsenal\alquiler-estructuras-truss-salamanca.html",".html","53867","29/04/2026 14:20:04"
"C:\EAR_OS_V2\.firebase\productora-ear-backend\hosting\arsenal\alquiler-estructuras-truss-san-sebastian-de-los-reyes.html",".html","54899","29/04/2026 14:20:05"
"C:\EAR_OS_V2\.firebase\productora-ear-backend\hosting\arsenal\alquiler-estructuras-truss-san-sebastian.html",".html","54130","29/04/2026 14:20:03"
"C:\EAR_OS_V2\.firebase\productora-ear-backend\hosting\arsenal\alquiler-estructuras-truss-santander.html",".html","53867","29/04/2026 14:20:03"
"C:\EAR_OS_V2\.firebase\productora-ear-backend\hosting\arsenal\alquiler-estructuras-truss-santiago.html",".html","53839","29/04/2026 14:20:03"
"C:\EAR_OS_V2\.firebase\productora-ear-backend\hosting\arsenal\alquiler-estructuras-truss-segovia.html",".html","53811","29/04/2026 14:20:04"
"C:\EAR_OS_V2\.firebase\productora-ear-backend\hosting\arsenal\alquiler-estructuras-truss-sevilla.html",".html","53811","29/04/2026 14:20:03"
"C:\EAR_OS_V2\.firebase\productora-ear-backend\hosting\arsenal\alquiler-estructuras-truss-soria.html",".html","53755","29/04/2026 14:20:05"
"C:\EAR_OS_V2\.firebase\productora-ear-backend\hosting\arsenal\alquiler-estructuras-truss-sotogrande.html",".html","53895","29/04/2026 14:20:03"
"C:\EAR_OS_V2\.firebase\productora-ear-backend\hosting\arsenal\alquiler-estructuras-truss-tarragona.html",".html","53867","29/04/2026 14:20:04"
"C:\EAR_OS_V2\.firebase\productora-ear-backend\hosting\arsenal\alquiler-estructuras-truss-teruel.html",".html","53783","29/04/2026 14:20:04"
"C:\EAR_OS_V2\.firebase\productora-ear-backend\hosting\arsenal\alquiler-estructuras-truss-toledo.html",".html","53783","29/04/2026 14:20:03"
"C:\EAR_OS_V2\.firebase\productora-ear-backend\hosting\arsenal\alquiler-estructuras-truss-torrejon-de-ardoz.html",".html","54369","29/04/2026 14:20:05"
"C:\EAR_OS_V2\.firebase\productora-ear-backend\hosting\arsenal\alquiler-estructuras-truss-valdemoro.html",".html","53867","29/04/2026 14:20:05"
"C:\EAR_OS_V2\.firebase\productora-ear-backend\hosting\arsenal\alquiler-estructuras-truss-valencia.html",".html","53839","29/04/2026 14:20:03"
"C:\EAR_OS_V2\.firebase\productora-ear-backend\hosting\arsenal\alquiler-estructuras-truss-valladolid.html",".html","53895","29/04/2026 14:20:03"
"C:\EAR_OS_V2\.firebase\productora-ear-backend\hosting\arsenal\alquiler-estructuras-truss-vigo.html",".html","53727","29/04/2026 14:20:03"
"C:\EAR_OS_V2\.firebase\productora-ear-backend\hosting\arsenal\alquiler-estructuras-truss-zamora.html",".html","53783","29/04/2026 14:20:05"
"C:\EAR_OS_V2\.firebase\productora-ear-backend\hosting\arsenal\alquiler-estructuras-truss-zaragoza.html",".html","53839","29/04/2026 14:20:03"
"C:\EAR_OS_V2\.firebase\productora-ear-backend\hosting\arsenal\alquiler-iluminacion-robotica-a-coruna.html",".html","54074","29/04/2026 14:20:07"
"C:\EAR_OS_V2\.firebase\productora-ear-backend\hosting\arsenal\alquiler-iluminacion-robotica-albacete.html",".html","53923","29/04/2026 14:20:07"
"C:\EAR_OS_V2\.firebase\productora-ear-backend\hosting\arsenal\alquiler-iluminacion-robotica-alcala-de-henares.html",".html","54453","29/04/2026 14:20:02"
"C:\EAR_OS_V2\.firebase\productora-ear-backend\hosting\arsenal\alquiler-iluminacion-robotica-alcobendas.html",".html","53979","29/04/2026 14:20:02"
"C:\EAR_OS_V2\.firebase\productora-ear-backend\hosting\arsenal\alquiler-iluminacion-robotica-alcorcon.html",".html","53923","29/04/2026 14:20:02"
"C:\EAR_OS_V2\.firebase\productora-ear-backend\hosting\arsenal\alquiler-iluminacion-robotica-alicante.html",".html","53923","29/04/2026 14:20:06"
"C:\EAR_OS_V2\.firebase\productora-ear-backend\hosting\arsenal\alquiler-iluminacion-robotica-almeria.html",".html","53895","29/04/2026 14:20:07"
"C:\EAR_OS_V2\.firebase\productora-ear-backend\hosting\arsenal\alquiler-iluminacion-robotica-aranjuez.html",".html","53923","29/04/2026 14:20:02"
"C:\EAR_OS_V2\.firebase\productora-ear-backend\hosting\arsenal\alquiler-iluminacion-robotica-arganda-del-rey.html",".html","54397","29/04/2026 14:20:02"
"C:\EAR_OS_V2\.firebase\productora-ear-backend\hosting\arsenal\alquiler-iluminacion-robotica-avila.html",".html","53839","29/04/2026 14:20:07"
"C:\EAR_OS_V2\.firebase\productora-ear-backend\hosting\arsenal\alquiler-iluminacion-robotica-badajoz.html",".html","53895","29/04/2026 14:20:07"
"C:\EAR_OS_V2\.firebase\productora-ear-backend\hosting\arsenal\alquiler-iluminacion-robotica-barcelona.html",".html","53951","29/04/2026 14:20:06"
"C:\EAR_OS_V2\.firebase\productora-ear-backend\hosting\arsenal\alquiler-iluminacion-robotica-bilbao.html",".html","53867","29/04/2026 14:20:06"
"C:\EAR_OS_V2\.firebase\productora-ear-backend\hosting\arsenal\alquiler-iluminacion-robotica-boadilla-del-monte.html",".html","54481","29/04/2026 14:20:02"
"C:\EAR_OS_V2\.firebase\productora-ear-backend\hosting\arsenal\alquiler-iluminacion-robotica-burgos.html",".html","53867","29/04/2026 14:20:07"
"C:\EAR_OS_V2\.firebase\productora-ear-backend\hosting\arsenal\alquiler-iluminacion-robotica-caceres.html",".html","53895","29/04/2026 14:20:07"
"C:\EAR_OS_V2\.firebase\productora-ear-backend\hosting\arsenal\alquiler-iluminacion-robotica-cadiz.html",".html","53839","29/04/2026 14:20:07"
"C:\EAR_OS_V2\.firebase\productora-ear-backend\hosting\arsenal\alquiler-iluminacion-robotica-canarias.html",".html","53923","29/04/2026 14:20:07"
"C:\EAR_OS_V2\.firebase\productora-ear-backend\hosting\arsenal\alquiler-iluminacion-robotica-castellon.html",".html","53951","29/04/2026 14:20:07"
"C:\EAR_OS_V2\.firebase\productora-ear-backend\hosting\arsenal\alquiler-iluminacion-robotica-ciudad-real.html",".html","54158","29/04/2026 14:20:07"
"C:\EAR_OS_V2\.firebase\productora-ear-backend\hosting\arsenal\alquiler-iluminacion-robotica-collado-villalba.html",".html","54298","29/04/2026 14:20:02"
"C:\EAR_OS_V2\.firebase\productora-ear-backend\hosting\arsenal\alquiler-iluminacion-robotica-cordoba.html",".html","53895","29/04/2026 14:20:07"
"C:\EAR_OS_V2\.firebase\productora-ear-backend\hosting\arsenal\alquiler-iluminacion-robotica-coslada.html",".html","53895","29/04/2026 14:20:02"
"C:\EAR_OS_V2\.firebase\productora-ear-backend\hosting\arsenal\alquiler-iluminacion-robotica-cuenca.html",".html","53867","29/04/2026 14:20:07"
"C:\EAR_OS_V2\.firebase\productora-ear-backend\hosting\arsenal\alquiler-iluminacion-robotica-fuenlabrada.html",".html","54007","29/04/2026 14:20:02"
"C:\EAR_OS_V2\.firebase\productora-ear-backend\hosting\arsenal\alquiler-iluminacion-robotica-getafe.html",".html","53867","29/04/2026 14:20:02"
"C:\EAR_OS_V2\.firebase\productora-ear-backend\hosting\arsenal\alquiler-iluminacion-robotica-gijon.html",".html","53839","29/04/2026 14:20:07"
"C:\EAR_OS_V2\.firebase\productora-ear-backend\hosting\arsenal\alquiler-iluminacion-robotica-girona.html",".html","53867","29/04/2026 14:20:07"
"C:\EAR_OS_V2\.firebase\productora-ear-backend\hosting\arsenal\alquiler-iluminacion-robotica-granada.html",".html","53895","29/04/2026 14:20:07"
"C:\EAR_OS_V2\.firebase\productora-ear-backend\hosting\arsenal\alquiler-iluminacion-robotica-guadalajara.html",".html","54007","29/04/2026 14:20:07"
"C:\EAR_OS_V2\.firebase\productora-ear-backend\hosting\arsenal\alquiler-iluminacion-robotica-huelva.html",".html","53867","29/04/2026 14:20:07"
"C:\EAR_OS_V2\.firebase\productora-ear-backend\hosting\arsenal\alquiler-iluminacion-robotica-huesca.html",".html","53867","29/04/2026 14:20:07"
"C:\EAR_OS_V2\.firebase\productora-ear-backend\hosting\arsenal\alquiler-iluminacion-robotica-ibiza.html",".html","53839","29/04/2026 14:20:06"
"C:\EAR_OS_V2\.firebase\productora-ear-backend\hosting\arsenal\alquiler-iluminacion-robotica-jaen.html",".html","53811","29/04/2026 14:20:07"
"C:\EAR_OS_V2\.firebase\productora-ear-backend\hosting\arsenal\alquiler-iluminacion-robotica-la-moraleja.html",".html","54158","29/04/2026 14:20:07"
"C:\EAR_OS_V2\.firebase\productora-ear-backend\hosting\arsenal\alquiler-iluminacion-robotica-las-rozas.html",".html","54102","29/04/2026 14:20:02"
"C:\EAR_OS_V2\.firebase\productora-ear-backend\hosting\arsenal\alquiler-iluminacion-robotica-leganes.html",".html","53895","29/04/2026 14:20:02"
"C:\EAR_OS_V2\.firebase\productora-ear-backend\hosting\arsenal\alquiler-iluminacion-robotica-leon.html",".html","53811","29/04/2026 14:20:08"
"C:\EAR_OS_V2\.firebase\productora-ear-backend\hosting\arsenal\alquiler-iluminacion-robotica-lleida.html",".html","53867","29/04/2026 14:20:07"
"C:\EAR_OS_V2\.firebase\productora-ear-backend\hosting\arsenal\alquiler-iluminacion-robotica-logrono.html",".html","53895","29/04/2026 14:20:07"
"C:\EAR_OS_V2\.firebase\productora-ear-backend\hosting\arsenal\alquiler-iluminacion-robotica-lugo.html",".html","53811","29/04/2026 14:20:07"
"C:\EAR_OS_V2\.firebase\productora-ear-backend\hosting\arsenal\alquiler-iluminacion-robotica-madrid.html",".html","53867","29/04/2026 14:20:06"
"C:\EAR_OS_V2\.firebase\productora-ear-backend\hosting\arsenal\alquiler-iluminacion-robotica-majadahonda.html",".html","54007","29/04/2026 14:20:02"
"C:\EAR_OS_V2\.firebase\productora-ear-backend\hosting\arsenal\alquiler-iluminacion-robotica-malaga.html",".html","53867","29/04/2026 14:20:06"
"C:\EAR_OS_V2\.firebase\productora-ear-backend\hosting\arsenal\alquiler-iluminacion-robotica-mallorca.html",".html","53923","29/04/2026 14:20:06"
"C:\EAR_OS_V2\.firebase\productora-ear-backend\hosting\arsenal\alquiler-iluminacion-robotica-marbella.html",".html","53923","29/04/2026 14:20:06"
"C:\EAR_OS_V2\.firebase\productora-ear-backend\hosting\arsenal\alquiler-iluminacion-robotica-mostoles.html",".html","53923","29/04/2026 14:20:02"
"C:\EAR_OS_V2\.firebase\productora-ear-backend\hosting\arsenal\alquiler-iluminacion-robotica-murcia.html",".html","53867","29/04/2026 14:20:07"
"C:\EAR_OS_V2\.firebase\productora-ear-backend\hosting\arsenal\alquiler-iluminacion-robotica-ourense.html",".html","53895","29/04/2026 14:20:07"
"C:\EAR_OS_V2\.firebase\productora-ear-backend\hosting\arsenal\alquiler-iluminacion-robotica-oviedo.html",".html","53867","29/04/2026 14:20:07"
"C:\EAR_OS_V2\.firebase\productora-ear-backend\hosting\arsenal\alquiler-iluminacion-robotica-palencia.html",".html","53923","29/04/2026 14:20:08"
"C:\EAR_OS_V2\.firebase\productora-ear-backend\hosting\arsenal\alquiler-iluminacion-robotica-pamplona.html",".html","53923","29/04/2026 14:20:07"
"C:\EAR_OS_V2\.firebase\productora-ear-backend\hosting\arsenal\alquiler-iluminacion-robotica-parla.html",".html","53839","29/04/2026 14:20:02"
"C:\EAR_OS_V2\.firebase\productora-ear-backend\hosting\arsenal\alquiler-iluminacion-robotica-pontevedra.html",".html","53979","29/04/2026 14:20:08"
"C:\EAR_OS_V2\.firebase\productora-ear-backend\hosting\arsenal\alquiler-iluminacion-robotica-pozuelo-de-alarcon.html",".html","54481","29/04/2026 14:20:02"
"C:\EAR_OS_V2\.firebase\productora-ear-backend\hosting\arsenal\alquiler-iluminacion-robotica-rivas-vaciamadrid.html",".html","54326","29/04/2026 14:20:02"
"C:\EAR_OS_V2\.firebase\productora-ear-backend\hosting\arsenal\alquiler-iluminacion-robotica-salamanca.html",".html","53951","29/04/2026 14:20:07"
"C:\EAR_OS_V2\.firebase\productora-ear-backend\hosting\arsenal\alquiler-iluminacion-robotica-san-sebastian-de-los-reyes.html",".html","54983","29/04/2026 14:20:02"
"C:\EAR_OS_V2\.firebase\productora-ear-backend\hosting\arsenal\alquiler-iluminacion-robotica-san-sebastian.html",".html","54214","29/04/2026 14:20:07"
"C:\EAR_OS_V2\.firebase\productora-ear-backend\hosting\arsenal\alquiler-iluminacion-robotica-santander.html",".html","53951","29/04/2026 14:20:07"
"C:\EAR_OS_V2\.firebase\productora-ear-backend\hosting\arsenal\alquiler-iluminacion-robotica-santiago.html",".html","53923","29/04/2026 14:20:07"
"C:\EAR_OS_V2\.firebase\productora-ear-backend\hosting\arsenal\alquiler-iluminacion-robotica-segovia.html",".html","53895","29/04/2026 14:20:07"
"C:\EAR_OS_V2\.firebase\productora-ear-backend\hosting\arsenal\alquiler-iluminacion-robotica-sevilla.html",".html","53895","29/04/2026 14:20:06"
"C:\EAR_OS_V2\.firebase\productora-ear-backend\hosting\arsenal\alquiler-iluminacion-robotica-soria.html",".html","53839","29/04/2026 14:20:02"
"C:\EAR_OS_V2\.firebase\productora-ear-backend\hosting\arsenal\alquiler-iluminacion-robotica-sotogrande.html",".html","53979","29/04/2026 14:20:07"
"C:\EAR_OS_V2\.firebase\productora-ear-backend\hosting\arsenal\alquiler-iluminacion-robotica-tarragona.html",".html","53951","29/04/2026 14:20:07"
"C:\EAR_OS_V2\.firebase\productora-ear-backend\hosting\arsenal\alquiler-iluminacion-robotica-teruel.html",".html","53867","29/04/2026 14:20:07"
"C:\EAR_OS_V2\.firebase\productora-ear-backend\hosting\arsenal\alquiler-iluminacion-robotica-toledo.html",".html","53867","29/04/2026 14:20:07"
"C:\EAR_OS_V2\.firebase\productora-ear-backend\hosting\arsenal\alquiler-iluminacion-robotica-torrejon-de-ardoz.html",".html","54453","29/04/2026 14:20:02"
"C:\EAR_OS_V2\.firebase\productora-ear-backend\hosting\arsenal\alquiler-iluminacion-robotica-valdemoro.html",".html","53951","29/04/2026 14:20:02"
"C:\EAR_OS_V2\.firebase\productora-ear-backend\hosting\arsenal\alquiler-iluminacion-robotica-valencia.html",".html","53923","29/04/2026 14:20:06"
"C:\EAR_OS_V2\.firebase\productora-ear-backend\hosting\arsenal\alquiler-iluminacion-robotica-valladolid.html",".html","53979","29/04/2026 14:20:07"
"C:\EAR_OS_V2\.firebase\productora-ear-backend\hosting\arsenal\alquiler-iluminacion-robotica-vigo.html",".html","53811","29/04/2026 14:20:07"
"C:\EAR_OS_V2\.firebase\productora-ear-backend\hosting\arsenal\alquiler-iluminacion-robotica-zamora.html",".html","53867","29/04/2026 14:20:08"
"C:\EAR_OS_V2\.firebase\productora-ear-backend\hosting\arsenal\alquiler-iluminacion-robotica-zaragoza.html",".html","53923","29/04/2026 14:20:07"
"C:\EAR_OS_V2\.firebase\productora-ear-backend\hosting\arsenal\alquiler-pantalla-led-a-coruna.html",".html","53850","29/04/2026 14:20:06"
"C:\EAR_OS_V2\.firebase\productora-ear-backend\hosting\arsenal\alquiler-pantalla-led-albacete.html",".html","53699","29/04/2026 14:20:07"
"C:\EAR_OS_V2\.firebase\productora-ear-backend\hosting\arsenal\alquiler-pantalla-led-alcala-de-henares.html",".html","54229","29/04/2026 14:20:07"
"C:\EAR_OS_V2\.firebase\productora-ear-backend\hosting\arsenal\alquiler-pantalla-led-alcobendas.html",".html","53755","29/04/2026 14:20:02"
"C:\EAR_OS_V2\.firebase\productora-ear-backend\hosting\arsenal\alquiler-pantalla-led-alcorcon.html",".html","53699","29/04/2026 14:20:02"
"C:\EAR_OS_V2\.firebase\productora-ear-backend\hosting\arsenal\alquiler-pantalla-led-alicante.html",".html","53699","29/04/2026 14:20:06"
"C:\EAR_OS_V2\.firebase\productora-ear-backend\hosting\arsenal\alquiler-pantalla-led-almeria.html",".html","53671","29/04/2026 14:20:07"
"C:\EAR_OS_V2\.firebase\productora-ear-backend\hosting\arsenal\alquiler-pantalla-led-aranjuez.html",".html","53699","29/04/2026 14:20:03"
"C:\EAR_OS_V2\.firebase\productora-ear-backend\hosting\arsenal\alquiler-pantalla-led-arganda-del-rey.html",".html","54173","29/04/2026 14:20:03"
"C:\EAR_OS_V2\.firebase\productora-ear-backend\hosting\arsenal\alquiler-pantalla-led-avila.html",".html","53615","29/04/2026 14:20:06"
"C:\EAR_OS_V2\.firebase\productora-ear-backend\hosting\arsenal\alquiler-pantalla-led-badajoz.html",".html","53671","29/04/2026 14:20:06"
"C:\EAR_OS_V2\.firebase\productora-ear-backend\hosting\arsenal\alquiler-pantalla-led-barcelona.html",".html","53727","29/04/2026 14:20:05"
"C:\EAR_OS_V2\.firebase\productora-ear-backend\hosting\arsenal\alquiler-pantalla-led-bilbao.html",".html","53643","29/04/2026 14:20:06"
"C:\EAR_OS_V2\.firebase\productora-ear-backend\hosting\arsenal\alquiler-pantalla-led-boadilla-del-monte.html",".html","54257","29/04/2026 14:20:03"
"C:\EAR_OS_V2\.firebase\productora-ear-backend\hosting\arsenal\alquiler-pantalla-led-burgos.html",".html","53643","29/04/2026 14:20:06"
"C:\EAR_OS_V2\.firebase\productora-ear-backend\hosting\arsenal\alquiler-pantalla-led-caceres.html",".html","53671","29/04/2026 14:20:06"
"C:\EAR_OS_V2\.firebase\productora-ear-backend\hosting\arsenal\alquiler-pantalla-led-cadiz.html",".html","53615","29/04/2026 14:20:06"
"C:\EAR_OS_V2\.firebase\productora-ear-backend\hosting\arsenal\alquiler-pantalla-led-canarias.html",".html","53699","29/04/2026 14:20:06"
"C:\EAR_OS_V2\.firebase\productora-ear-backend\hosting\arsenal\alquiler-pantalla-led-castellon.html",".html","53727","29/04/2026 14:20:07"
"C:\EAR_OS_V2\.firebase\productora-ear-backend\hosting\arsenal\alquiler-pantalla-led-ciudad-real.html",".html","53934","29/04/2026 14:20:07"
"C:\EAR_OS_V2\.firebase\productora-ear-backend\hosting\arsenal\alquiler-pantalla-led-collado-villalba.html",".html","54074","29/04/2026 14:20:02"
"C:\EAR_OS_V2\.firebase\productora-ear-backend\hosting\arsenal\alquiler-pantalla-led-cordoba.html",".html","53671","29/04/2026 14:20:06"
"C:\EAR_OS_V2\.firebase\productora-ear-backend\hosting\arsenal\alquiler-pantalla-led-coslada.html",".html","53671","29/04/2026 14:20:02"
"C:\EAR_OS_V2\.firebase\productora-ear-backend\hosting\arsenal\alquiler-pantalla-led-cuenca.html",".html","53643","29/04/2026 14:20:07"
"C:\EAR_OS_V2\.firebase\productora-ear-backend\hosting\arsenal\alquiler-pantalla-led-fuenlabrada.html",".html","53783","29/04/2026 14:20:02"
"C:\EAR_OS_V2\.firebase\productora-ear-backend\hosting\arsenal\alquiler-pantalla-led-getafe.html",".html","53643","29/04/2026 14:20:02"
"C:\EAR_OS_V2\.firebase\productora-ear-backend\hosting\arsenal\alquiler-pantalla-led-gijon.html",".html","53615","29/04/2026 14:20:06"
"C:\EAR_OS_V2\.firebase\productora-ear-backend\hosting\arsenal\alquiler-pantalla-led-girona.html",".html","53643","29/04/2026 14:20:07"
"C:\EAR_OS_V2\.firebase\productora-ear-backend\hosting\arsenal\alquiler-pantalla-led-granada.html",".html","53671","29/04/2026 14:20:06"
"C:\EAR_OS_V2\.firebase\productora-ear-backend\hosting\arsenal\alquiler-pantalla-led-guadalajara.html",".html","53783","29/04/2026 14:20:07"
"C:\EAR_OS_V2\.firebase\productora-ear-backend\hosting\arsenal\alquiler-pantalla-led-huelva.html",".html","53643","29/04/2026 14:20:06"
"C:\EAR_OS_V2\.firebase\productora-ear-backend\hosting\arsenal\alquiler-pantalla-led-huesca.html",".html","53643","29/04/2026 14:20:07"
"C:\EAR_OS_V2\.firebase\productora-ear-backend\hosting\arsenal\alquiler-pantalla-led-ibiza.html",".html","53615","29/04/2026 14:20:06"
"C:\EAR_OS_V2\.firebase\productora-ear-backend\hosting\arsenal\alquiler-pantalla-led-jaen.html",".html","53587","29/04/2026 14:20:07"
"C:\EAR_OS_V2\.firebase\productora-ear-backend\hosting\arsenal\alquiler-pantalla-led-la-moraleja.html",".html","53934","29/04/2026 14:20:06"
"C:\EAR_OS_V2\.firebase\productora-ear-backend\hosting\arsenal\alquiler-pantalla-led-las-rozas.html",".html","53878","29/04/2026 14:20:02"
"C:\EAR_OS_V2\.firebase\productora-ear-backend\hosting\arsenal\alquiler-pantalla-led-leganes.html",".html","53671","29/04/2026 14:20:02"
"C:\EAR_OS_V2\.firebase\productora-ear-backend\hosting\arsenal\alquiler-pantalla-led-leon.html",".html","53587","29/04/2026 14:20:07"
"C:\EAR_OS_V2\.firebase\productora-ear-backend\hosting\arsenal\alquiler-pantalla-led-lleida.html",".html","53643","29/04/2026 14:20:07"
"C:\EAR_OS_V2\.firebase\productora-ear-backend\hosting\arsenal\alquiler-pantalla-led-logrono.html",".html","53671","29/04/2026 14:20:06"
"C:\EAR_OS_V2\.firebase\productora-ear-backend\hosting\arsenal\alquiler-pantalla-led-lugo.html",".html","53587","29/04/2026 14:20:07"
"C:\EAR_OS_V2\.firebase\productora-ear-backend\hosting\arsenal\alquiler-pantalla-led-madrid.html",".html","53643","29/04/2026 14:20:05"
"C:\EAR_OS_V2\.firebase\productora-ear-backend\hosting\arsenal\alquiler-pantalla-led-majadahonda.html",".html","53783","29/04/2026 14:20:02"
"C:\EAR_OS_V2\.firebase\productora-ear-backend\hosting\arsenal\alquiler-pantalla-led-malaga.html",".html","53643","29/04/2026 14:20:06"
"C:\EAR_OS_V2\.firebase\productora-ear-backend\hosting\arsenal\alquiler-pantalla-led-mallorca.html",".html","53699","29/04/2026 14:20:06"
"C:\EAR_OS_V2\.firebase\productora-ear-backend\hosting\arsenal\alquiler-pantalla-led-marbella.html",".html","53699","29/04/2026 14:20:05"
"C:\EAR_OS_V2\.firebase\productora-ear-backend\hosting\arsenal\alquiler-pantalla-led-mostoles.html",".html","53699","29/04/2026 14:20:02"
"C:\EAR_OS_V2\.firebase\productora-ear-backend\hosting\arsenal\alquiler-pantalla-led-murcia.html",".html","53643","29/04/2026 14:20:06"
"C:\EAR_OS_V2\.firebase\productora-ear-backend\hosting\arsenal\alquiler-pantalla-led-ourense.html",".html","53671","29/04/2026 14:20:07"
"C:\EAR_OS_V2\.firebase\productora-ear-backend\hosting\arsenal\alquiler-pantalla-led-oviedo.html",".html","53643","29/04/2026 14:20:06"
"C:\EAR_OS_V2\.firebase\productora-ear-backend\hosting\arsenal\alquiler-pantalla-led-palencia.html",".html","53699","29/04/2026 14:20:07"
"C:\EAR_OS_V2\.firebase\productora-ear-backend\hosting\arsenal\alquiler-pantalla-led-pamplona.html",".html","53699","29/04/2026 14:20:06"
"C:\EAR_OS_V2\.firebase\productora-ear-backend\hosting\arsenal\alquiler-pantalla-led-parla.html",".html","53615","29/04/2026 14:20:02"
"C:\EAR_OS_V2\.firebase\productora-ear-backend\hosting\arsenal\alquiler-pantalla-led-pontevedra.html",".html","53755","29/04/2026 14:20:07"
"C:\EAR_OS_V2\.firebase\productora-ear-backend\hosting\arsenal\alquiler-pantalla-led-pozuelo-de-alarcon.html",".html","54257","29/04/2026 14:20:02"
"C:\EAR_OS_V2\.firebase\productora-ear-backend\hosting\arsenal\alquiler-pantalla-led-rivas-vaciamadrid.html",".html","54102","29/04/2026 14:20:02"
"C:\EAR_OS_V2\.firebase\productora-ear-backend\hosting\arsenal\alquiler-pantalla-led-salamanca.html",".html","53727","29/04/2026 14:20:06"
"C:\EAR_OS_V2\.firebase\productora-ear-backend\hosting\arsenal\alquiler-pantalla-led-san-sebastian-de-los-reyes.html",".html","54759","29/04/2026 14:20:02"
"C:\EAR_OS_V2\.firebase\productora-ear-backend\hosting\arsenal\alquiler-pantalla-led-san-sebastian.html",".html","53990","29/04/2026 14:20:06"
"C:\EAR_OS_V2\.firebase\productora-ear-backend\hosting\arsenal\alquiler-pantalla-led-santander.html",".html","53727","29/04/2026 14:20:06"
"C:\EAR_OS_V2\.firebase\productora-ear-backend\hosting\arsenal\alquiler-pantalla-led-santiago.html",".html","53699","29/04/2026 14:20:06"
"C:\EAR_OS_V2\.firebase\productora-ear-backend\hosting\arsenal\alquiler-pantalla-led-segovia.html",".html","53671","29/04/2026 14:20:06"
"C:\EAR_OS_V2\.firebase\productora-ear-backend\hosting\arsenal\alquiler-pantalla-led-sevilla.html",".html","53671","29/04/2026 14:20:06"
"C:\EAR_OS_V2\.firebase\productora-ear-backend\hosting\arsenal\alquiler-pantalla-led-soria.html",".html","53615","29/04/2026 14:20:07"
"C:\EAR_OS_V2\.firebase\productora-ear-backend\hosting\arsenal\alquiler-pantalla-led-sotogrande.html",".html","53755","29/04/2026 14:20:06"
"C:\EAR_OS_V2\.firebase\productora-ear-backend\hosting\arsenal\alquiler-pantalla-led-tarragona.html",".html","53727","29/04/2026 14:20:07"
"C:\EAR_OS_V2\.firebase\productora-ear-backend\hosting\arsenal\alquiler-pantalla-led-teruel.html",".html","53643","29/04/2026 14:20:07"
"C:\EAR_OS_V2\.firebase\productora-ear-backend\hosting\arsenal\alquiler-pantalla-led-toledo.html",".html","53643","29/04/2026 14:20:06"
"C:\EAR_OS_V2\.firebase\productora-ear-backend\hosting\arsenal\alquiler-pantalla-led-torrejon-de-ardoz.html",".html","54229","29/04/2026 14:20:02"
"C:\EAR_OS_V2\.firebase\productora-ear-backend\hosting\arsenal\alquiler-pantalla-led-valdemoro.html",".html","53727","29/04/2026 14:20:02"
"C:\EAR_OS_V2\.firebase\productora-ear-backend\hosting\arsenal\alquiler-pantalla-led-valencia.html",".html","53699","29/04/2026 14:20:05"
"C:\EAR_OS_V2\.firebase\productora-ear-backend\hosting\arsenal\alquiler-pantalla-led-valladolid.html",".html","53755","29/04/2026 14:20:06"
"C:\EAR_OS_V2\.firebase\productora-ear-backend\hosting\arsenal\alquiler-pantalla-led-vigo.html",".html","53587","29/04/2026 14:20:06"
"C:\EAR_OS_V2\.firebase\productora-ear-backend\hosting\arsenal\alquiler-pantalla-led-zamora.html",".html","53643","29/04/2026 14:20:07"
"C:\EAR_OS_V2\.firebase\productora-ear-backend\hosting\arsenal\alquiler-pantalla-led-zaragoza.html",".html","53699","29/04/2026 14:20:06"
"C:\EAR_OS_V2\.firebase\productora-ear-backend\hosting\arsenal\alquiler-sonido-line-array-a-coruna.html",".html","54117","29/04/2026 14:20:03"
"C:\EAR_OS_V2\.firebase\productora-ear-backend\hosting\arsenal\alquiler-sonido-line-array-albacete.html",".html","53990","29/04/2026 14:20:05"
"C:\EAR_OS_V2\.firebase\productora-ear-backend\hosting\arsenal\alquiler-sonido-line-array-alcala-de-henares.html",".html","54520","29/04/2026 14:20:05"
"C:\EAR_OS_V2\.firebase\productora-ear-backend\hosting\arsenal\alquiler-sonido-line-array-alcobendas.html",".html","54046","29/04/2026 14:20:05"
"C:\EAR_OS_V2\.firebase\productora-ear-backend\hosting\arsenal\alquiler-sonido-line-array-alcorcon.html",".html","53990","29/04/2026 14:20:05"
"C:\EAR_OS_V2\.firebase\productora-ear-backend\hosting\arsenal\alquiler-sonido-line-array-alicante.html",".html","53990","29/04/2026 14:20:03"
"C:\EAR_OS_V2\.firebase\productora-ear-backend\hosting\arsenal\alquiler-sonido-line-array-almeria.html",".html","53962","29/04/2026 14:20:04"
"C:\EAR_OS_V2\.firebase\productora-ear-backend\hosting\arsenal\alquiler-sonido-line-array-aranjuez.html",".html","53990","29/04/2026 14:20:06"
"C:\EAR_OS_V2\.firebase\productora-ear-backend\hosting\arsenal\alquiler-sonido-line-array-arganda-del-rey.html",".html","54464","29/04/2026 14:20:06"
"C:\EAR_OS_V2\.firebase\productora-ear-backend\hosting\arsenal\alquiler-sonido-line-array-avila.html",".html","53906","29/04/2026 14:20:04"
"C:\EAR_OS_V2\.firebase\productora-ear-backend\hosting\arsenal\alquiler-sonido-line-array-badajoz.html",".html","53962","29/04/2026 14:20:04"
"C:\EAR_OS_V2\.firebase\productora-ear-backend\hosting\arsenal\alquiler-sonido-line-array-barcelona.html",".html","54018","29/04/2026 14:20:03"
"C:\EAR_OS_V2\.firebase\productora-ear-backend\hosting\arsenal\alquiler-sonido-line-array-bilbao.html",".html","53934","29/04/2026 14:20:03"
"C:\EAR_OS_V2\.firebase\productora-ear-backend\hosting\arsenal\alquiler-sonido-line-array-boadilla-del-monte.html",".html","54548","29/04/2026 14:20:06"
"C:\EAR_OS_V2\.firebase\productora-ear-backend\hosting\arsenal\alquiler-sonido-line-array-burgos.html",".html","53934","29/04/2026 14:20:04"
"C:\EAR_OS_V2\.firebase\productora-ear-backend\hosting\arsenal\alquiler-sonido-line-array-caceres.html",".html","53962","29/04/2026 14:20:04"
"C:\EAR_OS_V2\.firebase\productora-ear-backend\hosting\arsenal\alquiler-sonido-line-array-cadiz.html",".html","53906","29/04/2026 14:20:04"
"C:\EAR_OS_V2\.firebase\productora-ear-backend\hosting\arsenal\alquiler-sonido-line-array-canarias.html",".html","53990","29/04/2026 14:20:03"
"C:\EAR_OS_V2\.firebase\productora-ear-backend\hosting\arsenal\alquiler-sonido-line-array-castellon.html",".html","54018","29/04/2026 14:20:04"
"C:\EAR_OS_V2\.firebase\productora-ear-backend\hosting\arsenal\alquiler-sonido-line-array-ciudad-real.html",".html","54201","29/04/2026 14:20:05"
"C:\EAR_OS_V2\.firebase\productora-ear-backend\hosting\arsenal\alquiler-sonido-line-array-collado-villalba.html",".html","54341","29/04/2026 14:20:06"
"C:\EAR_OS_V2\.firebase\productora-ear-backend\hosting\arsenal\alquiler-sonido-line-array-cordoba.html",".html","53962","29/04/2026 14:20:04"
"C:\EAR_OS_V2\.firebase\productora-ear-backend\hosting\arsenal\alquiler-sonido-line-array-coslada.html",".html","53962","29/04/2026 14:20:05"
"C:\EAR_OS_V2\.firebase\productora-ear-backend\hosting\arsenal\alquiler-sonido-line-array-cuenca.html",".html","53934","29/04/2026 14:20:04"
"C:\EAR_OS_V2\.firebase\productora-ear-backend\hosting\arsenal\alquiler-sonido-line-array-fuenlabrada.html",".html","54074","29/04/2026 14:20:05"
"C:\EAR_OS_V2\.firebase\productora-ear-backend\hosting\arsenal\alquiler-sonido-line-array-getafe.html",".html","53934","29/04/2026 14:20:05"
"C:\EAR_OS_V2\.firebase\productora-ear-backend\hosting\arsenal\alquiler-sonido-line-array-gijon.html",".html","53906","29/04/2026 14:20:04"
"C:\EAR_OS_V2\.firebase\productora-ear-backend\hosting\arsenal\alquiler-sonido-line-array-girona.html",".html","53934","29/04/2026 14:20:04"
"C:\EAR_OS_V2\.firebase\productora-ear-backend\hosting\arsenal\alquiler-sonido-line-array-granada.html",".html","53962","29/04/2026 14:20:03"
"C:\EAR_OS_V2\.firebase\productora-ear-backend\hosting\arsenal\alquiler-sonido-line-array-guadalajara.html",".html","54074","29/04/2026 14:20:05"
"C:\EAR_OS_V2\.firebase\productora-ear-backend\hosting\arsenal\alquiler-sonido-line-array-huelva.html",".html","53934","29/04/2026 14:20:04"
"C:\EAR_OS_V2\.firebase\productora-ear-backend\hosting\arsenal\alquiler-sonido-line-array-huesca.html",".html","53934","29/04/2026 14:20:04"
"C:\EAR_OS_V2\.firebase\productora-ear-backend\hosting\arsenal\alquiler-sonido-line-array-ibiza.html",".html","53906","29/04/2026 14:20:03"
"C:\EAR_OS_V2\.firebase\productora-ear-backend\hosting\arsenal\alquiler-sonido-line-array-jaen.html",".html","53878","29/04/2026 14:20:04"
"C:\EAR_OS_V2\.firebase\productora-ear-backend\hosting\arsenal\alquiler-sonido-line-array-la-moraleja.html",".html","54201","29/04/2026 14:20:03"
"C:\EAR_OS_V2\.firebase\productora-ear-backend\hosting\arsenal\alquiler-sonido-line-array-las-rozas.html",".html","54145","29/04/2026 14:20:05"
"C:\EAR_OS_V2\.firebase\productora-ear-backend\hosting\arsenal\alquiler-sonido-line-array-leganes.html",".html","53962","29/04/2026 14:20:05"
"C:\EAR_OS_V2\.firebase\productora-ear-backend\hosting\arsenal\alquiler-sonido-line-array-leon.html",".html","53878","29/04/2026 14:20:05"
"C:\EAR_OS_V2\.firebase\productora-ear-backend\hosting\arsenal\alquiler-sonido-line-array-lleida.html",".html","53934","29/04/2026 14:20:04"
"C:\EAR_OS_V2\.firebase\productora-ear-backend\hosting\arsenal\alquiler-sonido-line-array-logrono.html",".html","53962","29/04/2026 14:20:04"
"C:\EAR_OS_V2\.firebase\productora-ear-backend\hosting\arsenal\alquiler-sonido-line-array-lugo.html",".html","53878","29/04/2026 14:20:05"
"C:\EAR_OS_V2\.firebase\productora-ear-backend\hosting\arsenal\alquiler-sonido-line-array-madrid.html",".html","53934","29/04/2026 14:20:03"
"C:\EAR_OS_V2\.firebase\productora-ear-backend\hosting\arsenal\alquiler-sonido-line-array-majadahonda.html",".html","54074","29/04/2026 14:20:05"
"C:\EAR_OS_V2\.firebase\productora-ear-backend\hosting\arsenal\alquiler-sonido-line-array-malaga.html",".html","53934","29/04/2026 14:20:03"
"C:\EAR_OS_V2\.firebase\productora-ear-backend\hosting\arsenal\alquiler-sonido-line-array-mallorca.html",".html","53990","29/04/2026 14:20:03"
"C:\EAR_OS_V2\.firebase\productora-ear-backend\hosting\arsenal\alquiler-sonido-line-array-marbella.html",".html","53990","29/04/2026 14:20:03"
"C:\EAR_OS_V2\.firebase\productora-ear-backend\hosting\arsenal\alquiler-sonido-line-array-mostoles.html",".html","53990","29/04/2026 14:20:05"
"C:\EAR_OS_V2\.firebase\productora-ear-backend\hosting\arsenal\alquiler-sonido-line-array-murcia.html",".html","53934","29/04/2026 14:20:03"
"C:\EAR_OS_V2\.firebase\productora-ear-backend\hosting\arsenal\alquiler-sonido-line-array-ourense.html",".html","53962","29/04/2026 14:20:05"
"C:\EAR_OS_V2\.firebase\productora-ear-backend\hosting\arsenal\alquiler-sonido-line-array-oviedo.html",".html","53934","29/04/2026 14:20:04"
"C:\EAR_OS_V2\.firebase\productora-ear-backend\hosting\arsenal\alquiler-sonido-line-array-palencia.html",".html","53990","29/04/2026 14:20:05"
"C:\EAR_OS_V2\.firebase\productora-ear-backend\hosting\arsenal\alquiler-sonido-line-array-pamplona.html",".html","53990","29/04/2026 14:20:04"
"C:\EAR_OS_V2\.firebase\productora-ear-backend\hosting\arsenal\alquiler-sonido-line-array-parla.html",".html","53906","29/04/2026 14:20:05"
"C:\EAR_OS_V2\.firebase\productora-ear-backend\hosting\arsenal\alquiler-sonido-line-array-pontevedra.html",".html","54046","29/04/2026 14:20:05"
"C:\EAR_OS_V2\.firebase\productora-ear-backend\hosting\arsenal\alquiler-sonido-line-array-pozuelo-de-alarcon.html",".html","54548","29/04/2026 14:20:05"
"C:\EAR_OS_V2\.firebase\productora-ear-backend\hosting\arsenal\alquiler-sonido-line-array-rivas-vaciamadrid.html",".html","54369","29/04/2026 14:20:06"
"C:\EAR_OS_V2\.firebase\productora-ear-backend\hosting\arsenal\alquiler-sonido-line-array-salamanca.html",".html","54018","29/04/2026 14:20:04"
"C:\EAR_OS_V2\.firebase\productora-ear-backend\hosting\arsenal\alquiler-sonido-line-array-san-sebastian-de-los-reyes.html",".html","55050","29/04/2026 14:20:05"
"C:\EAR_OS_V2\.firebase\productora-ear-backend\hosting\arsenal\alquiler-sonido-line-array-san-sebastian.html",".html","54257","29/04/2026 14:20:03"
"C:\EAR_OS_V2\.firebase\productora-ear-backend\hosting\arsenal\alquiler-sonido-line-array-santander.html",".html","54018","29/04/2026 14:20:04"
"C:\EAR_OS_V2\.firebase\productora-ear-backend\hosting\arsenal\alquiler-sonido-line-array-santiago.html",".html","53990","29/04/2026 14:20:03"
"C:\EAR_OS_V2\.firebase\productora-ear-backend\hosting\arsenal\alquiler-sonido-line-array-segovia.html",".html","53962","29/04/2026 14:20:04"
"C:\EAR_OS_V2\.firebase\productora-ear-backend\hosting\arsenal\alquiler-sonido-line-array-sevilla.html",".html","53962","29/04/2026 14:20:03"
"C:\EAR_OS_V2\.firebase\productora-ear-backend\hosting\arsenal\alquiler-sonido-line-array-soria.html",".html","53906","29/04/2026 14:20:05"
"C:\EAR_OS_V2\.firebase\productora-ear-backend\hosting\arsenal\alquiler-sonido-line-array-sotogrande.html",".html","54046","29/04/2026 14:20:03"
"C:\EAR_OS_V2\.firebase\productora-ear-backend\hosting\arsenal\alquiler-sonido-line-array-tarragona.html",".html","54018","29/04/2026 14:20:04"
"C:\EAR_OS_V2\.firebase\productora-ear-backend\hosting\arsenal\alquiler-sonido-line-array-teruel.html",".html","53934","29/04/2026 14:20:04"
"C:\EAR_OS_V2\.firebase\productora-ear-backend\hosting\arsenal\alquiler-sonido-line-array-toledo.html",".html","53934","29/04/2026 14:20:03"
"C:\EAR_OS_V2\.firebase\productora-ear-backend\hosting\arsenal\alquiler-sonido-line-array-torrejon-de-ardoz.html",".html","54520","29/04/2026 14:20:05"
"C:\EAR_OS_V2\.firebase\productora-ear-backend\hosting\arsenal\alquiler-sonido-line-array-valdemoro.html",".html","54018","29/04/2026 14:20:06"
"C:\EAR_OS_V2\.firebase\productora-ear-backend\hosting\arsenal\alquiler-sonido-line-array-valencia.html",".html","53990","29/04/2026 14:20:03"
"C:\EAR_OS_V2\.firebase\productora-ear-backend\hosting\arsenal\alquiler-sonido-line-array-valladolid.html",".html","54046","29/04/2026 14:20:03"
"C:\EAR_OS_V2\.firebase\productora-ear-backend\hosting\arsenal\alquiler-sonido-line-array-vigo.html",".html","53878","29/04/2026 14:20:04"
"C:\EAR_OS_V2\.firebase\productora-ear-backend\hosting\arsenal\alquiler-sonido-line-array-zamora.html",".html","53934","29/04/2026 14:20:05"
"C:\EAR_OS_V2\.firebase\productora-ear-backend\hosting\arsenal\alquiler-sonido-line-array-zaragoza.html",".html","53990","29/04/2026 14:20:03"
"C:\EAR_OS_V2\.firebase\productora-ear-backend\hosting\artistas\artistas-indie-pop-a-coruna.html",".html","53778","29/04/2026 14:20:04"
"C:\EAR_OS_V2\.firebase\productora-ear-backend\hosting\artistas\artistas-indie-pop-albacete.html",".html","53627","29/04/2026 14:20:05"
"C:\EAR_OS_V2\.firebase\productora-ear-backend\hosting\artistas\artistas-indie-pop-alcala-de-henares.html",".html","54157","29/04/2026 14:20:06"
"C:\EAR_OS_V2\.firebase\productora-ear-backend\hosting\artistas\artistas-indie-pop-alcobendas.html",".html","53683","29/04/2026 14:20:06"
"C:\EAR_OS_V2\.firebase\productora-ear-backend\hosting\artistas\artistas-indie-pop-alcorcon.html",".html","53627","29/04/2026 14:20:06"
"C:\EAR_OS_V2\.firebase\productora-ear-backend\hosting\artistas\artistas-indie-pop-alicante.html",".html","53627","29/04/2026 14:20:04"
"C:\EAR_OS_V2\.firebase\productora-ear-backend\hosting\artistas\artistas-indie-pop-almeria.html",".html","53599","29/04/2026 14:20:05"
"C:\EAR_OS_V2\.firebase\productora-ear-backend\hosting\artistas\artistas-indie-pop-aranjuez.html",".html","53627","29/04/2026 14:20:06"
"C:\EAR_OS_V2\.firebase\productora-ear-backend\hosting\artistas\artistas-indie-pop-arganda-del-rey.html",".html","54101","29/04/2026 14:20:06"
"C:\EAR_OS_V2\.firebase\productora-ear-backend\hosting\artistas\artistas-indie-pop-avila.html",".html","53543","29/04/2026 14:20:05"
"C:\EAR_OS_V2\.firebase\productora-ear-backend\hosting\artistas\artistas-indie-pop-badajoz.html",".html","53599","29/04/2026 14:20:05"
"C:\EAR_OS_V2\.firebase\productora-ear-backend\hosting\artistas\artistas-indie-pop-barcelona.html",".html","53655","29/04/2026 14:20:03"
"C:\EAR_OS_V2\.firebase\productora-ear-backend\hosting\artistas\artistas-indie-pop-bilbao.html",".html","53571","29/04/2026 14:20:04"
"C:\EAR_OS_V2\.firebase\productora-ear-backend\hosting\artistas\artistas-indie-pop-boadilla-del-monte.html",".html","54185","29/04/2026 14:20:06"
"C:\EAR_OS_V2\.firebase\productora-ear-backend\hosting\artistas\artistas-indie-pop-burgos.html",".html","53571","29/04/2026 14:20:04"
"C:\EAR_OS_V2\.firebase\productora-ear-backend\hosting\artistas\artistas-indie-pop-caceres.html",".html","53599","29/04/2026 14:20:05"
"C:\EAR_OS_V2\.firebase\productora-ear-backend\hosting\artistas\artistas-indie-pop-cadiz.html",".html","53543","29/04/2026 14:20:05"
"C:\EAR_OS_V2\.firebase\productora-ear-backend\hosting\artistas\artistas-indie-pop-canarias.html",".html","53627","29/04/2026 14:20:04"
"C:\EAR_OS_V2\.firebase\productora-ear-backend\hosting\artistas\artistas-indie-pop-castellon.html",".html","53655","29/04/2026 14:20:05"
"C:\EAR_OS_V2\.firebase\productora-ear-backend\hosting\artistas\artistas-indie-pop-ciudad-real.html",".html","53862","29/04/2026 14:20:05"
"C:\EAR_OS_V2\.firebase\productora-ear-backend\hosting\artistas\artistas-indie-pop-collado-villalba.html",".html","54002","29/04/2026 14:20:06"
"C:\EAR_OS_V2\.firebase\productora-ear-backend\hosting\artistas\artistas-indie-pop-cordoba.html",".html","53599","29/04/2026 14:20:05"
"C:\EAR_OS_V2\.firebase\productora-ear-backend\hosting\artistas\artistas-indie-pop-coslada.html",".html","53599","29/04/2026 14:20:06"
"C:\EAR_OS_V2\.firebase\productora-ear-backend\hosting\artistas\artistas-indie-pop-cuenca.html",".html","53571","29/04/2026 14:20:05"
"C:\EAR_OS_V2\.firebase\productora-ear-backend\hosting\artistas\artistas-indie-pop-fuenlabrada.html",".html","53711","29/04/2026 14:20:06"
"C:\EAR_OS_V2\.firebase\productora-ear-backend\hosting\artistas\artistas-indie-pop-getafe.html",".html","53571","29/04/2026 14:20:06"
"C:\EAR_OS_V2\.firebase\productora-ear-backend\hosting\artistas\artistas-indie-pop-gijon.html",".html","53543","29/04/2026 14:20:04"
"C:\EAR_OS_V2\.firebase\productora-ear-backend\hosting\artistas\artistas-indie-pop-girona.html",".html","53571","29/04/2026 14:20:05"
"C:\EAR_OS_V2\.firebase\productora-ear-backend\hosting\artistas\artistas-indie-pop-granada.html",".html","53599","29/04/2026 14:20:04"
"C:\EAR_OS_V2\.firebase\productora-ear-backend\hosting\artistas\artistas-indie-pop-guadalajara.html",".html","53711","29/04/2026 14:20:05"
"C:\EAR_OS_V2\.firebase\productora-ear-backend\hosting\artistas\artistas-indie-pop-huelva.html",".html","53571","29/04/2026 14:20:05"
"C:\EAR_OS_V2\.firebase\productora-ear-backend\hosting\artistas\artistas-indie-pop-huesca.html",".html","53571","29/04/2026 14:20:05"
"C:\EAR_OS_V2\.firebase\productora-ear-backend\hosting\artistas\artistas-indie-pop-ibiza.html",".html","53543","29/04/2026 14:20:04"
"C:\EAR_OS_V2\.firebase\productora-ear-backend\hosting\artistas\artistas-indie-pop-jaen.html",".html","53515","29/04/2026 14:20:05"
"C:\EAR_OS_V2\.firebase\productora-ear-backend\hosting\artistas\artistas-indie-pop-la-moraleja.html",".html","53862","29/04/2026 14:20:04"
"C:\EAR_OS_V2\.firebase\productora-ear-backend\hosting\artistas\artistas-indie-pop-las-rozas.html",".html","53806","29/04/2026 14:20:06"
"C:\EAR_OS_V2\.firebase\productora-ear-backend\hosting\artistas\artistas-indie-pop-leganes.html",".html","53599","29/04/2026 14:20:06"
"C:\EAR_OS_V2\.firebase\productora-ear-backend\hosting\artistas\artistas-indie-pop-leon.html",".html","53515","29/04/2026 14:20:05"
"C:\EAR_OS_V2\.firebase\productora-ear-backend\hosting\artistas\artistas-indie-pop-lleida.html",".html","53571","29/04/2026 14:20:05"
"C:\EAR_OS_V2\.firebase\productora-ear-backend\hosting\artistas\artistas-indie-pop-logrono.html",".html","53599","29/04/2026 14:20:04"
"C:\EAR_OS_V2\.firebase\productora-ear-backend\hosting\artistas\artistas-indie-pop-lugo.html",".html","53515","29/04/2026 14:20:05"
"C:\EAR_OS_V2\.firebase\productora-ear-backend\hosting\artistas\artistas-indie-pop-madrid.html",".html","53571","29/04/2026 14:20:03"
"C:\EAR_OS_V2\.firebase\productora-ear-backend\hosting\artistas\artistas-indie-pop-majadahonda.html",".html","53711","29/04/2026 14:20:06"
"C:\EAR_OS_V2\.firebase\productora-ear-backend\hosting\artistas\artistas-indie-pop-malaga.html",".html","53571","29/04/2026 14:20:04"
"C:\EAR_OS_V2\.firebase\productora-ear-backend\hosting\artistas\artistas-indie-pop-mallorca.html",".html","53627","29/04/2026 14:20:04"
"C:\EAR_OS_V2\.firebase\productora-ear-backend\hosting\artistas\artistas-indie-pop-marbella.html",".html","53627","29/04/2026 14:20:03"
"C:\EAR_OS_V2\.firebase\productora-ear-backend\hosting\artistas\artistas-indie-pop-mostoles.html",".html","53627","29/04/2026 14:20:06"
"C:\EAR_OS_V2\.firebase\productora-ear-backend\hosting\artistas\artistas-indie-pop-murcia.html",".html","53571","29/04/2026 14:20:04"
"C:\EAR_OS_V2\.firebase\productora-ear-backend\hosting\artistas\artistas-indie-pop-ourense.html",".html","53599","29/04/2026 14:20:05"
"C:\EAR_OS_V2\.firebase\productora-ear-backend\hosting\artistas\artistas-indie-pop-oviedo.html",".html","53571","29/04/2026 14:20:04"
"C:\EAR_OS_V2\.firebase\productora-ear-backend\hosting\artistas\artistas-indie-pop-palencia.html",".html","53627","29/04/2026 14:20:05"
"C:\EAR_OS_V2\.firebase\productora-ear-backend\hosting\artistas\artistas-indie-pop-pamplona.html",".html","53627","29/04/2026 14:20:04"
"C:\EAR_OS_V2\.firebase\productora-ear-backend\hosting\artistas\artistas-indie-pop-parla.html",".html","53543","29/04/2026 14:20:06"
"C:\EAR_OS_V2\.firebase\productora-ear-backend\hosting\artistas\artistas-indie-pop-pontevedra.html",".html","53683","29/04/2026 14:20:05"
"C:\EAR_OS_V2\.firebase\productora-ear-backend\hosting\artistas\artistas-indie-pop-pozuelo-de-alarcon.html",".html","54185","29/04/2026 14:20:06"
"C:\EAR_OS_V2\.firebase\productora-ear-backend\hosting\artistas\artistas-indie-pop-rivas-vaciamadrid.html",".html","54030","29/04/2026 14:20:06"
"C:\EAR_OS_V2\.firebase\productora-ear-backend\hosting\artistas\artistas-indie-pop-salamanca.html",".html","53655","29/04/2026 14:20:04"
"C:\EAR_OS_V2\.firebase\productora-ear-backend\hosting\artistas\artistas-indie-pop-san-sebastian-de-los-reyes.html",".html","54687","29/04/2026 14:20:06"
"C:\EAR_OS_V2\.firebase\productora-ear-backend\hosting\artistas\artistas-indie-pop-san-sebastian.html",".html","53918","29/04/2026 14:20:04"
"C:\EAR_OS_V2\.firebase\productora-ear-backend\hosting\artistas\artistas-indie-pop-santander.html",".html","53655","29/04/2026 14:20:04"
"C:\EAR_OS_V2\.firebase\productora-ear-backend\hosting\artistas\artistas-indie-pop-santiago.html",".html","53627","29/04/2026 14:20:04"
"C:\EAR_OS_V2\.firebase\productora-ear-backend\hosting\artistas\artistas-indie-pop-segovia.html",".html","53599","29/04/2026 14:20:05"
"C:\EAR_OS_V2\.firebase\productora-ear-backend\hosting\artistas\artistas-indie-pop-sevilla.html",".html","53599","29/04/2026 14:20:03"
"C:\EAR_OS_V2\.firebase\productora-ear-backend\hosting\artistas\artistas-indie-pop-soria.html",".html","53543","29/04/2026 14:20:06"
"C:\EAR_OS_V2\.firebase\productora-ear-backend\hosting\artistas\artistas-indie-pop-sotogrande.html",".html","53683","29/04/2026 14:20:04"
"C:\EAR_OS_V2\.firebase\productora-ear-backend\hosting\artistas\artistas-indie-pop-tarragona.html",".html","53655","29/04/2026 14:20:05"
"C:\EAR_OS_V2\.firebase\productora-ear-backend\hosting\artistas\artistas-indie-pop-teruel.html",".html","53571","29/04/2026 14:20:05"
"C:\EAR_OS_V2\.firebase\productora-ear-backend\hosting\artistas\artistas-indie-pop-toledo.html",".html","53571","29/04/2026 14:20:04"
"C:\EAR_OS_V2\.firebase\productora-ear-backend\hosting\artistas\artistas-indie-pop-torrejon-de-ardoz.html",".html","54157","29/04/2026 14:20:06"
"C:\EAR_OS_V2\.firebase\productora-ear-backend\hosting\artistas\artistas-indie-pop-valdemoro.html",".html","53655","29/04/2026 14:20:06"
"C:\EAR_OS_V2\.firebase\productora-ear-backend\hosting\artistas\artistas-indie-pop-valencia.html",".html","53627","29/04/2026 14:20:03"
"C:\EAR_OS_V2\.firebase\productora-ear-backend\hosting\artistas\artistas-indie-pop-valladolid.html",".html","53683","29/04/2026 14:20:04"
"C:\EAR_OS_V2\.firebase\productora-ear-backend\hosting\artistas\artistas-indie-pop-vigo.html",".html","53515","29/04/2026 14:20:04"
"C:\EAR_OS_V2\.firebase\productora-ear-backend\hosting\artistas\artistas-indie-pop-zamora.html",".html","53571","29/04/2026 14:20:06"
"C:\EAR_OS_V2\.firebase\productora-ear-backend\hosting\artistas\artistas-indie-pop-zaragoza.html",".html","53627","29/04/2026 14:20:04"
"C:\EAR_OS_V2\.firebase\productora-ear-backend\hosting\artistas\artistas-jazz-soul-a-coruna.html",".html","53778","29/04/2026 14:20:07"
"C:\EAR_OS_V2\.firebase\productora-ear-backend\hosting\artistas\artistas-jazz-soul-albacete.html",".html","53627","29/04/2026 14:20:02"
"C:\EAR_OS_V2\.firebase\productora-ear-backend\hosting\artistas\artistas-jazz-soul-alcala-de-henares.html",".html","54157","29/04/2026 14:20:02"
"C:\EAR_OS_V2\.firebase\productora-ear-backend\hosting\artistas\artistas-jazz-soul-alcobendas.html",".html","53683","29/04/2026 14:20:03"
"C:\EAR_OS_V2\.firebase\productora-ear-backend\hosting\artistas\artistas-jazz-soul-alcorcon.html",".html","53627","29/04/2026 14:20:03"
"C:\EAR_OS_V2\.firebase\productora-ear-backend\hosting\artistas\artistas-jazz-soul-alicante.html",".html","53627","29/04/2026 14:20:06"
"C:\EAR_OS_V2\.firebase\productora-ear-backend\hosting\artistas\artistas-jazz-soul-almeria.html",".html","53599","29/04/2026 14:20:07"
"C:\EAR_OS_V2\.firebase\productora-ear-backend\hosting\artistas\artistas-jazz-soul-aranjuez.html",".html","53627","29/04/2026 14:20:03"
"C:\EAR_OS_V2\.firebase\productora-ear-backend\hosting\artistas\artistas-jazz-soul-arganda-del-rey.html",".html","54101","29/04/2026 14:20:03"
"C:\EAR_OS_V2\.firebase\productora-ear-backend\hosting\artistas\artistas-jazz-soul-avila.html",".html","53543","29/04/2026 14:20:07"
"C:\EAR_OS_V2\.firebase\productora-ear-backend\hosting\artistas\artistas-jazz-soul-badajoz.html",".html","53599","29/04/2026 14:20:07"
"C:\EAR_OS_V2\.firebase\productora-ear-backend\hosting\artistas\artistas-jazz-soul-barcelona.html",".html","53655","29/04/2026 14:20:06"
"C:\EAR_OS_V2\.firebase\productora-ear-backend\hosting\artistas\artistas-jazz-soul-bilbao.html",".html","53571","29/04/2026 14:20:06"
"C:\EAR_OS_V2\.firebase\productora-ear-backend\hosting\artistas\artistas-jazz-soul-boadilla-del-monte.html",".html","54185","29/04/2026 14:20:03"
"C:\EAR_OS_V2\.firebase\productora-ear-backend\hosting\artistas\artistas-jazz-soul-burgos.html",".html","53571","29/04/2026 14:20:07"
"C:\EAR_OS_V2\.firebase\productora-ear-backend\hosting\artistas\artistas-jazz-soul-caceres.html",".html","53599","29/04/2026 14:20:07"
"C:\EAR_OS_V2\.firebase\productora-ear-backend\hosting\artistas\artistas-jazz-soul-cadiz.html",".html","53543","29/04/2026 14:20:07"
"C:\EAR_OS_V2\.firebase\productora-ear-backend\hosting\artistas\artistas-jazz-soul-canarias.html",".html","53627","29/04/2026 14:20:06"
"C:\EAR_OS_V2\.firebase\productora-ear-backend\hosting\artistas\artistas-jazz-soul-castellon.html",".html","53655","29/04/2026 14:20:07"
"C:\EAR_OS_V2\.firebase\productora-ear-backend\hosting\artistas\artistas-jazz-soul-ciudad-real.html",".html","53862","29/04/2026 14:20:02"
"C:\EAR_OS_V2\.firebase\productora-ear-backend\hosting\artistas\artistas-jazz-soul-collado-villalba.html",".html","54002","29/04/2026 14:20:03"
"C:\EAR_OS_V2\.firebase\productora-ear-backend\hosting\artistas\artistas-jazz-soul-cordoba.html",".html","53599","29/04/2026 14:20:07"
"C:\EAR_OS_V2\.firebase\productora-ear-backend\hosting\artistas\artistas-jazz-soul-coslada.html",".html","53599","29/04/2026 14:20:03"
"C:\EAR_OS_V2\.firebase\productora-ear-backend\hosting\artistas\artistas-jazz-soul-cuenca.html",".html","53571","29/04/2026 14:20:02"
"C:\EAR_OS_V2\.firebase\productora-ear-backend\hosting\artistas\artistas-jazz-soul-fuenlabrada.html",".html","53711","29/04/2026 14:20:03"
"C:\EAR_OS_V2\.firebase\productora-ear-backend\hosting\artistas\artistas-jazz-soul-getafe.html",".html","53571","29/04/2026 14:20:03"
"C:\EAR_OS_V2\.firebase\productora-ear-backend\hosting\artistas\artistas-jazz-soul-gijon.html",".html","53543","29/04/2026 14:20:07"
"C:\EAR_OS_V2\.firebase\productora-ear-backend\hosting\artistas\artistas-jazz-soul-girona.html",".html","53571","29/04/2026 14:20:02"
"C:\EAR_OS_V2\.firebase\productora-ear-backend\hosting\artistas\artistas-jazz-soul-granada.html",".html","53599","29/04/2026 14:20:06"
"C:\EAR_OS_V2\.firebase\productora-ear-backend\hosting\artistas\artistas-jazz-soul-guadalajara.html",".html","53711","29/04/2026 14:20:02"
"C:\EAR_OS_V2\.firebase\productora-ear-backend\hosting\artistas\artistas-jazz-soul-huelva.html",".html","53571","29/04/2026 14:20:07"
"C:\EAR_OS_V2\.firebase\productora-ear-backend\hosting\artistas\artistas-jazz-soul-huesca.html",".html","53571","29/04/2026 14:20:02"
"C:\EAR_OS_V2\.firebase\productora-ear-backend\hosting\artistas\artistas-jazz-soul-ibiza.html",".html","53543","29/04/2026 14:20:06"
"C:\EAR_OS_V2\.firebase\productora-ear-backend\hosting\artistas\artistas-jazz-soul-jaen.html",".html","53515","29/04/2026 14:20:07"
"C:\EAR_OS_V2\.firebase\productora-ear-backend\hosting\artistas\artistas-jazz-soul-la-moraleja.html",".html","53862","29/04/2026 14:20:07"
"C:\EAR_OS_V2\.firebase\productora-ear-backend\hosting\artistas\artistas-jazz-soul-las-rozas.html",".html","53806","29/04/2026 14:20:03"
"C:\EAR_OS_V2\.firebase\productora-ear-backend\hosting\artistas\artistas-jazz-soul-leganes.html",".html","53599","29/04/2026 14:20:03"
"C:\EAR_OS_V2\.firebase\productora-ear-backend\hosting\artistas\artistas-jazz-soul-leon.html",".html","53515","29/04/2026 14:20:02"
"C:\EAR_OS_V2\.firebase\productora-ear-backend\hosting\artistas\artistas-jazz-soul-lleida.html",".html","53571","29/04/2026 14:20:02"
"C:\EAR_OS_V2\.firebase\productora-ear-backend\hosting\artistas\artistas-jazz-soul-logrono.html",".html","53599","29/04/2026 14:20:07"
"C:\EAR_OS_V2\.firebase\productora-ear-backend\hosting\artistas\artistas-jazz-soul-lugo.html",".html","53515","29/04/2026 14:20:02"
"C:\EAR_OS_V2\.firebase\productora-ear-backend\hosting\artistas\artistas-jazz-soul-madrid.html",".html","53571","29/04/2026 14:20:06"
"C:\EAR_OS_V2\.firebase\productora-ear-backend\hosting\artistas\artistas-jazz-soul-majadahonda.html",".html","53711","29/04/2026 14:20:03"
"C:\EAR_OS_V2\.firebase\productora-ear-backend\hosting\artistas\artistas-jazz-soul-malaga.html",".html","53571","29/04/2026 14:20:06"
"C:\EAR_OS_V2\.firebase\productora-ear-backend\hosting\artistas\artistas-jazz-soul-mallorca.html",".html","53627","29/04/2026 14:20:06"
"C:\EAR_OS_V2\.firebase\productora-ear-backend\hosting\artistas\artistas-jazz-soul-marbella.html",".html","53627","29/04/2026 14:20:06"
"C:\EAR_OS_V2\.firebase\productora-ear-backend\hosting\artistas\artistas-jazz-soul-mostoles.html",".html","53627","29/04/2026 14:20:03"
"C:\EAR_OS_V2\.firebase\productora-ear-backend\hosting\artistas\artistas-jazz-soul-murcia.html",".html","53571","29/04/2026 14:20:06"
"C:\EAR_OS_V2\.firebase\productora-ear-backend\hosting\artistas\artistas-jazz-soul-ourense.html",".html","53599","29/04/2026 14:20:02"
"C:\EAR_OS_V2\.firebase\productora-ear-backend\hosting\artistas\artistas-jazz-soul-oviedo.html",".html","53571","29/04/2026 14:20:07"
"C:\EAR_OS_V2\.firebase\productora-ear-backend\hosting\artistas\artistas-jazz-soul-palencia.html",".html","53627","29/04/2026 14:20:02"
"C:\EAR_OS_V2\.firebase\productora-ear-backend\hosting\artistas\artistas-jazz-soul-pamplona.html",".html","53627","29/04/2026 14:20:07"
"C:\EAR_OS_V2\.firebase\productora-ear-backend\hosting\artistas\artistas-jazz-soul-parla.html",".html","53543","29/04/2026 14:20:03"
"C:\EAR_OS_V2\.firebase\productora-ear-backend\hosting\artistas\artistas-jazz-soul-pontevedra.html",".html","53683","29/04/2026 14:20:02"
"C:\EAR_OS_V2\.firebase\productora-ear-backend\hosting\artistas\artistas-jazz-soul-pozuelo-de-alarcon.html",".html","54185","29/04/2026 14:20:03"
"C:\EAR_OS_V2\.firebase\productora-ear-backend\hosting\artistas\artistas-jazz-soul-rivas-vaciamadrid.html",".html","54030","29/04/2026 14:20:03"
"C:\EAR_OS_V2\.firebase\productora-ear-backend\hosting\artistas\artistas-jazz-soul-salamanca.html",".html","53655","29/04/2026 14:20:07"
"C:\EAR_OS_V2\.firebase\productora-ear-backend\hosting\artistas\artistas-jazz-soul-san-sebastian-de-los-reyes.html",".html","54687","29/04/2026 14:20:03"
"C:\EAR_OS_V2\.firebase\productora-ear-backend\hosting\artistas\artistas-jazz-soul-san-sebastian.html",".html","53918","29/04/2026 14:20:06"
"C:\EAR_OS_V2\.firebase\productora-ear-backend\hosting\artistas\artistas-jazz-soul-santander.html",".html","53655","29/04/2026 14:20:07"
"C:\EAR_OS_V2\.firebase\productora-ear-backend\hosting\artistas\artistas-jazz-soul-santiago.html",".html","53627","29/04/2026 14:20:06"
"C:\EAR_OS_V2\.firebase\productora-ear-backend\hosting\artistas\artistas-jazz-soul-segovia.html",".html","53599","29/04/2026 14:20:07"
"C:\EAR_OS_V2\.firebase\productora-ear-backend\hosting\artistas\artistas-jazz-soul-sevilla.html",".html","53599","29/04/2026 14:20:06"
"C:\EAR_OS_V2\.firebase\productora-ear-backend\hosting\artistas\artistas-jazz-soul-soria.html",".html","53543","29/04/2026 14:20:02"
"C:\EAR_OS_V2\.firebase\productora-ear-backend\hosting\artistas\artistas-jazz-soul-sotogrande.html",".html","53683","29/04/2026 14:20:06"
"C:\EAR_OS_V2\.firebase\productora-ear-backend\hosting\artistas\artistas-jazz-soul-tarragona.html",".html","53655","29/04/2026 14:20:07"
"C:\EAR_OS_V2\.firebase\productora-ear-backend\hosting\artistas\artistas-jazz-soul-teruel.html",".html","53571","29/04/2026 14:20:02"
"C:\EAR_OS_V2\.firebase\productora-ear-backend\hosting\artistas\artistas-jazz-soul-toledo.html",".html","53571","29/04/2026 14:20:06"
"C:\EAR_OS_V2\.firebase\productora-ear-backend\hosting\artistas\artistas-jazz-soul-torrejon-de-ardoz.html",".html","54157","29/04/2026 14:20:03"
"C:\EAR_OS_V2\.firebase\productora-ear-backend\hosting\artistas\artistas-jazz-soul-valdemoro.html",".html","53655","29/04/2026 14:20:03"
"C:\EAR_OS_V2\.firebase\productora-ear-backend\hosting\artistas\artistas-jazz-soul-valencia.html",".html","53627","29/04/2026 14:20:06"
"C:\EAR_OS_V2\.firebase\productora-ear-backend\hosting\artistas\artistas-jazz-soul-valladolid.html",".html","53683","29/04/2026 14:20:06"
"C:\EAR_OS_V2\.firebase\productora-ear-backend\hosting\artistas\artistas-jazz-soul-vigo.html",".html","53515","29/04/2026 14:20:07"
"C:\EAR_OS_V2\.firebase\productora-ear-backend\hosting\artistas\artistas-jazz-soul-zamora.html",".html","53571","29/04/2026 14:20:02"
"C:\EAR_OS_V2\.firebase\productora-ear-backend\hosting\artistas\artistas-jazz-soul-zaragoza.html",".html","53627","29/04/2026 14:20:06"
"C:\EAR_OS_V2\.firebase\productora-ear-backend\hosting\artistas\dj-saxo-live-a-coruna.html",".html","53610","29/04/2026 14:20:04"
"C:\EAR_OS_V2\.firebase\productora-ear-backend\hosting\artistas\dj-saxo-live-albacete.html",".html","53446","29/04/2026 14:20:06"
"C:\EAR_OS_V2\.firebase\productora-ear-backend\hosting\artistas\dj-saxo-live-alcala-de-henares.html",".html","53989","29/04/2026 14:20:06"
"C:\EAR_OS_V2\.firebase\productora-ear-backend\hosting\artistas\dj-saxo-live-alcobendas.html",".html","53515","29/04/2026 14:20:06"
"C:\EAR_OS_V2\.firebase\productora-ear-backend\hosting\artistas\dj-saxo-live-alcorcon.html",".html","53446","29/04/2026 14:20:06"
"C:\EAR_OS_V2\.firebase\productora-ear-backend\hosting\artistas\dj-saxo-live-alicante.html",".html","53446","29/04/2026 14:20:04"
"C:\EAR_OS_V2\.firebase\productora-ear-backend\hosting\artistas\dj-saxo-live-almeria.html",".html","53418","29/04/2026 14:20:05"
"C:\EAR_OS_V2\.firebase\productora-ear-backend\hosting\artistas\dj-saxo-live-aranjuez.html",".html","53446","29/04/2026 14:20:07"
"C:\EAR_OS_V2\.firebase\productora-ear-backend\hosting\artistas\dj-saxo-live-arganda-del-rey.html",".html","53933","29/04/2026 14:20:07"
"C:\EAR_OS_V2\.firebase\productora-ear-backend\hosting\artistas\dj-saxo-live-avila.html",".html","53362","29/04/2026 14:20:05"
"C:\EAR_OS_V2\.firebase\productora-ear-backend\hosting\artistas\dj-saxo-live-badajoz.html",".html","53418","29/04/2026 14:20:05"
"C:\EAR_OS_V2\.firebase\productora-ear-backend\hosting\artistas\dj-saxo-live-barcelona.html",".html","53487","29/04/2026 14:20:03"
"C:\EAR_OS_V2\.firebase\productora-ear-backend\hosting\artistas\dj-saxo-live-bilbao.html",".html","53390","29/04/2026 14:20:04"
"C:\EAR_OS_V2\.firebase\productora-ear-backend\hosting\artistas\dj-saxo-live-boadilla-del-monte.html",".html","54017","29/04/2026 14:20:07"
"C:\EAR_OS_V2\.firebase\productora-ear-backend\hosting\artistas\dj-saxo-live-burgos.html",".html","53390","29/04/2026 14:20:05"
"C:\EAR_OS_V2\.firebase\productora-ear-backend\hosting\artistas\dj-saxo-live-caceres.html",".html","53418","29/04/2026 14:20:05"
"C:\EAR_OS_V2\.firebase\productora-ear-backend\hosting\artistas\dj-saxo-live-cadiz.html",".html","53362","29/04/2026 14:20:05"
"C:\EAR_OS_V2\.firebase\productora-ear-backend\hosting\artistas\dj-saxo-live-canarias.html",".html","53446","29/04/2026 14:20:04"
"C:\EAR_OS_V2\.firebase\productora-ear-backend\hosting\artistas\dj-saxo-live-castellon.html",".html","53487","29/04/2026 14:20:05"
"C:\EAR_OS_V2\.firebase\productora-ear-backend\hosting\artistas\dj-saxo-live-ciudad-real.html",".html","53694","29/04/2026 14:20:06"
"C:\EAR_OS_V2\.firebase\productora-ear-backend\hosting\artistas\dj-saxo-live-collado-villalba.html",".html","53834","29/04/2026 14:20:07"
"C:\EAR_OS_V2\.firebase\productora-ear-backend\hosting\artistas\dj-saxo-live-cordoba.html",".html","53418","29/04/2026 14:20:05"
"C:\EAR_OS_V2\.firebase\productora-ear-backend\hosting\artistas\dj-saxo-live-coslada.html",".html","53418","29/04/2026 14:20:06"
"C:\EAR_OS_V2\.firebase\productora-ear-backend\hosting\artistas\dj-saxo-live-cuenca.html",".html","53390","29/04/2026 14:20:06"
"C:\EAR_OS_V2\.firebase\productora-ear-backend\hosting\artistas\dj-saxo-live-fuenlabrada.html",".html","53543","29/04/2026 14:20:06"
"C:\EAR_OS_V2\.firebase\productora-ear-backend\hosting\artistas\dj-saxo-live-getafe.html",".html","53390","29/04/2026 14:20:06"
"C:\EAR_OS_V2\.firebase\productora-ear-backend\hosting\artistas\dj-saxo-live-gijon.html",".html","53362","29/04/2026 14:20:04"
"C:\EAR_OS_V2\.firebase\productora-ear-backend\hosting\artistas\dj-saxo-live-girona.html",".html","53390","29/04/2026 14:20:05"
"C:\EAR_OS_V2\.firebase\productora-ear-backend\hosting\artistas\dj-saxo-live-granada.html",".html","53418","29/04/2026 14:20:04"
"C:\EAR_OS_V2\.firebase\productora-ear-backend\hosting\artistas\dj-saxo-live-guadalajara.html",".html","53543","29/04/2026 14:20:06"
"C:\EAR_OS_V2\.firebase\productora-ear-backend\hosting\artistas\dj-saxo-live-huelva.html",".html","53390","29/04/2026 14:20:05"
"C:\EAR_OS_V2\.firebase\productora-ear-backend\hosting\artistas\dj-saxo-live-huesca.html",".html","53390","29/04/2026 14:20:05"
"C:\EAR_OS_V2\.firebase\productora-ear-backend\hosting\artistas\dj-saxo-live-ibiza.html",".html","53362","29/04/2026 14:20:04"
"C:\EAR_OS_V2\.firebase\productora-ear-backend\hosting\artistas\dj-saxo-live-jaen.html",".html","53334","29/04/2026 14:20:05"
"C:\EAR_OS_V2\.firebase\productora-ear-backend\hosting\artistas\dj-saxo-live-la-moraleja.html",".html","53694","29/04/2026 14:20:04"
"C:\EAR_OS_V2\.firebase\productora-ear-backend\hosting\artistas\dj-saxo-live-las-rozas.html",".html","53638","29/04/2026 14:20:06"
"C:\EAR_OS_V2\.firebase\productora-ear-backend\hosting\artistas\dj-saxo-live-leganes.html",".html","53418","29/04/2026 14:20:06"
"C:\EAR_OS_V2\.firebase\productora-ear-backend\hosting\artistas\dj-saxo-live-leon.html",".html","53334","29/04/2026 14:20:06"
"C:\EAR_OS_V2\.firebase\productora-ear-backend\hosting\artistas\dj-saxo-live-lleida.html",".html","53390","29/04/2026 14:20:05"
"C:\EAR_OS_V2\.firebase\productora-ear-backend\hosting\artistas\dj-saxo-live-logrono.html",".html","53418","29/04/2026 14:20:04"
"C:\EAR_OS_V2\.firebase\productora-ear-backend\hosting\artistas\dj-saxo-live-lugo.html",".html","53334","29/04/2026 14:20:06"
"C:\EAR_OS_V2\.firebase\productora-ear-backend\hosting\artistas\dj-saxo-live-madrid.html",".html","53390","29/04/2026 14:20:03"
"C:\EAR_OS_V2\.firebase\productora-ear-backend\hosting\artistas\dj-saxo-live-majadahonda.html",".html","53543","29/04/2026 14:20:07"
"C:\EAR_OS_V2\.firebase\productora-ear-backend\hosting\artistas\dj-saxo-live-malaga.html",".html","53390","29/04/2026 14:20:04"
"C:\EAR_OS_V2\.firebase\productora-ear-backend\hosting\artistas\dj-saxo-live-mallorca.html",".html","53446","29/04/2026 14:20:04"
"C:\EAR_OS_V2\.firebase\productora-ear-backend\hosting\artistas\dj-saxo-live-marbella.html",".html","53446","29/04/2026 14:20:03"
"C:\EAR_OS_V2\.firebase\productora-ear-backend\hosting\artistas\dj-saxo-live-mostoles.html",".html","53446","29/04/2026 14:20:06"
"C:\EAR_OS_V2\.firebase\productora-ear-backend\hosting\artistas\dj-saxo-live-murcia.html",".html","53390","29/04/2026 14:20:04"
"C:\EAR_OS_V2\.firebase\productora-ear-backend\hosting\artistas\dj-saxo-live-ourense.html",".html","53418","29/04/2026 14:20:06"
"C:\EAR_OS_V2\.firebase\productora-ear-backend\hosting\artistas\dj-saxo-live-oviedo.html",".html","53390","29/04/2026 14:20:04"
"C:\EAR_OS_V2\.firebase\productora-ear-backend\hosting\artistas\dj-saxo-live-palencia.html",".html","53446","29/04/2026 14:20:06"
"C:\EAR_OS_V2\.firebase\productora-ear-backend\hosting\artistas\dj-saxo-live-pamplona.html",".html","53446","29/04/2026 14:20:04"
"C:\EAR_OS_V2\.firebase\productora-ear-backend\hosting\artistas\dj-saxo-live-parla.html",".html","53362","29/04/2026 14:20:06"
"C:\EAR_OS_V2\.firebase\productora-ear-backend\hosting\artistas\dj-saxo-live-pontevedra.html",".html","53515","29/04/2026 14:20:06"
"C:\EAR_OS_V2\.firebase\productora-ear-backend\hosting\artistas\dj-saxo-live-pozuelo-de-alarcon.html",".html","54017","29/04/2026 14:20:06"
"C:\EAR_OS_V2\.firebase\productora-ear-backend\hosting\artistas\dj-saxo-live-rivas-vaciamadrid.html",".html","53862","29/04/2026 14:20:07"
"C:\EAR_OS_V2\.firebase\productora-ear-backend\hosting\artistas\dj-saxo-live-salamanca.html",".html","53487","29/04/2026 14:20:05"
"C:\EAR_OS_V2\.firebase\productora-ear-backend\hosting\artistas\dj-saxo-live-san-sebastian-de-los-reyes.html",".html","54519","29/04/2026 14:20:07"
"C:\EAR_OS_V2\.firebase\productora-ear-backend\hosting\artistas\dj-saxo-live-san-sebastian.html",".html","53750","29/04/2026 14:20:04"
"C:\EAR_OS_V2\.firebase\productora-ear-backend\hosting\artistas\dj-saxo-live-santander.html",".html","53487","29/04/2026 14:20:04"
"C:\EAR_OS_V2\.firebase\productora-ear-backend\hosting\artistas\dj-saxo-live-santiago.html",".html","53446","29/04/2026 14:20:04"
"C:\EAR_OS_V2\.firebase\productora-ear-backend\hosting\artistas\dj-saxo-live-segovia.html",".html","53418","29/04/2026 14:20:05"
"C:\EAR_OS_V2\.firebase\productora-ear-backend\hosting\artistas\dj-saxo-live-sevilla.html",".html","53418","29/04/2026 14:20:04"
"C:\EAR_OS_V2\.firebase\productora-ear-backend\hosting\artistas\dj-saxo-live-soria.html",".html","53362","29/04/2026 14:20:06"
"C:\EAR_OS_V2\.firebase\productora-ear-backend\hosting\artistas\dj-saxo-live-sotogrande.html",".html","53515","29/04/2026 14:20:04"
"C:\EAR_OS_V2\.firebase\productora-ear-backend\hosting\artistas\dj-saxo-live-tarragona.html",".html","53487","29/04/2026 14:20:05"
"C:\EAR_OS_V2\.firebase\productora-ear-backend\hosting\artistas\dj-saxo-live-teruel.html",".html","53390","29/04/2026 14:20:06"
"C:\EAR_OS_V2\.firebase\productora-ear-backend\hosting\artistas\dj-saxo-live-toledo.html",".html","53390","29/04/2026 14:20:04"
"C:\EAR_OS_V2\.firebase\productora-ear-backend\hosting\artistas\dj-saxo-live-torrejon-de-ardoz.html",".html","53989","29/04/2026 14:20:06"
"C:\EAR_OS_V2\.firebase\productora-ear-backend\hosting\artistas\dj-saxo-live-valdemoro.html",".html","53487","29/04/2026 14:20:07"
"C:\EAR_OS_V2\.firebase\productora-ear-backend\hosting\artistas\dj-saxo-live-valencia.html",".html","53446","29/04/2026 14:20:04"
"C:\EAR_OS_V2\.firebase\productora-ear-backend\hosting\artistas\dj-saxo-live-valladolid.html",".html","53515","29/04/2026 14:20:04"
"C:\EAR_OS_V2\.firebase\productora-ear-backend\hosting\artistas\dj-saxo-live-vigo.html",".html","53334","29/04/2026 14:20:04"
"C:\EAR_OS_V2\.firebase\productora-ear-backend\hosting\artistas\dj-saxo-live-zamora.html",".html","53390","29/04/2026 14:20:06"
"C:\EAR_OS_V2\.firebase\productora-ear-backend\hosting\artistas\dj-saxo-live-zaragoza.html",".html","53446","29/04/2026 14:20:04"
"C:\EAR_OS_V2\.firebase\productora-ear-backend\hosting\artistas\mariachis-elite-a-coruna.html",".html","53543","29/04/2026 14:20:07"
"C:\EAR_OS_V2\.firebase\productora-ear-backend\hosting\artistas\mariachis-elite-albacete.html",".html","53403","29/04/2026 14:20:02"
"C:\EAR_OS_V2\.firebase\productora-ear-backend\hosting\artistas\mariachis-elite-alcala-de-henares.html",".html","53946","29/04/2026 14:20:02"
"C:\EAR_OS_V2\.firebase\productora-ear-backend\hosting\artistas\mariachis-elite-alcobendas.html",".html","53459","29/04/2026 14:20:03"
"C:\EAR_OS_V2\.firebase\productora-ear-backend\hosting\artistas\mariachis-elite-alcorcon.html",".html","53403","29/04/2026 14:20:02"
"C:\EAR_OS_V2\.firebase\productora-ear-backend\hosting\artistas\mariachis-elite-alicante.html",".html","53403","29/04/2026 14:20:07"
"C:\EAR_OS_V2\.firebase\productora-ear-backend\hosting\artistas\mariachis-elite-almeria.html",".html","53375","29/04/2026 14:20:07"
"C:\EAR_OS_V2\.firebase\productora-ear-backend\hosting\artistas\mariachis-elite-aranjuez.html",".html","53403","29/04/2026 14:20:03"
"C:\EAR_OS_V2\.firebase\productora-ear-backend\hosting\artistas\mariachis-elite-arganda-del-rey.html",".html","53890","29/04/2026 14:20:03"
"C:\EAR_OS_V2\.firebase\productora-ear-backend\hosting\artistas\mariachis-elite-avila.html",".html","53319","29/04/2026 14:20:07"
"C:\EAR_OS_V2\.firebase\productora-ear-backend\hosting\artistas\mariachis-elite-badajoz.html",".html","53375","29/04/2026 14:20:07"
"C:\EAR_OS_V2\.firebase\productora-ear-backend\hosting\artistas\mariachis-elite-barcelona.html",".html","53431","29/04/2026 14:20:06"
"C:\EAR_OS_V2\.firebase\productora-ear-backend\hosting\artistas\mariachis-elite-bilbao.html",".html","53347","29/04/2026 14:20:07"
"C:\EAR_OS_V2\.firebase\productora-ear-backend\hosting\artistas\mariachis-elite-boadilla-del-monte.html",".html","53974","29/04/2026 14:20:03"
"C:\EAR_OS_V2\.firebase\productora-ear-backend\hosting\artistas\mariachis-elite-burgos.html",".html","53347","29/04/2026 14:20:07"
"C:\EAR_OS_V2\.firebase\productora-ear-backend\hosting\artistas\mariachis-elite-caceres.html",".html","53375","29/04/2026 14:20:07"
"C:\EAR_OS_V2\.firebase\productora-ear-backend\hosting\artistas\mariachis-elite-cadiz.html",".html","53319","29/04/2026 14:20:07"
"C:\EAR_OS_V2\.firebase\productora-ear-backend\hosting\artistas\mariachis-elite-canarias.html",".html","53403","29/04/2026 14:20:07"
"C:\EAR_OS_V2\.firebase\productora-ear-backend\hosting\artistas\mariachis-elite-castellon.html",".html","53431","29/04/2026 14:20:02"
"C:\EAR_OS_V2\.firebase\productora-ear-backend\hosting\artistas\mariachis-elite-ciudad-real.html",".html","53627","29/04/2026 14:20:02"
"C:\EAR_OS_V2\.firebase\productora-ear-backend\hosting\artistas\mariachis-elite-collado-villalba.html",".html","53767","29/04/2026 14:20:03"
"C:\EAR_OS_V2\.firebase\productora-ear-backend\hosting\artistas\mariachis-elite-cordoba.html",".html","53375","29/04/2026 14:20:07"
"C:\EAR_OS_V2\.firebase\productora-ear-backend\hosting\artistas\mariachis-elite-coslada.html",".html","53375","29/04/2026 14:20:03"
"C:\EAR_OS_V2\.firebase\productora-ear-backend\hosting\artistas\mariachis-elite-cuenca.html",".html","53347","29/04/2026 14:20:02"
"C:\EAR_OS_V2\.firebase\productora-ear-backend\hosting\artistas\mariachis-elite-fuenlabrada.html",".html","53487","29/04/2026 14:20:02"
"C:\EAR_OS_V2\.firebase\productora-ear-backend\hosting\artistas\mariachis-elite-getafe.html",".html","53347","29/04/2026 14:20:02"
"C:\EAR_OS_V2\.firebase\productora-ear-backend\hosting\artistas\mariachis-elite-gijon.html",".html","53319","29/04/2026 14:20:07"
"C:\EAR_OS_V2\.firebase\productora-ear-backend\hosting\artistas\mariachis-elite-girona.html",".html","53347","29/04/2026 14:20:02"
"C:\EAR_OS_V2\.firebase\productora-ear-backend\hosting\artistas\mariachis-elite-granada.html",".html","53375","29/04/2026 14:20:07"
"C:\EAR_OS_V2\.firebase\productora-ear-backend\hosting\artistas\mariachis-elite-guadalajara.html",".html","53487","29/04/2026 14:20:02"
"C:\EAR_OS_V2\.firebase\productora-ear-backend\hosting\artistas\mariachis-elite-huelva.html",".html","53347","29/04/2026 14:20:07"
"C:\EAR_OS_V2\.firebase\productora-ear-backend\hosting\artistas\mariachis-elite-huesca.html",".html","53347","29/04/2026 14:20:02"
"C:\EAR_OS_V2\.firebase\productora-ear-backend\hosting\artistas\mariachis-elite-ibiza.html",".html","53319","29/04/2026 14:20:07"
"C:\EAR_OS_V2\.firebase\productora-ear-backend\hosting\artistas\mariachis-elite-jaen.html",".html","53291","29/04/2026 14:20:07"
"C:\EAR_OS_V2\.firebase\productora-ear-backend\hosting\artistas\mariachis-elite-la-moraleja.html",".html","53627","29/04/2026 14:20:07"
"C:\EAR_OS_V2\.firebase\productora-ear-backend\hosting\artistas\mariachis-elite-las-rozas.html",".html","53571","29/04/2026 14:20:03"
"C:\EAR_OS_V2\.firebase\productora-ear-backend\hosting\artistas\mariachis-elite-leganes.html",".html","53375","29/04/2026 14:20:02"
"C:\EAR_OS_V2\.firebase\productora-ear-backend\hosting\artistas\mariachis-elite-leon.html",".html","53291","29/04/2026 14:20:02"
"C:\EAR_OS_V2\.firebase\productora-ear-backend\hosting\artistas\mariachis-elite-lleida.html",".html","53347","29/04/2026 14:20:02"
"C:\EAR_OS_V2\.firebase\productora-ear-backend\hosting\artistas\mariachis-elite-logrono.html",".html","53375","29/04/2026 14:20:07"
"C:\EAR_OS_V2\.firebase\productora-ear-backend\hosting\artistas\mariachis-elite-lugo.html",".html","53291","29/04/2026 14:20:02"
"C:\EAR_OS_V2\.firebase\productora-ear-backend\hosting\artistas\mariachis-elite-madrid.html",".html","53347","29/04/2026 14:20:06"
"C:\EAR_OS_V2\.firebase\productora-ear-backend\hosting\artistas\mariachis-elite-majadahonda.html",".html","53487","29/04/2026 14:20:03"
"C:\EAR_OS_V2\.firebase\productora-ear-backend\hosting\artistas\mariachis-elite-malaga.html",".html","53347","29/04/2026 14:20:07"
"C:\EAR_OS_V2\.firebase\productora-ear-backend\hosting\artistas\mariachis-elite-mallorca.html",".html","53403","29/04/2026 14:20:07"
"C:\EAR_OS_V2\.firebase\productora-ear-backend\hosting\artistas\mariachis-elite-marbella.html",".html","53403","29/04/2026 14:20:07"
"C:\EAR_OS_V2\.firebase\productora-ear-backend\hosting\artistas\mariachis-elite-mostoles.html",".html","53403","29/04/2026 14:20:02"
"C:\EAR_OS_V2\.firebase\productora-ear-backend\hosting\artistas\mariachis-elite-murcia.html",".html","53347","29/04/2026 14:20:07"
"C:\EAR_OS_V2\.firebase\productora-ear-backend\hosting\artistas\mariachis-elite-ourense.html",".html","53375","29/04/2026 14:20:02"
"C:\EAR_OS_V2\.firebase\productora-ear-backend\hosting\artistas\mariachis-elite-oviedo.html",".html","53347","29/04/2026 14:20:07"
"C:\EAR_OS_V2\.firebase\productora-ear-backend\hosting\artistas\mariachis-elite-palencia.html",".html","53403","29/04/2026 14:20:02"
"C:\EAR_OS_V2\.firebase\productora-ear-backend\hosting\artistas\mariachis-elite-pamplona.html",".html","53403","29/04/2026 14:20:07"
"C:\EAR_OS_V2\.firebase\productora-ear-backend\hosting\artistas\mariachis-elite-parla.html",".html","53319","29/04/2026 14:20:02"
"C:\EAR_OS_V2\.firebase\productora-ear-backend\hosting\artistas\mariachis-elite-pontevedra.html",".html","53459","29/04/2026 14:20:02"
"C:\EAR_OS_V2\.firebase\productora-ear-backend\hosting\artistas\mariachis-elite-pozuelo-de-alarcon.html",".html","53974","29/04/2026 14:20:03"
"C:\EAR_OS_V2\.firebase\productora-ear-backend\hosting\artistas\mariachis-elite-rivas-vaciamadrid.html",".html","53795","29/04/2026 14:20:03"
"C:\EAR_OS_V2\.firebase\productora-ear-backend\hosting\artistas\mariachis-elite-salamanca.html",".html","53431","29/04/2026 14:20:07"
"C:\EAR_OS_V2\.firebase\productora-ear-backend\hosting\artistas\mariachis-elite-san-sebastian-de-los-reyes.html",".html","54476","29/04/2026 14:20:03"
"C:\EAR_OS_V2\.firebase\productora-ear-backend\hosting\artistas\mariachis-elite-san-sebastian.html",".html","53683","29/04/2026 14:20:07"
"C:\EAR_OS_V2\.firebase\productora-ear-backend\hosting\artistas\mariachis-elite-santander.html",".html","53431","29/04/2026 14:20:07"
"C:\EAR_OS_V2\.firebase\productora-ear-backend\hosting\artistas\mariachis-elite-santiago.html",".html","53403","29/04/2026 14:20:07"
"C:\EAR_OS_V2\.firebase\productora-ear-backend\hosting\artistas\mariachis-elite-segovia.html",".html","53375","29/04/2026 14:20:07"
"C:\EAR_OS_V2\.firebase\productora-ear-backend\hosting\artistas\mariachis-elite-sevilla.html",".html","53375","29/04/2026 14:20:07"
"C:\EAR_OS_V2\.firebase\productora-ear-backend\hosting\artistas\mariachis-elite-soria.html",".html","53319","29/04/2026 14:20:02"
"C:\EAR_OS_V2\.firebase\productora-ear-backend\hosting\artistas\mariachis-elite-sotogrande.html",".html","53459","29/04/2026 14:20:07"
"C:\EAR_OS_V2\.firebase\productora-ear-backend\hosting\artistas\mariachis-elite-tarragona.html",".html","53431","29/04/2026 14:20:02"
"C:\EAR_OS_V2\.firebase\productora-ear-backend\hosting\artistas\mariachis-elite-teruel.html",".html","53347","29/04/2026 14:20:02"
"C:\EAR_OS_V2\.firebase\productora-ear-backend\hosting\artistas\mariachis-elite-toledo.html",".html","53347","29/04/2026 14:20:07"
"C:\EAR_OS_V2\.firebase\productora-ear-backend\hosting\artistas\mariachis-elite-torrejon-de-ardoz.html",".html","53946","29/04/2026 14:20:03"
"C:\EAR_OS_V2\.firebase\productora-ear-backend\hosting\artistas\mariachis-elite-valdemoro.html",".html","53431","29/04/2026 14:20:03"
"C:\EAR_OS_V2\.firebase\productora-ear-backend\hosting\artistas\mariachis-elite-valencia.html",".html","53403","29/04/2026 14:20:07"
"C:\EAR_OS_V2\.firebase\productora-ear-backend\hosting\artistas\mariachis-elite-valladolid.html",".html","53459","29/04/2026 14:20:07"
"C:\EAR_OS_V2\.firebase\productora-ear-backend\hosting\artistas\mariachis-elite-vigo.html",".html","53291","29/04/2026 14:20:07"
"C:\EAR_OS_V2\.firebase\productora-ear-backend\hosting\artistas\mariachis-elite-zamora.html",".html","53347","29/04/2026 14:20:02"
"C:\EAR_OS_V2\.firebase\productora-ear-backend\hosting\artistas\mariachis-elite-zaragoza.html",".html","53403","29/04/2026 14:20:07"
"C:\EAR_OS_V2\.firebase\productora-ear-backend\hosting\asturias\configurador-bespoke.html",".html","31783","29/04/2026 14:20:05"
"C:\EAR_OS_V2\.firebase\productora-ear-backend\hosting\asturias\dj-premium.html",".html","33420","29/04/2026 14:20:05"
"C:\EAR_OS_V2\.firebase\productora-ear-backend\hosting\asturias\iluminacion-espectacular.html",".html","31261","29/04/2026 14:20:04"
"C:\EAR_OS_V2\.firebase\productora-ear-backend\hosting\asturias\innovacion-social.html",".html","32909","29/04/2026 14:20:04"
"C:\EAR_OS_V2\.firebase\productora-ear-backend\hosting\asturias\produccion-audiovisual.html",".html","31261","29/04/2026 14:20:05"
"C:\EAR_OS_V2\.firebase\productora-ear-backend\hosting\asturias\sonorizacion-eventos.html",".html","31195","29/04/2026 14:20:04"
"C:\EAR_OS_V2\.firebase\productora-ear-backend\hosting\avila\configurador-bespoke.html",".html","31717","29/04/2026 14:20:05"
"C:\EAR_OS_V2\.firebase\productora-ear-backend\hosting\avila\dj-premium.html",".html","33348","29/04/2026 14:20:05"
"C:\EAR_OS_V2\.firebase\productora-ear-backend\hosting\avila\iluminacion-espectacular.html",".html","31195","29/04/2026 14:20:05"
"C:\EAR_OS_V2\.firebase\productora-ear-backend\hosting\avila\innovacion-social.html",".html","32837","29/04/2026 14:20:05"
"C:\EAR_OS_V2\.firebase\productora-ear-backend\hosting\avila\produccion-audiovisual.html",".html","31195","29/04/2026 14:20:05"
"C:\EAR_OS_V2\.firebase\productora-ear-backend\hosting\avila\sonorizacion-eventos.html",".html","31129","29/04/2026 14:20:05"
"C:\EAR_OS_V2\.firebase\productora-ear-backend\hosting\badajoz\configurador-bespoke.html",".html","31761","29/04/2026 14:20:05"
"C:\EAR_OS_V2\.firebase\productora-ear-backend\hosting\badajoz\dj-premium.html",".html","33396","29/04/2026 14:20:05"
"C:\EAR_OS_V2\.firebase\productora-ear-backend\hosting\badajoz\iluminacion-espectacular.html",".html","31239","29/04/2026 14:20:05"
"C:\EAR_OS_V2\.firebase\productora-ear-backend\hosting\badajoz\innovacion-social.html",".html","32885","29/04/2026 14:20:05"
"C:\EAR_OS_V2\.firebase\productora-ear-backend\hosting\badajoz\produccion-audiovisual.html",".html","31239","29/04/2026 14:20:05"
"C:\EAR_OS_V2\.firebase\productora-ear-backend\hosting\badajoz\sonorizacion-eventos.html",".html","31173","29/04/2026 14:20:05"
"C:\EAR_OS_V2\.firebase\productora-ear-backend\hosting\baleares\configurador-bespoke.html",".html","31783","29/04/2026 14:20:05"
"C:\EAR_OS_V2\.firebase\productora-ear-backend\hosting\baleares\dj-premium.html",".html","33420","29/04/2026 14:20:05"
"C:\EAR_OS_V2\.firebase\productora-ear-backend\hosting\baleares\iluminacion-espectacular.html",".html","31261","29/04/2026 14:20:05"
"C:\EAR_OS_V2\.firebase\productora-ear-backend\hosting\baleares\innovacion-social.html",".html","32909","29/04/2026 14:20:05"
"C:\EAR_OS_V2\.firebase\productora-ear-backend\hosting\baleares\produccion-audiovisual.html",".html","31261","29/04/2026 14:20:05"
"C:\EAR_OS_V2\.firebase\productora-ear-backend\hosting\baleares\sonorizacion-eventos.html",".html","31195","29/04/2026 14:20:05"
"C:\EAR_OS_V2\.firebase\productora-ear-backend\hosting\barcelona\configurador-bespoke.html",".html","31805","29/04/2026 14:20:05"
"C:\EAR_OS_V2\.firebase\productora-ear-backend\hosting\barcelona\dj-premium.html",".html","33444","29/04/2026 14:20:05"
"C:\EAR_OS_V2\.firebase\productora-ear-backend\hosting\barcelona\iluminacion-espectacular.html",".html","31283","29/04/2026 14:20:05"
"C:\EAR_OS_V2\.firebase\productora-ear-backend\hosting\barcelona\innovacion-social.html",".html","32933","29/04/2026 14:20:05"
"C:\EAR_OS_V2\.firebase\productora-ear-backend\hosting\barcelona\produccion-audiovisual.html",".html","31283","29/04/2026 14:20:05"
"C:\EAR_OS_V2\.firebase\productora-ear-backend\hosting\barcelona\sonorizacion-eventos.html",".html","31217","29/04/2026 14:20:05"
"C:\EAR_OS_V2\.firebase\productora-ear-backend\hosting\burgos\configurador-bespoke.html",".html","31739","29/04/2026 14:20:06"
"C:\EAR_OS_V2\.firebase\productora-ear-backend\hosting\burgos\dj-premium.html",".html","33372","29/04/2026 14:20:05"
"C:\EAR_OS_V2\.firebase\productora-ear-backend\hosting\burgos\iluminacion-espectacular.html",".html","31217","29/04/2026 14:20:05"
"C:\EAR_OS_V2\.firebase\productora-ear-backend\hosting\burgos\innovacion-social.html",".html","32861","29/04/2026 14:20:05"
"C:\EAR_OS_V2\.firebase\productora-ear-backend\hosting\burgos\produccion-audiovisual.html",".html","31217","29/04/2026 14:20:05"
"C:\EAR_OS_V2\.firebase\productora-ear-backend\hosting\burgos\sonorizacion-eventos.html",".html","31151","29/04/2026 14:20:05"
"C:\EAR_OS_V2\.firebase\productora-ear-backend\hosting\caceres\configurador-bespoke.html",".html","31761","29/04/2026 14:20:06"
"C:\EAR_OS_V2\.firebase\productora-ear-backend\hosting\caceres\dj-premium.html",".html","33396","29/04/2026 14:20:06"
"C:\EAR_OS_V2\.firebase\productora-ear-backend\hosting\caceres\iluminacion-espectacular.html",".html","31239","29/04/2026 14:20:06"
"C:\EAR_OS_V2\.firebase\productora-ear-backend\hosting\caceres\innovacion-social.html",".html","32885","29/04/2026 14:20:06"
"C:\EAR_OS_V2\.firebase\productora-ear-backend\hosting\caceres\produccion-audiovisual.html",".html","31239","29/04/2026 14:20:06"
"C:\EAR_OS_V2\.firebase\productora-ear-backend\hosting\caceres\sonorizacion-eventos.html",".html","31173","29/04/2026 14:20:06"
"C:\EAR_OS_V2\.firebase\productora-ear-backend\hosting\cadiz\configurador-bespoke.html",".html","31717","29/04/2026 14:20:06"
"C:\EAR_OS_V2\.firebase\productora-ear-backend\hosting\cadiz\dj-premium.html",".html","33348","29/04/2026 14:20:06"
"C:\EAR_OS_V2\.firebase\productora-ear-backend\hosting\cadiz\iluminacion-espectacular.html",".html","31195","29/04/2026 14:20:06"
"C:\EAR_OS_V2\.firebase\productora-ear-backend\hosting\cadiz\innovacion-social.html",".html","32837","29/04/2026 14:20:06"
"C:\EAR_OS_V2\.firebase\productora-ear-backend\hosting\cadiz\produccion-audiovisual.html",".html","31195","29/04/2026 14:20:06"
"C:\EAR_OS_V2\.firebase\productora-ear-backend\hosting\cadiz\sonorizacion-eventos.html",".html","31129","29/04/2026 14:20:06"
"C:\EAR_OS_V2\.firebase\productora-ear-backend\hosting\cantabria\configurador-bespoke.html",".html","31805","29/04/2026 14:20:06"
"C:\EAR_OS_V2\.firebase\productora-ear-backend\hosting\cantabria\dj-premium.html",".html","33444","29/04/2026 14:20:06"
"C:\EAR_OS_V2\.firebase\productora-ear-backend\hosting\cantabria\iluminacion-espectacular.html",".html","31283","29/04/2026 14:20:06"
"C:\EAR_OS_V2\.firebase\productora-ear-backend\hosting\cantabria\innovacion-social.html",".html","32933","29/04/2026 14:20:06"
"C:\EAR_OS_V2\.firebase\productora-ear-backend\hosting\cantabria\produccion-audiovisual.html",".html","31283","29/04/2026 14:20:06"
"C:\EAR_OS_V2\.firebase\productora-ear-backend\hosting\cantabria\sonorizacion-eventos.html",".html","31217","29/04/2026 14:20:06"
"C:\EAR_OS_V2\.firebase\productora-ear-backend\hosting\castellon\configurador-bespoke.html",".html","31805","29/04/2026 14:20:07"
"C:\EAR_OS_V2\.firebase\productora-ear-backend\hosting\castellon\dj-premium.html",".html","33444","29/04/2026 14:20:06"
"C:\EAR_OS_V2\.firebase\productora-ear-backend\hosting\castellon\iluminacion-espectacular.html",".html","31283","29/04/2026 14:20:06"
"C:\EAR_OS_V2\.firebase\productora-ear-backend\hosting\castellon\innovacion-social.html",".html","32933","29/04/2026 14:20:06"
"C:\EAR_OS_V2\.firebase\productora-ear-backend\hosting\castellon\produccion-audiovisual.html",".html","31283","29/04/2026 14:20:06"
"C:\EAR_OS_V2\.firebase\productora-ear-backend\hosting\castellon\sonorizacion-eventos.html",".html","31217","29/04/2026 14:20:06"
"C:\EAR_OS_V2\.firebase\productora-ear-backend\hosting\ceuta\configurador-bespoke.html",".html","31717","29/04/2026 14:20:04"
"C:\EAR_OS_V2\.firebase\productora-ear-backend\hosting\ceuta\dj-premium.html",".html","33348","29/04/2026 14:20:03"
"C:\EAR_OS_V2\.firebase\productora-ear-backend\hosting\ceuta\iluminacion-espectacular.html",".html","31195","29/04/2026 14:20:03"
"C:\EAR_OS_V2\.firebase\productora-ear-backend\hosting\ceuta\innovacion-social.html",".html","32837","29/04/2026 14:20:03"
"C:\EAR_OS_V2\.firebase\productora-ear-backend\hosting\ceuta\produccion-audiovisual.html",".html","31195","29/04/2026 14:20:03"
"C:\EAR_OS_V2\.firebase\productora-ear-backend\hosting\ceuta\sonorizacion-eventos.html",".html","31129","29/04/2026 14:20:03"
"C:\EAR_OS_V2\.firebase\productora-ear-backend\hosting\ciudad-real\configurador-bespoke.html",".html","31849","29/04/2026 14:20:07"
"C:\EAR_OS_V2\.firebase\productora-ear-backend\hosting\ciudad-real\dj-premium.html",".html","33492","29/04/2026 14:20:07"
"C:\EAR_OS_V2\.firebase\productora-ear-backend\hosting\ciudad-real\iluminacion-espectacular.html",".html","31327","29/04/2026 14:20:07"
"C:\EAR_OS_V2\.firebase\productora-ear-backend\hosting\ciudad-real\innovacion-social.html",".html","32981","29/04/2026 14:20:07"
"C:\EAR_OS_V2\.firebase\productora-ear-backend\hosting\ciudad-real\produccion-audiovisual.html",".html","31327","29/04/2026 14:20:07"
"C:\EAR_OS_V2\.firebase\productora-ear-backend\hosting\ciudad-real\sonorizacion-eventos.html",".html","31261","29/04/2026 14:20:07"
"C:\EAR_OS_V2\.firebase\productora-ear-backend\hosting\cordoba\configurador-bespoke.html",".html","31761","29/04/2026 14:20:01"
"C:\EAR_OS_V2\.firebase\productora-ear-backend\hosting\cordoba\dj-premium.html",".html","33396","29/04/2026 14:20:07"
"C:\EAR_OS_V2\.firebase\productora-ear-backend\hosting\cordoba\iluminacion-espectacular.html",".html","31239","29/04/2026 14:20:07"
"C:\EAR_OS_V2\.firebase\productora-ear-backend\hosting\cordoba\innovacion-social.html",".html","32885","29/04/2026 14:20:07"
"C:\EAR_OS_V2\.firebase\productora-ear-backend\hosting\cordoba\produccion-audiovisual.html",".html","31239","29/04/2026 14:20:07"
"C:\EAR_OS_V2\.firebase\productora-ear-backend\hosting\cordoba\sonorizacion-eventos.html",".html","31173","29/04/2026 14:20:07"
"C:\EAR_OS_V2\.firebase\productora-ear-backend\hosting\cuenca\configurador-bespoke.html",".html","31739","29/04/2026 14:20:02"
"C:\EAR_OS_V2\.firebase\productora-ear-backend\hosting\cuenca\dj-premium.html",".html","33372","29/04/2026 14:20:02"
"C:\EAR_OS_V2\.firebase\productora-ear-backend\hosting\cuenca\iluminacion-espectacular.html",".html","31217","29/04/2026 14:20:02"
"C:\EAR_OS_V2\.firebase\productora-ear-backend\hosting\cuenca\innovacion-social.html",".html","32861","29/04/2026 14:20:01"
"C:\EAR_OS_V2\.firebase\productora-ear-backend\hosting\cuenca\produccion-audiovisual.html",".html","31217","29/04/2026 14:20:02"
"C:\EAR_OS_V2\.firebase\productora-ear-backend\hosting\cuenca\sonorizacion-eventos.html",".html","31151","29/04/2026 14:20:01"
"C:\EAR_OS_V2\.firebase\productora-ear-backend\hosting\data\urls_sitemap.json",".json","142992","21/03/2026 12:28:50"
"C:\EAR_OS_V2\.firebase\productora-ear-backend\hosting\gerona\configurador-bespoke.html",".html","31739","29/04/2026 14:20:02"
"C:\EAR_OS_V2\.firebase\productora-ear-backend\hosting\gerona\dj-premium.html",".html","33372","29/04/2026 14:20:02"
"C:\EAR_OS_V2\.firebase\productora-ear-backend\hosting\gerona\iluminacion-espectacular.html",".html","31217","29/04/2026 14:20:02"
"C:\EAR_OS_V2\.firebase\productora-ear-backend\hosting\gerona\innovacion-social.html",".html","32861","29/04/2026 14:20:02"
"C:\EAR_OS_V2\.firebase\productora-ear-backend\hosting\gerona\produccion-audiovisual.html",".html","31217","29/04/2026 14:20:02"
"C:\EAR_OS_V2\.firebase\productora-ear-backend\hosting\gerona\sonorizacion-eventos.html",".html","31151","29/04/2026 14:20:01"
"C:\EAR_OS_V2\.firebase\productora-ear-backend\hosting\granada\configurador-bespoke.html",".html","31761","29/04/2026 14:20:02"
"C:\EAR_OS_V2\.firebase\productora-ear-backend\hosting\granada\dj-premium.html",".html","33396","29/04/2026 14:20:02"
"C:\EAR_OS_V2\.firebase\productora-ear-backend\hosting\granada\iluminacion-espectacular.html",".html","31239","29/04/2026 14:20:02"
"C:\EAR_OS_V2\.firebase\productora-ear-backend\hosting\granada\innovacion-social.html",".html","32885","29/04/2026 14:20:02"
"C:\EAR_OS_V2\.firebase\productora-ear-backend\hosting\granada\produccion-audiovisual.html",".html","31239","29/04/2026 14:20:02"
"C:\EAR_OS_V2\.firebase\productora-ear-backend\hosting\granada\sonorizacion-eventos.html",".html","31173","29/04/2026 14:20:02"
"C:\EAR_OS_V2\.firebase\productora-ear-backend\hosting\guadalajara\configurador-bespoke.html",".html","31849","29/04/2026 14:20:03"
"C:\EAR_OS_V2\.firebase\productora-ear-backend\hosting\guadalajara\dj-premium.html",".html","33492","29/04/2026 14:20:02"
"C:\EAR_OS_V2\.firebase\productora-ear-backend\hosting\guadalajara\iluminacion-espectacular.html",".html","31327","29/04/2026 14:20:02"
"C:\EAR_OS_V2\.firebase\productora-ear-backend\hosting\guadalajara\innovacion-social.html",".html","32981","29/04/2026 14:20:02"
"C:\EAR_OS_V2\.firebase\productora-ear-backend\hosting\guadalajara\produccion-audiovisual.html",".html","31327","29/04/2026 14:20:02"
"C:\EAR_OS_V2\.firebase\productora-ear-backend\hosting\guadalajara\sonorizacion-eventos.html",".html","31261","29/04/2026 14:20:02"
"C:\EAR_OS_V2\.firebase\productora-ear-backend\hosting\guipuzcoa\configurador-bespoke.html",".html","31805","29/04/2026 14:20:03"
"C:\EAR_OS_V2\.firebase\productora-ear-backend\hosting\guipuzcoa\dj-premium.html",".html","33444","29/04/2026 14:20:03"
"C:\EAR_OS_V2\.firebase\productora-ear-backend\hosting\guipuzcoa\iluminacion-espectacular.html",".html","31283","29/04/2026 14:20:03"
"C:\EAR_OS_V2\.firebase\productora-ear-backend\hosting\guipuzcoa\innovacion-social.html",".html","32933","29/04/2026 14:20:03"
"C:\EAR_OS_V2\.firebase\productora-ear-backend\hosting\guipuzcoa\produccion-audiovisual.html",".html","31283","29/04/2026 14:20:03"
"C:\EAR_OS_V2\.firebase\productora-ear-backend\hosting\guipuzcoa\sonorizacion-eventos.html",".html","31217","29/04/2026 14:20:03"
"C:\EAR_OS_V2\.firebase\productora-ear-backend\hosting\huelva\configurador-bespoke.html",".html","31739","29/04/2026 14:20:03"
"C:\EAR_OS_V2\.firebase\productora-ear-backend\hosting\huelva\dj-premium.html",".html","33372","29/04/2026 14:20:03"
"C:\EAR_OS_V2\.firebase\productora-ear-backend\hosting\huelva\iluminacion-espectacular.html",".html","31217","29/04/2026 14:20:03"
"C:\EAR_OS_V2\.firebase\productora-ear-backend\hosting\huelva\innovacion-social.html",".html","32861","29/04/2026 14:20:03"
"C:\EAR_OS_V2\.firebase\productora-ear-backend\hosting\huelva\produccion-audiovisual.html",".html","31217","29/04/2026 14:20:03"
"C:\EAR_OS_V2\.firebase\productora-ear-backend\hosting\huelva\sonorizacion-eventos.html",".html","31151","29/04/2026 14:20:03"
"C:\EAR_OS_V2\.firebase\productora-ear-backend\hosting\huesca\configurador-bespoke.html",".html","31739","29/04/2026 14:20:03"
"C:\EAR_OS_V2\.firebase\productora-ear-backend\hosting\huesca\dj-premium.html",".html","33372","29/04/2026 14:20:03"
"C:\EAR_OS_V2\.firebase\productora-ear-backend\hosting\huesca\iluminacion-espectacular.html",".html","31217","29/04/2026 14:20:03"
"C:\EAR_OS_V2\.firebase\productora-ear-backend\hosting\huesca\innovacion-social.html",".html","32861","29/04/2026 14:20:03"
"C:\EAR_OS_V2\.firebase\productora-ear-backend\hosting\huesca\produccion-audiovisual.html",".html","31217","29/04/2026 14:20:03"
"C:\EAR_OS_V2\.firebase\productora-ear-backend\hosting\huesca\sonorizacion-eventos.html",".html","31151","29/04/2026 14:20:03"
"C:\EAR_OS_V2\.firebase\productora-ear-backend\hosting\jaen\configurador-bespoke.html",".html","31695","29/04/2026 14:20:04"
"C:\EAR_OS_V2\.firebase\productora-ear-backend\hosting\jaen\dj-premium.html",".html","33324","29/04/2026 14:20:03"
"C:\EAR_OS_V2\.firebase\productora-ear-backend\hosting\jaen\iluminacion-espectacular.html",".html","31173","29/04/2026 14:20:03"
"C:\EAR_OS_V2\.firebase\productora-ear-backend\hosting\jaen\innovacion-social.html",".html","32813","29/04/2026 14:20:03"
"C:\EAR_OS_V2\.firebase\productora-ear-backend\hosting\jaen\produccion-audiovisual.html",".html","31173","29/04/2026 14:20:03"
"C:\EAR_OS_V2\.firebase\productora-ear-backend\hosting\jaen\sonorizacion-eventos.html",".html","31107","29/04/2026 14:20:03"
"C:\EAR_OS_V2\.firebase\productora-ear-backend\hosting\la-rioja\configurador-bespoke.html",".html","31783","29/04/2026 14:20:06"
"C:\EAR_OS_V2\.firebase\productora-ear-backend\hosting\la-rioja\dj-premium.html",".html","33420","29/04/2026 14:20:06"
"C:\EAR_OS_V2\.firebase\productora-ear-backend\hosting\la-rioja\iluminacion-espectacular.html",".html","31261","29/04/2026 14:20:06"
"C:\EAR_OS_V2\.firebase\productora-ear-backend\hosting\la-rioja\innovacion-social.html",".html","32909","29/04/2026 14:20:06"
"C:\EAR_OS_V2\.firebase\productora-ear-backend\hosting\la-rioja\produccion-audiovisual.html",".html","31261","29/04/2026 14:20:06"
"C:\EAR_OS_V2\.firebase\productora-ear-backend\hosting\la-rioja\sonorizacion-eventos.html",".html","31195","29/04/2026 14:20:06"
"C:\EAR_OS_V2\.firebase\productora-ear-backend\hosting\las-palmas\configurador-bespoke.html",".html","31827","29/04/2026 14:20:06"
"C:\EAR_OS_V2\.firebase\productora-ear-backend\hosting\las-palmas\dj-premium.html",".html","33468","29/04/2026 14:20:06"
"C:\EAR_OS_V2\.firebase\productora-ear-backend\hosting\las-palmas\iluminacion-espectacular.html",".html","31305","29/04/2026 14:20:06"
"C:\EAR_OS_V2\.firebase\productora-ear-backend\hosting\las-palmas\innovacion-social.html",".html","32957","29/04/2026 14:20:06"
"C:\EAR_OS_V2\.firebase\productora-ear-backend\hosting\las-palmas\produccion-audiovisual.html",".html","31305","29/04/2026 14:20:06"
"C:\EAR_OS_V2\.firebase\productora-ear-backend\hosting\las-palmas\sonorizacion-eventos.html",".html","31239","29/04/2026 14:20:05"
"C:\EAR_OS_V2\.firebase\productora-ear-backend\hosting\leon\configurador-bespoke.html",".html","31695","29/04/2026 14:20:04"
"C:\EAR_OS_V2\.firebase\productora-ear-backend\hosting\leon\dj-premium.html",".html","33324","29/04/2026 14:20:04"
"C:\EAR_OS_V2\.firebase\productora-ear-backend\hosting\leon\iluminacion-espectacular.html",".html","31173","29/04/2026 14:20:04"
"C:\EAR_OS_V2\.firebase\productora-ear-backend\hosting\leon\innovacion-social.html",".html","32813","29/04/2026 14:20:04"
"C:\EAR_OS_V2\.firebase\productora-ear-backend\hosting\leon\produccion-audiovisual.html",".html","31173","29/04/2026 14:20:04"
"C:\EAR_OS_V2\.firebase\productora-ear-backend\hosting\leon\sonorizacion-eventos.html",".html","31107","29/04/2026 14:20:04"
"C:\EAR_OS_V2\.firebase\productora-ear-backend\hosting\lerida\configurador-bespoke.html",".html","31739","29/04/2026 14:20:04"
"C:\EAR_OS_V2\.firebase\productora-ear-backend\hosting\lerida\dj-premium.html",".html","33372","29/04/2026 14:20:04"
"C:\EAR_OS_V2\.firebase\productora-ear-backend\hosting\lerida\iluminacion-espectacular.html",".html","31217","29/04/2026 14:20:04"
"C:\EAR_OS_V2\.firebase\productora-ear-backend\hosting\lerida\innovacion-social.html",".html","32861","29/04/2026 14:20:04"
"C:\EAR_OS_V2\.firebase\productora-ear-backend\hosting\lerida\produccion-audiovisual.html",".html","31217","29/04/2026 14:20:04"
"C:\EAR_OS_V2\.firebase\productora-ear-backend\hosting\lerida\sonorizacion-eventos.html",".html","31151","29/04/2026 14:20:04"
"C:\EAR_OS_V2\.firebase\productora-ear-backend\hosting\lugo\configurador-bespoke.html",".html","31695","29/04/2026 14:20:04"
"C:\EAR_OS_V2\.firebase\productora-ear-backend\hosting\lugo\dj-premium.html",".html","33324","29/04/2026 14:20:04"
"C:\EAR_OS_V2\.firebase\productora-ear-backend\hosting\lugo\iluminacion-espectacular.html",".html","31173","29/04/2026 14:20:04"
"C:\EAR_OS_V2\.firebase\productora-ear-backend\hosting\lugo\innovacion-social.html",".html","32813","29/04/2026 14:20:04"
"C:\EAR_OS_V2\.firebase\productora-ear-backend\hosting\lugo\produccion-audiovisual.html",".html","31173","29/04/2026 14:20:04"
"C:\EAR_OS_V2\.firebase\productora-ear-backend\hosting\lugo\sonorizacion-eventos.html",".html","31107","29/04/2026 14:20:04"
"C:\EAR_OS_V2\.firebase\productora-ear-backend\hosting\madrid\configurador-bespoke.html",".html","31739","29/04/2026 14:20:05"
"C:\EAR_OS_V2\.firebase\productora-ear-backend\hosting\madrid\dj-premium.html",".html","33372","29/04/2026 14:20:04"
"C:\EAR_OS_V2\.firebase\productora-ear-backend\hosting\madrid\iluminacion-espectacular.html",".html","31217","29/04/2026 14:20:04"
"C:\EAR_OS_V2\.firebase\productora-ear-backend\hosting\madrid\innovacion-social.html",".html","32861","29/04/2026 14:20:04"
"C:\EAR_OS_V2\.firebase\productora-ear-backend\hosting\madrid\produccion-audiovisual.html",".html","31217","29/04/2026 14:20:04"
"C:\EAR_OS_V2\.firebase\productora-ear-backend\hosting\madrid\sonorizacion-eventos.html",".html","31151","29/04/2026 14:20:04"
"C:\EAR_OS_V2\.firebase\productora-ear-backend\hosting\malaga\configurador-bespoke.html",".html","31739","29/04/2026 14:20:05"
"C:\EAR_OS_V2\.firebase\productora-ear-backend\hosting\malaga\dj-premium.html",".html","33372","29/04/2026 14:20:05"
"C:\EAR_OS_V2\.firebase\productora-ear-backend\hosting\malaga\iluminacion-espectacular.html",".html","31217","29/04/2026 14:20:05"
"C:\EAR_OS_V2\.firebase\productora-ear-backend\hosting\malaga\innovacion-social.html",".html","32861","29/04/2026 14:20:05"
"C:\EAR_OS_V2\.firebase\productora-ear-backend\hosting\malaga\produccion-audiovisual.html",".html","31217","29/04/2026 14:20:05"
"C:\EAR_OS_V2\.firebase\productora-ear-backend\hosting\malaga\sonorizacion-eventos.html",".html","31151","29/04/2026 14:20:04"
"C:\EAR_OS_V2\.firebase\productora-ear-backend\hosting\melilla\configurador-bespoke.html",".html","31761","29/04/2026 14:20:04"
"C:\EAR_OS_V2\.firebase\productora-ear-backend\hosting\melilla\dj-premium.html",".html","33396","29/04/2026 14:20:04"
"C:\EAR_OS_V2\.firebase\productora-ear-backend\hosting\melilla\iluminacion-espectacular.html",".html","31239","29/04/2026 14:20:04"
"C:\EAR_OS_V2\.firebase\productora-ear-backend\hosting\melilla\innovacion-social.html",".html","32885","29/04/2026 14:20:04"
"C:\EAR_OS_V2\.firebase\productora-ear-backend\hosting\melilla\produccion-audiovisual.html",".html","31239","29/04/2026 14:20:04"
"C:\EAR_OS_V2\.firebase\productora-ear-backend\hosting\melilla\sonorizacion-eventos.html",".html","31173","29/04/2026 14:20:04"
"C:\EAR_OS_V2\.firebase\productora-ear-backend\hosting\murcia\configurador-bespoke.html",".html","31739","29/04/2026 14:20:05"
"C:\EAR_OS_V2\.firebase\productora-ear-backend\hosting\murcia\dj-premium.html",".html","33372","29/04/2026 14:20:05"
"C:\EAR_OS_V2\.firebase\productora-ear-backend\hosting\murcia\iluminacion-espectacular.html",".html","31217","29/04/2026 14:20:05"
"C:\EAR_OS_V2\.firebase\productora-ear-backend\hosting\murcia\innovacion-social.html",".html","32861","29/04/2026 14:20:05"
"C:\EAR_OS_V2\.firebase\productora-ear-backend\hosting\murcia\produccion-audiovisual.html",".html","31217","29/04/2026 14:20:05"
"C:\EAR_OS_V2\.firebase\productora-ear-backend\hosting\murcia\sonorizacion-eventos.html",".html","31151","29/04/2026 14:20:05"
"C:\EAR_OS_V2\.firebase\productora-ear-backend\hosting\navarra\configurador-bespoke.html",".html","31761","29/04/2026 14:20:05"
"C:\EAR_OS_V2\.firebase\productora-ear-backend\hosting\navarra\dj-premium.html",".html","33396","29/04/2026 14:20:05"
"C:\EAR_OS_V2\.firebase\productora-ear-backend\hosting\navarra\iluminacion-espectacular.html",".html","31239","29/04/2026 14:20:05"
"C:\EAR_OS_V2\.firebase\productora-ear-backend\hosting\navarra\innovacion-social.html",".html","32885","29/04/2026 14:20:05"
"C:\EAR_OS_V2\.firebase\productora-ear-backend\hosting\navarra\produccion-audiovisual.html",".html","31239","29/04/2026 14:20:05"
"C:\EAR_OS_V2\.firebase\productora-ear-backend\hosting\navarra\sonorizacion-eventos.html",".html","31173","29/04/2026 14:20:05"
"C:\EAR_OS_V2\.firebase\productora-ear-backend\hosting\orense\configurador-bespoke.html",".html","31739","29/04/2026 14:20:05"
"C:\EAR_OS_V2\.firebase\productora-ear-backend\hosting\orense\dj-premium.html",".html","33372","29/04/2026 14:20:05"
"C:\EAR_OS_V2\.firebase\productora-ear-backend\hosting\orense\iluminacion-espectacular.html",".html","31217","29/04/2026 14:20:05"
"C:\EAR_OS_V2\.firebase\productora-ear-backend\hosting\orense\innovacion-social.html",".html","32861","29/04/2026 14:20:05"
"C:\EAR_OS_V2\.firebase\productora-ear-backend\hosting\orense\produccion-audiovisual.html",".html","31217","29/04/2026 14:20:05"
"C:\EAR_OS_V2\.firebase\productora-ear-backend\hosting\orense\sonorizacion-eventos.html",".html","31151","29/04/2026 14:20:05"
"C:\EAR_OS_V2\.firebase\productora-ear-backend\hosting\palencia\configurador-bespoke.html",".html","31783","29/04/2026 14:20:05"
"C:\EAR_OS_V2\.firebase\productora-ear-backend\hosting\palencia\dj-premium.html",".html","33420","29/04/2026 14:20:05"
"C:\EAR_OS_V2\.firebase\productora-ear-backend\hosting\palencia\iluminacion-espectacular.html",".html","31261","29/04/2026 14:20:05"
"C:\EAR_OS_V2\.firebase\productora-ear-backend\hosting\palencia\innovacion-social.html",".html","32909","29/04/2026 14:20:05"
"C:\EAR_OS_V2\.firebase\productora-ear-backend\hosting\palencia\produccion-audiovisual.html",".html","31261","29/04/2026 14:20:05"
"C:\EAR_OS_V2\.firebase\productora-ear-backend\hosting\palencia\sonorizacion-eventos.html",".html","31195","29/04/2026 14:20:05"
"C:\EAR_OS_V2\.firebase\productora-ear-backend\hosting\pontevedra\configurador-bespoke.html",".html","31827","29/04/2026 14:20:06"
"C:\EAR_OS_V2\.firebase\productora-ear-backend\hosting\pontevedra\dj-premium.html",".html","33468","29/04/2026 14:20:06"
"C:\EAR_OS_V2\.firebase\productora-ear-backend\hosting\pontevedra\iluminacion-espectacular.html",".html","31305","29/04/2026 14:20:06"
"C:\EAR_OS_V2\.firebase\productora-ear-backend\hosting\pontevedra\innovacion-social.html",".html","32957","29/04/2026 14:20:06"
"C:\EAR_OS_V2\.firebase\productora-ear-backend\hosting\pontevedra\produccion-audiovisual.html",".html","31305","29/04/2026 14:20:06"
"C:\EAR_OS_V2\.firebase\productora-ear-backend\hosting\pontevedra\sonorizacion-eventos.html",".html","31239","29/04/2026 14:20:06"
"C:\EAR_OS_V2\.firebase\productora-ear-backend\hosting\production\aftermovie-eventos-a-coruna.html",".html","53651","29/04/2026 14:20:04"
"C:\EAR_OS_V2\.firebase\productora-ear-backend\hosting\production\aftermovie-eventos-albacete.html",".html","53511","29/04/2026 14:20:05"
"C:\EAR_OS_V2\.firebase\productora-ear-backend\hosting\production\aftermovie-eventos-alcala-de-henares.html",".html","54054","29/04/2026 14:20:05"
"C:\EAR_OS_V2\.firebase\productora-ear-backend\hosting\production\aftermovie-eventos-alcobendas.html",".html","53567","29/04/2026 14:20:05"
"C:\EAR_OS_V2\.firebase\productora-ear-backend\hosting\production\aftermovie-eventos-alcorcon.html",".html","53511","29/04/2026 14:20:05"
"C:\EAR_OS_V2\.firebase\productora-ear-backend\hosting\production\aftermovie-eventos-alicante.html",".html","53511","29/04/2026 14:20:03"
"C:\EAR_OS_V2\.firebase\productora-ear-backend\hosting\production\aftermovie-eventos-almeria.html",".html","53483","29/04/2026 14:20:04"
"C:\EAR_OS_V2\.firebase\productora-ear-backend\hosting\production\aftermovie-eventos-aranjuez.html",".html","53511","29/04/2026 14:20:06"
"C:\EAR_OS_V2\.firebase\productora-ear-backend\hosting\production\aftermovie-eventos-arganda-del-rey.html",".html","53998","29/04/2026 14:20:06"
"C:\EAR_OS_V2\.firebase\productora-ear-backend\hosting\production\aftermovie-eventos-avila.html",".html","53427","29/04/2026 14:20:04"
"C:\EAR_OS_V2\.firebase\productora-ear-backend\hosting\production\aftermovie-eventos-badajoz.html",".html","53483","29/04/2026 14:20:04"
"C:\EAR_OS_V2\.firebase\productora-ear-backend\hosting\production\aftermovie-eventos-barcelona.html",".html","53539","29/04/2026 14:20:03"
"C:\EAR_OS_V2\.firebase\productora-ear-backend\hosting\production\aftermovie-eventos-bilbao.html",".html","53455","29/04/2026 14:20:03"
"C:\EAR_OS_V2\.firebase\productora-ear-backend\hosting\production\aftermovie-eventos-boadilla-del-monte.html",".html","54082","29/04/2026 14:20:06"
"C:\EAR_OS_V2\.firebase\productora-ear-backend\hosting\production\aftermovie-eventos-burgos.html",".html","53455","29/04/2026 14:20:04"
"C:\EAR_OS_V2\.firebase\productora-ear-backend\hosting\production\aftermovie-eventos-caceres.html",".html","53483","29/04/2026 14:20:04"
"C:\EAR_OS_V2\.firebase\productora-ear-backend\hosting\production\aftermovie-eventos-cadiz.html",".html","53427","29/04/2026 14:20:04"
"C:\EAR_OS_V2\.firebase\productora-ear-backend\hosting\production\aftermovie-eventos-canarias.html",".html","53511","29/04/2026 14:20:03"
"C:\EAR_OS_V2\.firebase\productora-ear-backend\hosting\production\aftermovie-eventos-castellon.html",".html","53539","29/04/2026 14:20:04"
"C:\EAR_OS_V2\.firebase\productora-ear-backend\hosting\production\aftermovie-eventos-ciudad-real.html",".html","53735","29/04/2026 14:20:05"
"C:\EAR_OS_V2\.firebase\productora-ear-backend\hosting\production\aftermovie-eventos-collado-villalba.html",".html","53875","29/04/2026 14:20:06"
"C:\EAR_OS_V2\.firebase\productora-ear-backend\hosting\production\aftermovie-eventos-cordoba.html",".html","53483","29/04/2026 14:20:04"
"C:\EAR_OS_V2\.firebase\productora-ear-backend\hosting\production\aftermovie-eventos-coslada.html",".html","53483","29/04/2026 14:20:05"
"C:\EAR_OS_V2\.firebase\productora-ear-backend\hosting\production\aftermovie-eventos-cuenca.html",".html","53455","29/04/2026 14:20:05"
"C:\EAR_OS_V2\.firebase\productora-ear-backend\hosting\production\aftermovie-eventos-fuenlabrada.html",".html","53595","29/04/2026 14:20:05"
"C:\EAR_OS_V2\.firebase\productora-ear-backend\hosting\production\aftermovie-eventos-getafe.html",".html","53455","29/04/2026 14:20:05"
"C:\EAR_OS_V2\.firebase\productora-ear-backend\hosting\production\aftermovie-eventos-gijon.html",".html","53427","29/04/2026 14:20:04"
"C:\EAR_OS_V2\.firebase\productora-ear-backend\hosting\production\aftermovie-eventos-girona.html",".html","53455","29/04/2026 14:20:04"
"C:\EAR_OS_V2\.firebase\productora-ear-backend\hosting\production\aftermovie-eventos-granada.html",".html","53483","29/04/2026 14:20:03"
"C:\EAR_OS_V2\.firebase\productora-ear-backend\hosting\production\aftermovie-eventos-guadalajara.html",".html","53595","29/04/2026 14:20:05"
"C:\EAR_OS_V2\.firebase\productora-ear-backend\hosting\production\aftermovie-eventos-huelva.html",".html","53455","29/04/2026 14:20:04"
"C:\EAR_OS_V2\.firebase\productora-ear-backend\hosting\production\aftermovie-eventos-huesca.html",".html","53455","29/04/2026 14:20:05"
"C:\EAR_OS_V2\.firebase\productora-ear-backend\hosting\production\aftermovie-eventos-ibiza.html",".html","53427","29/04/2026 14:20:03"
"C:\EAR_OS_V2\.firebase\productora-ear-backend\hosting\production\aftermovie-eventos-jaen.html",".html","53399","29/04/2026 14:20:04"
"C:\EAR_OS_V2\.firebase\productora-ear-backend\hosting\production\aftermovie-eventos-la-moraleja.html",".html","53735","29/04/2026 14:20:04"
"C:\EAR_OS_V2\.firebase\productora-ear-backend\hosting\production\aftermovie-eventos-las-rozas.html",".html","53679","29/04/2026 14:20:06"
"C:\EAR_OS_V2\.firebase\productora-ear-backend\hosting\production\aftermovie-eventos-leganes.html",".html","53483","29/04/2026 14:20:05"
"C:\EAR_OS_V2\.firebase\productora-ear-backend\hosting\production\aftermovie-eventos-leon.html",".html","53399","29/04/2026 14:20:05"
"C:\EAR_OS_V2\.firebase\productora-ear-backend\hosting\production\aftermovie-eventos-lleida.html",".html","53455","29/04/2026 14:20:05"
"C:\EAR_OS_V2\.firebase\productora-ear-backend\hosting\production\aftermovie-eventos-logrono.html",".html","53483","29/04/2026 14:20:04"
"C:\EAR_OS_V2\.firebase\productora-ear-backend\hosting\production\aftermovie-eventos-lugo.html",".html","53399","29/04/2026 14:20:05"
"C:\EAR_OS_V2\.firebase\productora-ear-backend\hosting\production\aftermovie-eventos-madrid.html",".html","53455","29/04/2026 14:20:03"
"C:\EAR_OS_V2\.firebase\productora-ear-backend\hosting\production\aftermovie-eventos-majadahonda.html",".html","53595","29/04/2026 14:20:06"
"C:\EAR_OS_V2\.firebase\productora-ear-backend\hosting\production\aftermovie-eventos-malaga.html",".html","53455","29/04/2026 14:20:03"
"C:\EAR_OS_V2\.firebase\productora-ear-backend\hosting\production\aftermovie-eventos-mallorca.html",".html","53511","29/04/2026 14:20:03"
"C:\EAR_OS_V2\.firebase\productora-ear-backend\hosting\production\aftermovie-eventos-marbella.html",".html","53511","29/04/2026 14:20:03"
"C:\EAR_OS_V2\.firebase\productora-ear-backend\hosting\production\aftermovie-eventos-mostoles.html",".html","53511","29/04/2026 14:20:05"
"C:\EAR_OS_V2\.firebase\productora-ear-backend\hosting\production\aftermovie-eventos-murcia.html",".html","53455","29/04/2026 14:20:03"
"C:\EAR_OS_V2\.firebase\productora-ear-backend\hosting\production\aftermovie-eventos-ourense.html",".html","53483","29/04/2026 14:20:05"
"C:\EAR_OS_V2\.firebase\productora-ear-backend\hosting\production\aftermovie-eventos-oviedo.html",".html","53455","29/04/2026 14:20:04"
"C:\EAR_OS_V2\.firebase\productora-ear-backend\hosting\production\aftermovie-eventos-palencia.html",".html","53511","29/04/2026 14:20:05"
"C:\EAR_OS_V2\.firebase\productora-ear-backend\hosting\production\aftermovie-eventos-pamplona.html",".html","53511","29/04/2026 14:20:04"
"C:\EAR_OS_V2\.firebase\productora-ear-backend\hosting\production\aftermovie-eventos-parla.html",".html","53427","29/04/2026 14:20:05"
"C:\EAR_OS_V2\.firebase\productora-ear-backend\hosting\production\aftermovie-eventos-pontevedra.html",".html","53567","29/04/2026 14:20:05"
"C:\EAR_OS_V2\.firebase\productora-ear-backend\hosting\production\aftermovie-eventos-pozuelo-de-alarcon.html",".html","54082","29/04/2026 14:20:06"
"C:\EAR_OS_V2\.firebase\productora-ear-backend\hosting\production\aftermovie-eventos-rivas-vaciamadrid.html",".html","53903","29/04/2026 14:20:06"
"C:\EAR_OS_V2\.firebase\productora-ear-backend\hosting\production\aftermovie-eventos-salamanca.html",".html","53539","29/04/2026 14:20:04"
"C:\EAR_OS_V2\.firebase\productora-ear-backend\hosting\production\aftermovie-eventos-san-sebastian-de-los-reyes.html",".html","54584","29/04/2026 14:20:06"
"C:\EAR_OS_V2\.firebase\productora-ear-backend\hosting\production\aftermovie-eventos-san-sebastian.html",".html","53791","29/04/2026 14:20:03"
"C:\EAR_OS_V2\.firebase\productora-ear-backend\hosting\production\aftermovie-eventos-santander.html",".html","53539","29/04/2026 14:20:04"
"C:\EAR_OS_V2\.firebase\productora-ear-backend\hosting\production\aftermovie-eventos-santiago.html",".html","53511","29/04/2026 14:20:03"
"C:\EAR_OS_V2\.firebase\productora-ear-backend\hosting\production\aftermovie-eventos-segovia.html",".html","53483","29/04/2026 14:20:04"
"C:\EAR_OS_V2\.firebase\productora-ear-backend\hosting\production\aftermovie-eventos-sevilla.html",".html","53483","29/04/2026 14:20:03"
"C:\EAR_OS_V2\.firebase\productora-ear-backend\hosting\production\aftermovie-eventos-soria.html",".html","53427","29/04/2026 14:20:05"
"C:\EAR_OS_V2\.firebase\productora-ear-backend\hosting\production\aftermovie-eventos-sotogrande.html",".html","53567","29/04/2026 14:20:04"
"C:\EAR_OS_V2\.firebase\productora-ear-backend\hosting\production\aftermovie-eventos-tarragona.html",".html","53539","29/04/2026 14:20:04"
"C:\EAR_OS_V2\.firebase\productora-ear-backend\hosting\production\aftermovie-eventos-teruel.html",".html","53455","29/04/2026 14:20:05"
"C:\EAR_OS_V2\.firebase\productora-ear-backend\hosting\production\aftermovie-eventos-toledo.html",".html","53455","29/04/2026 14:20:03"
"C:\EAR_OS_V2\.firebase\productora-ear-backend\hosting\production\aftermovie-eventos-torrejon-de-ardoz.html",".html","54054","29/04/2026 14:20:05"
"C:\EAR_OS_V2\.firebase\productora-ear-backend\hosting\production\aftermovie-eventos-valdemoro.html",".html","53539","29/04/2026 14:20:06"
"C:\EAR_OS_V2\.firebase\productora-ear-backend\hosting\production\aftermovie-eventos-valencia.html",".html","53511","29/04/2026 14:20:03"
"C:\EAR_OS_V2\.firebase\productora-ear-backend\hosting\production\aftermovie-eventos-valladolid.html",".html","53567","29/04/2026 14:20:04"
"C:\EAR_OS_V2\.firebase\productora-ear-backend\hosting\production\aftermovie-eventos-vigo.html",".html","53399","29/04/2026 14:20:04"
"C:\EAR_OS_V2\.firebase\productora-ear-backend\hosting\production\aftermovie-eventos-zamora.html",".html","53455","29/04/2026 14:20:05"
"C:\EAR_OS_V2\.firebase\productora-ear-backend\hosting\production\aftermovie-eventos-zaragoza.html",".html","53511","29/04/2026 14:20:03"
"C:\EAR_OS_V2\.firebase\productora-ear-backend\hosting\production\audio-branding-corporativo-a-coruna.html",".html","54026","29/04/2026 14:20:03"
"C:\EAR_OS_V2\.firebase\productora-ear-backend\hosting\production\audio-branding-corporativo-albacete.html",".html","53875","29/04/2026 14:20:05"
"C:\EAR_OS_V2\.firebase\productora-ear-backend\hosting\production\audio-branding-corporativo-alcala-de-henares.html",".html","54405","29/04/2026 14:20:05"
"C:\EAR_OS_V2\.firebase\productora-ear-backend\hosting\production\audio-branding-corporativo-alcobendas.html",".html","53931","29/04/2026 14:20:05"
"C:\EAR_OS_V2\.firebase\productora-ear-backend\hosting\production\audio-branding-corporativo-alcorcon.html",".html","53875","29/04/2026 14:20:05"
"C:\EAR_OS_V2\.firebase\productora-ear-backend\hosting\production\audio-branding-corporativo-alicante.html",".html","53875","29/04/2026 14:20:03"
"C:\EAR_OS_V2\.firebase\productora-ear-backend\hosting\production\audio-branding-corporativo-almeria.html",".html","53847","29/04/2026 14:20:04"
"C:\EAR_OS_V2\.firebase\productora-ear-backend\hosting\production\audio-branding-corporativo-aranjuez.html",".html","53875","29/04/2026 14:20:06"
"C:\EAR_OS_V2\.firebase\productora-ear-backend\hosting\production\audio-branding-corporativo-arganda-del-rey.html",".html","54349","29/04/2026 14:20:06"
"C:\EAR_OS_V2\.firebase\productora-ear-backend\hosting\production\audio-branding-corporativo-avila.html",".html","53791","29/04/2026 14:20:04"
"C:\EAR_OS_V2\.firebase\productora-ear-backend\hosting\production\audio-branding-corporativo-badajoz.html",".html","53847","29/04/2026 14:20:04"
"C:\EAR_OS_V2\.firebase\productora-ear-backend\hosting\production\audio-branding-corporativo-barcelona.html",".html","53903","29/04/2026 14:20:03"
"C:\EAR_OS_V2\.firebase\productora-ear-backend\hosting\production\audio-branding-corporativo-bilbao.html",".html","53819","29/04/2026 14:20:03"
"C:\EAR_OS_V2\.firebase\productora-ear-backend\hosting\production\audio-branding-corporativo-boadilla-del-monte.html",".html","54433","29/04/2026 14:20:06"
"C:\EAR_OS_V2\.firebase\productora-ear-backend\hosting\production\audio-branding-corporativo-burgos.html",".html","53819","29/04/2026 14:20:04"
"C:\EAR_OS_V2\.firebase\productora-ear-backend\hosting\production\audio-branding-corporativo-caceres.html",".html","53847","29/04/2026 14:20:04"
"C:\EAR_OS_V2\.firebase\productora-ear-backend\hosting\production\audio-branding-corporativo-cadiz.html",".html","53791","29/04/2026 14:20:04"
"C:\EAR_OS_V2\.firebase\productora-ear-backend\hosting\production\audio-branding-corporativo-canarias.html",".html","53875","29/04/2026 14:20:03"
"C:\EAR_OS_V2\.firebase\productora-ear-backend\hosting\production\audio-branding-corporativo-castellon.html",".html","53903","29/04/2026 14:20:04"
"C:\EAR_OS_V2\.firebase\productora-ear-backend\hosting\production\audio-branding-corporativo-ciudad-real.html",".html","54110","29/04/2026 14:20:05"
"C:\EAR_OS_V2\.firebase\productora-ear-backend\hosting\production\audio-branding-corporativo-collado-villalba.html",".html","54250","29/04/2026 14:20:06"
"C:\EAR_OS_V2\.firebase\productora-ear-backend\hosting\production\audio-branding-corporativo-cordoba.html",".html","53847","29/04/2026 14:20:04"
"C:\EAR_OS_V2\.firebase\productora-ear-backend\hosting\production\audio-branding-corporativo-coslada.html",".html","53847","29/04/2026 14:20:05"
"C:\EAR_OS_V2\.firebase\productora-ear-backend\hosting\production\audio-branding-corporativo-cuenca.html",".html","53819","29/04/2026 14:20:05"
"C:\EAR_OS_V2\.firebase\productora-ear-backend\hosting\production\audio-branding-corporativo-fuenlabrada.html",".html","53959","29/04/2026 14:20:05"
"C:\EAR_OS_V2\.firebase\productora-ear-backend\hosting\production\audio-branding-corporativo-getafe.html",".html","53819","29/04/2026 14:20:05"
"C:\EAR_OS_V2\.firebase\productora-ear-backend\hosting\production\audio-branding-corporativo-gijon.html",".html","53791","29/04/2026 14:20:04"
"C:\EAR_OS_V2\.firebase\productora-ear-backend\hosting\production\audio-branding-corporativo-girona.html",".html","53819","29/04/2026 14:20:04"
"C:\EAR_OS_V2\.firebase\productora-ear-backend\hosting\production\audio-branding-corporativo-granada.html",".html","53847","29/04/2026 14:20:03"
"C:\EAR_OS_V2\.firebase\productora-ear-backend\hosting\production\audio-branding-corporativo-guadalajara.html",".html","53959","29/04/2026 14:20:05"
"C:\EAR_OS_V2\.firebase\productora-ear-backend\hosting\production\audio-branding-corporativo-huelva.html",".html","53819","29/04/2026 14:20:04"
"C:\EAR_OS_V2\.firebase\productora-ear-backend\hosting\production\audio-branding-corporativo-huesca.html",".html","53819","29/04/2026 14:20:04"
"C:\EAR_OS_V2\.firebase\productora-ear-backend\hosting\production\audio-branding-corporativo-ibiza.html",".html","53791","29/04/2026 14:20:03"
"C:\EAR_OS_V2\.firebase\productora-ear-backend\hosting\production\audio-branding-corporativo-jaen.html",".html","53763","29/04/2026 14:20:04"
"C:\EAR_OS_V2\.firebase\productora-ear-backend\hosting\production\audio-branding-corporativo-la-moraleja.html",".html","54110","29/04/2026 14:20:03"
"C:\EAR_OS_V2\.firebase\productora-ear-backend\hosting\production\audio-branding-corporativo-las-rozas.html",".html","54054","29/04/2026 14:20:05"
"C:\EAR_OS_V2\.firebase\productora-ear-backend\hosting\production\audio-branding-corporativo-leganes.html",".html","53847","29/04/2026 14:20:05"
"C:\EAR_OS_V2\.firebase\productora-ear-backend\hosting\production\audio-branding-corporativo-leon.html",".html","53763","29/04/2026 14:20:05"
"C:\EAR_OS_V2\.firebase\productora-ear-backend\hosting\production\audio-branding-corporativo-lleida.html",".html","53819","29/04/2026 14:20:05"
"C:\EAR_OS_V2\.firebase\productora-ear-backend\hosting\production\audio-branding-corporativo-logrono.html",".html","53847","29/04/2026 14:20:04"
"C:\EAR_OS_V2\.firebase\productora-ear-backend\hosting\production\audio-branding-corporativo-lugo.html",".html","53763","29/04/2026 14:20:05"
"C:\EAR_OS_V2\.firebase\productora-ear-backend\hosting\production\audio-branding-corporativo-madrid.html",".html","53819","29/04/2026 14:20:03"
"C:\EAR_OS_V2\.firebase\productora-ear-backend\hosting\production\audio-branding-corporativo-majadahonda.html",".html","53959","29/04/2026 14:20:05"
"C:\EAR_OS_V2\.firebase\productora-ear-backend\hosting\production\audio-branding-corporativo-malaga.html",".html","53819","29/04/2026 14:20:03"
"C:\EAR_OS_V2\.firebase\productora-ear-backend\hosting\production\audio-branding-corporativo-mallorca.html",".html","53875","29/04/2026 14:20:03"
"C:\EAR_OS_V2\.firebase\productora-ear-backend\hosting\production\audio-branding-corporativo-marbella.html",".html","53875","29/04/2026 14:20:03"
"C:\EAR_OS_V2\.firebase\productora-ear-backend\hosting\production\audio-branding-corporativo-mostoles.html",".html","53875","29/04/2026 14:20:05"
"C:\EAR_OS_V2\.firebase\productora-ear-backend\hosting\production\audio-branding-corporativo-murcia.html",".html","53819","29/04/2026 14:20:03"
"C:\EAR_OS_V2\.firebase\productora-ear-backend\hosting\production\audio-branding-corporativo-ourense.html",".html","53847","29/04/2026 14:20:05"
"C:\EAR_OS_V2\.firebase\productora-ear-backend\hosting\production\audio-branding-corporativo-oviedo.html",".html","53819","29/04/2026 14:20:04"
"C:\EAR_OS_V2\.firebase\productora-ear-backend\hosting\production\audio-branding-corporativo-palencia.html",".html","53875","29/04/2026 14:20:05"
"C:\EAR_OS_V2\.firebase\productora-ear-backend\hosting\production\audio-branding-corporativo-pamplona.html",".html","53875","29/04/2026 14:20:04"
"C:\EAR_OS_V2\.firebase\productora-ear-backend\hosting\production\audio-branding-corporativo-parla.html",".html","53791","29/04/2026 14:20:05"
"C:\EAR_OS_V2\.firebase\productora-ear-backend\hosting\production\audio-branding-corporativo-pontevedra.html",".html","53931","29/04/2026 14:20:05"
"C:\EAR_OS_V2\.firebase\productora-ear-backend\hosting\production\audio-branding-corporativo-pozuelo-de-alarcon.html",".html","54433","29/04/2026 14:20:05"
"C:\EAR_OS_V2\.firebase\productora-ear-backend\hosting\production\audio-branding-corporativo-rivas-vaciamadrid.html",".html","54278","29/04/2026 14:20:05"
"C:\EAR_OS_V2\.firebase\productora-ear-backend\hosting\production\audio-branding-corporativo-salamanca.html",".html","53903","29/04/2026 14:20:04"
"C:\EAR_OS_V2\.firebase\productora-ear-backend\hosting\production\audio-branding-corporativo-san-sebastian-de-los-reyes.html",".html","54935","29/04/2026 14:20:05"
"C:\EAR_OS_V2\.firebase\productora-ear-backend\hosting\production\audio-branding-corporativo-san-sebastian.html",".html","54166","29/04/2026 14:20:03"
"C:\EAR_OS_V2\.firebase\productora-ear-backend\hosting\production\audio-branding-corporativo-santander.html",".html","53903","29/04/2026 14:20:03"
"C:\EAR_OS_V2\.firebase\productora-ear-backend\hosting\production\audio-branding-corporativo-santiago.html",".html","53875","29/04/2026 14:20:03"
"C:\EAR_OS_V2\.firebase\productora-ear-backend\hosting\production\audio-branding-corporativo-segovia.html",".html","53847","29/04/2026 14:20:04"
"C:\EAR_OS_V2\.firebase\productora-ear-backend\hosting\production\audio-branding-corporativo-sevilla.html",".html","53847","29/04/2026 14:20:03"
"C:\EAR_OS_V2\.firebase\productora-ear-backend\hosting\production\audio-branding-corporativo-soria.html",".html","53791","29/04/2026 14:20:05"
"C:\EAR_OS_V2\.firebase\productora-ear-backend\hosting\production\audio-branding-corporativo-sotogrande.html",".html","53931","29/04/2026 14:20:03"
"C:\EAR_OS_V2\.firebase\productora-ear-backend\hosting\production\audio-branding-corporativo-tarragona.html",".html","53903","29/04/2026 14:20:04"
"C:\EAR_OS_V2\.firebase\productora-ear-backend\hosting\production\audio-branding-corporativo-teruel.html",".html","53819","29/04/2026 14:20:05"
"C:\EAR_OS_V2\.firebase\productora-ear-backend\hosting\production\audio-branding-corporativo-toledo.html",".html","53819","29/04/2026 14:20:03"
"C:\EAR_OS_V2\.firebase\productora-ear-backend\hosting\production\audio-branding-corporativo-torrejon-de-ardoz.html",".html","54405","29/04/2026 14:20:05"
"C:\EAR_OS_V2\.firebase\productora-ear-backend\hosting\production\audio-branding-corporativo-valdemoro.html",".html","53903","29/04/2026 14:20:05"
"C:\EAR_OS_V2\.firebase\productora-ear-backend\hosting\production\audio-branding-corporativo-valencia.html",".html","53875","29/04/2026 14:20:03"
"C:\EAR_OS_V2\.firebase\productora-ear-backend\hosting\production\audio-branding-corporativo-valladolid.html",".html","53931","29/04/2026 14:20:03"
"C:\EAR_OS_V2\.firebase\productora-ear-backend\hosting\production\audio-branding-corporativo-vigo.html",".html","53763","29/04/2026 14:20:03"
"C:\EAR_OS_V2\.firebase\productora-ear-backend\hosting\production\audio-branding-corporativo-zamora.html",".html","53819","29/04/2026 14:20:05"
"C:\EAR_OS_V2\.firebase\productora-ear-backend\hosting\production\audio-branding-corporativo-zaragoza.html",".html","53875","29/04/2026 14:20:03"
"C:\EAR_OS_V2\.firebase\productora-ear-backend\hosting\production\fashion-films-a-coruna.html",".html","53511","29/04/2026 14:20:07"
"C:\EAR_OS_V2\.firebase\productora-ear-backend\hosting\production\fashion-films-albacete.html",".html","53371","29/04/2026 14:20:02"
"C:\EAR_OS_V2\.firebase\productora-ear-backend\hosting\production\fashion-films-alcala-de-henares.html",".html","53914","29/04/2026 14:20:02"
"C:\EAR_OS_V2\.firebase\productora-ear-backend\hosting\production\fashion-films-alcobendas.html",".html","53427","29/04/2026 14:20:02"
"C:\EAR_OS_V2\.firebase\productora-ear-backend\hosting\production\fashion-films-alcorcon.html",".html","53371","29/04/2026 14:20:02"
"C:\EAR_OS_V2\.firebase\productora-ear-backend\hosting\production\fashion-films-alicante.html",".html","53371","29/04/2026 14:20:06"
"C:\EAR_OS_V2\.firebase\productora-ear-backend\hosting\production\fashion-films-almeria.html",".html","53343","29/04/2026 14:20:07"
"C:\EAR_OS_V2\.firebase\productora-ear-backend\hosting\production\fashion-films-aranjuez.html",".html","53371","29/04/2026 14:20:02"
"C:\EAR_OS_V2\.firebase\productora-ear-backend\hosting\production\fashion-films-arganda-del-rey.html",".html","53858","29/04/2026 14:20:02"
"C:\EAR_OS_V2\.firebase\productora-ear-backend\hosting\production\fashion-films-avila.html",".html","53287","29/04/2026 14:20:07"
"C:\EAR_OS_V2\.firebase\productora-ear-backend\hosting\production\fashion-films-badajoz.html",".html","53343","29/04/2026 14:20:07"
"C:\EAR_OS_V2\.firebase\productora-ear-backend\hosting\production\fashion-films-barcelona.html",".html","53399","29/04/2026 14:20:06"
"C:\EAR_OS_V2\.firebase\productora-ear-backend\hosting\production\fashion-films-bilbao.html",".html","53315","29/04/2026 14:20:06"
"C:\EAR_OS_V2\.firebase\productora-ear-backend\hosting\production\fashion-films-boadilla-del-monte.html",".html","53942","29/04/2026 14:20:03"
"C:\EAR_OS_V2\.firebase\productora-ear-backend\hosting\production\fashion-films-burgos.html",".html","53315","29/04/2026 14:20:07"
"C:\EAR_OS_V2\.firebase\productora-ear-backend\hosting\production\fashion-films-caceres.html",".html","53343","29/04/2026 14:20:07"
"C:\EAR_OS_V2\.firebase\productora-ear-backend\hosting\production\fashion-films-cadiz.html",".html","53287","29/04/2026 14:20:07"
"C:\EAR_OS_V2\.firebase\productora-ear-backend\hosting\production\fashion-films-canarias.html",".html","53371","29/04/2026 14:20:07"
"C:\EAR_OS_V2\.firebase\productora-ear-backend\hosting\production\fashion-films-castellon.html",".html","53399","29/04/2026 14:20:07"
"C:\EAR_OS_V2\.firebase\productora-ear-backend\hosting\production\fashion-films-ciudad-real.html",".html","53595","29/04/2026 14:20:02"
"C:\EAR_OS_V2\.firebase\productora-ear-backend\hosting\production\fashion-films-collado-villalba.html",".html","53735","29/04/2026 14:20:02"
"C:\EAR_OS_V2\.firebase\productora-ear-backend\hosting\production\fashion-films-cordoba.html",".html","53343","29/04/2026 14:20:07"
"C:\EAR_OS_V2\.firebase\productora-ear-backend\hosting\production\fashion-films-coslada.html",".html","53343","29/04/2026 14:20:02"
"C:\EAR_OS_V2\.firebase\productora-ear-backend\hosting\production\fashion-films-cuenca.html",".html","53315","29/04/2026 14:20:02"
"C:\EAR_OS_V2\.firebase\productora-ear-backend\hosting\production\fashion-films-fuenlabrada.html",".html","53455","29/04/2026 14:20:02"
"C:\EAR_OS_V2\.firebase\productora-ear-backend\hosting\production\fashion-films-getafe.html",".html","53315","29/04/2026 14:20:02"
"C:\EAR_OS_V2\.firebase\productora-ear-backend\hosting\production\fashion-films-gijon.html",".html","53287","29/04/2026 14:20:07"
"C:\EAR_OS_V2\.firebase\productora-ear-backend\hosting\production\fashion-films-girona.html",".html","53315","29/04/2026 14:20:07"
"C:\EAR_OS_V2\.firebase\productora-ear-backend\hosting\production\fashion-films-granada.html",".html","53343","29/04/2026 14:20:07"
"C:\EAR_OS_V2\.firebase\productora-ear-backend\hosting\production\fashion-films-guadalajara.html",".html","53455","29/04/2026 14:20:02"
"C:\EAR_OS_V2\.firebase\productora-ear-backend\hosting\production\fashion-films-huelva.html",".html","53315","29/04/2026 14:20:07"
"C:\EAR_OS_V2\.firebase\productora-ear-backend\hosting\production\fashion-films-huesca.html",".html","53315","29/04/2026 14:20:01"
"C:\EAR_OS_V2\.firebase\productora-ear-backend\hosting\production\fashion-films-ibiza.html",".html","53287","29/04/2026 14:20:06"
"C:\EAR_OS_V2\.firebase\productora-ear-backend\hosting\production\fashion-films-jaen.html",".html","53259","29/04/2026 14:20:07"
"C:\EAR_OS_V2\.firebase\productora-ear-backend\hosting\production\fashion-films-la-moraleja.html",".html","53595","29/04/2026 14:20:07"
"C:\EAR_OS_V2\.firebase\productora-ear-backend\hosting\production\fashion-films-las-rozas.html",".html","53539","29/04/2026 14:20:02"
"C:\EAR_OS_V2\.firebase\productora-ear-backend\hosting\production\fashion-films-leganes.html",".html","53343","29/04/2026 14:20:02"
"C:\EAR_OS_V2\.firebase\productora-ear-backend\hosting\production\fashion-films-leon.html",".html","53259","29/04/2026 14:20:02"
"C:\EAR_OS_V2\.firebase\productora-ear-backend\hosting\production\fashion-films-lleida.html",".html","53315","29/04/2026 14:20:07"
"C:\EAR_OS_V2\.firebase\productora-ear-backend\hosting\production\fashion-films-logrono.html",".html","53343","29/04/2026 14:20:07"
"C:\EAR_OS_V2\.firebase\productora-ear-backend\hosting\production\fashion-films-lugo.html",".html","53259","29/04/2026 14:20:02"
"C:\EAR_OS_V2\.firebase\productora-ear-backend\hosting\production\fashion-films-madrid.html",".html","53315","29/04/2026 14:20:06"
"C:\EAR_OS_V2\.firebase\productora-ear-backend\hosting\production\fashion-films-majadahonda.html",".html","53455","29/04/2026 14:20:02"
"C:\EAR_OS_V2\.firebase\productora-ear-backend\hosting\production\fashion-films-malaga.html",".html","53315","29/04/2026 14:20:06"
"C:\EAR_OS_V2\.firebase\productora-ear-backend\hosting\production\fashion-films-mallorca.html",".html","53371","29/04/2026 14:20:06"
"C:\EAR_OS_V2\.firebase\productora-ear-backend\hosting\production\fashion-films-marbella.html",".html","53371","29/04/2026 14:20:06"
"C:\EAR_OS_V2\.firebase\productora-ear-backend\hosting\production\fashion-films-mostoles.html",".html","53371","29/04/2026 14:20:02"
"C:\EAR_OS_V2\.firebase\productora-ear-backend\hosting\production\fashion-films-murcia.html",".html","53315","29/04/2026 14:20:06"
"C:\EAR_OS_V2\.firebase\productora-ear-backend\hosting\production\fashion-films-ourense.html",".html","53343","29/04/2026 14:20:02"
"C:\EAR_OS_V2\.firebase\productora-ear-backend\hosting\production\fashion-films-oviedo.html",".html","53315","29/04/2026 14:20:07"
"C:\EAR_OS_V2\.firebase\productora-ear-backend\hosting\production\fashion-films-palencia.html",".html","53371","29/04/2026 14:20:02"
"C:\EAR_OS_V2\.firebase\productora-ear-backend\hosting\production\fashion-films-pamplona.html",".html","53371","29/04/2026 14:20:07"
"C:\EAR_OS_V2\.firebase\productora-ear-backend\hosting\production\fashion-films-parla.html",".html","53287","29/04/2026 14:20:02"
"C:\EAR_OS_V2\.firebase\productora-ear-backend\hosting\production\fashion-films-pontevedra.html",".html","53427","29/04/2026 14:20:02"
"C:\EAR_OS_V2\.firebase\productora-ear-backend\hosting\production\fashion-films-pozuelo-de-alarcon.html",".html","53942","29/04/2026 14:20:02"
"C:\EAR_OS_V2\.firebase\productora-ear-backend\hosting\production\fashion-films-rivas-vaciamadrid.html",".html","53763","29/04/2026 14:20:02"
"C:\EAR_OS_V2\.firebase\productora-ear-backend\hosting\production\fashion-films-salamanca.html",".html","53399","29/04/2026 14:20:07"
"C:\EAR_OS_V2\.firebase\productora-ear-backend\hosting\production\fashion-films-san-sebastian-de-los-reyes.html",".html","54444","29/04/2026 14:20:02"
"C:\EAR_OS_V2\.firebase\productora-ear-backend\hosting\production\fashion-films-san-sebastian.html",".html","53651","29/04/2026 14:20:06"
"C:\EAR_OS_V2\.firebase\productora-ear-backend\hosting\production\fashion-films-santander.html",".html","53399","29/04/2026 14:20:07"
"C:\EAR_OS_V2\.firebase\productora-ear-backend\hosting\production\fashion-films-santiago.html",".html","53371","29/04/2026 14:20:07"
"C:\EAR_OS_V2\.firebase\productora-ear-backend\hosting\production\fashion-films-segovia.html",".html","53343","29/04/2026 14:20:07"
"C:\EAR_OS_V2\.firebase\productora-ear-backend\hosting\production\fashion-films-sevilla.html",".html","53343","29/04/2026 14:20:06"
"C:\EAR_OS_V2\.firebase\productora-ear-backend\hosting\production\fashion-films-soria.html",".html","53287","29/04/2026 14:20:02"
"C:\EAR_OS_V2\.firebase\productora-ear-backend\hosting\production\fashion-films-sotogrande.html",".html","53427","29/04/2026 14:20:07"
"C:\EAR_OS_V2\.firebase\productora-ear-backend\hosting\production\fashion-films-tarragona.html",".html","53399","29/04/2026 14:20:07"
"C:\EAR_OS_V2\.firebase\productora-ear-backend\hosting\production\fashion-films-teruel.html",".html","53315","29/04/2026 14:20:01"
"C:\EAR_OS_V2\.firebase\productora-ear-backend\hosting\production\fashion-films-toledo.html",".html","53315","29/04/2026 14:20:06"
"C:\EAR_OS_V2\.firebase\productora-ear-backend\hosting\production\fashion-films-torrejon-de-ardoz.html",".html","53914","29/04/2026 14:20:02"
"C:\EAR_OS_V2\.firebase\productora-ear-backend\hosting\production\fashion-films-valdemoro.html",".html","53399","29/04/2026 14:20:02"
"C:\EAR_OS_V2\.firebase\productora-ear-backend\hosting\production\fashion-films-valencia.html",".html","53371","29/04/2026 14:20:06"
"C:\EAR_OS_V2\.firebase\productora-ear-backend\hosting\production\fashion-films-valladolid.html",".html","53427","29/04/2026 14:20:07"
"C:\EAR_OS_V2\.firebase\productora-ear-backend\hosting\production\fashion-films-vigo.html",".html","53259","29/04/2026 14:20:07"
"C:\EAR_OS_V2\.firebase\productora-ear-backend\hosting\production\fashion-films-zamora.html",".html","53315","29/04/2026 14:20:02"
"C:\EAR_OS_V2\.firebase\productora-ear-backend\hosting\production\fashion-films-zaragoza.html",".html","53371","29/04/2026 14:20:06"
"C:\EAR_OS_V2\.firebase\productora-ear-backend\hosting\production\produccion-videoclips-musicales-a-coruna.html",".html","54166","29/04/2026 14:20:03"
"C:\EAR_OS_V2\.firebase\productora-ear-backend\hosting\production\produccion-videoclips-musicales-albacete.html",".html","54015","29/04/2026 14:20:04"
"C:\EAR_OS_V2\.firebase\productora-ear-backend\hosting\production\produccion-videoclips-musicales-alcala-de-henares.html",".html","54545","29/04/2026 14:20:05"
"C:\EAR_OS_V2\.firebase\productora-ear-backend\hosting\production\produccion-videoclips-musicales-alcobendas.html",".html","54071","29/04/2026 14:20:05"
"C:\EAR_OS_V2\.firebase\productora-ear-backend\hosting\production\produccion-videoclips-musicales-alcorcon.html",".html","54015","29/04/2026 14:20:05"
"C:\EAR_OS_V2\.firebase\productora-ear-backend\hosting\production\produccion-videoclips-musicales-alicante.html",".html","54015","29/04/2026 14:20:03"
"C:\EAR_OS_V2\.firebase\productora-ear-backend\hosting\production\produccion-videoclips-musicales-almeria.html",".html","53987","29/04/2026 14:20:04"
"C:\EAR_OS_V2\.firebase\productora-ear-backend\hosting\production\produccion-videoclips-musicales-aranjuez.html",".html","54015","29/04/2026 14:20:05"
"C:\EAR_OS_V2\.firebase\productora-ear-backend\hosting\production\produccion-videoclips-musicales-arganda-del-rey.html",".html","54489","29/04/2026 14:20:05"
"C:\EAR_OS_V2\.firebase\productora-ear-backend\hosting\production\produccion-videoclips-musicales-avila.html",".html","53931","29/04/2026 14:20:04"
"C:\EAR_OS_V2\.firebase\productora-ear-backend\hosting\production\produccion-videoclips-musicales-badajoz.html",".html","53987","29/04/2026 14:20:04"
"C:\EAR_OS_V2\.firebase\productora-ear-backend\hosting\production\produccion-videoclips-musicales-barcelona.html",".html","54043","29/04/2026 14:20:02"
"C:\EAR_OS_V2\.firebase\productora-ear-backend\hosting\production\produccion-videoclips-musicales-bilbao.html",".html","53959","29/04/2026 14:20:03"
"C:\EAR_OS_V2\.firebase\productora-ear-backend\hosting\production\produccion-videoclips-musicales-boadilla-del-monte.html",".html","54573","29/04/2026 14:20:05"
"C:\EAR_OS_V2\.firebase\productora-ear-backend\hosting\production\produccion-videoclips-musicales-burgos.html",".html","53959","29/04/2026 14:20:04"
"C:\EAR_OS_V2\.firebase\productora-ear-backend\hosting\production\produccion-videoclips-musicales-caceres.html",".html","53987","29/04/2026 14:20:04"
"C:\EAR_OS_V2\.firebase\productora-ear-backend\hosting\production\produccion-videoclips-musicales-cadiz.html",".html","53931","29/04/2026 14:20:04"
"C:\EAR_OS_V2\.firebase\productora-ear-backend\hosting\production\produccion-videoclips-musicales-canarias.html",".html","54015","29/04/2026 14:20:03"
"C:\EAR_OS_V2\.firebase\productora-ear-backend\hosting\production\produccion-videoclips-musicales-castellon.html",".html","54043","29/04/2026 14:20:04"
"C:\EAR_OS_V2\.firebase\productora-ear-backend\hosting\production\produccion-videoclips-musicales-ciudad-real.html",".html","54250","29/04/2026 14:20:04"
"C:\EAR_OS_V2\.firebase\productora-ear-backend\hosting\production\produccion-videoclips-musicales-collado-villalba.html",".html","54390","29/04/2026 14:20:05"
"C:\EAR_OS_V2\.firebase\productora-ear-backend\hosting\production\produccion-videoclips-musicales-cordoba.html",".html","53987","29/04/2026 14:20:04"
"C:\EAR_OS_V2\.firebase\productora-ear-backend\hosting\production\produccion-videoclips-musicales-coslada.html",".html","53987","29/04/2026 14:20:05"
"C:\EAR_OS_V2\.firebase\productora-ear-backend\hosting\production\produccion-videoclips-musicales-cuenca.html",".html","53959","29/04/2026 14:20:04"
"C:\EAR_OS_V2\.firebase\productora-ear-backend\hosting\production\produccion-videoclips-musicales-fuenlabrada.html",".html","54099","29/04/2026 14:20:05"
"C:\EAR_OS_V2\.firebase\productora-ear-backend\hosting\production\produccion-videoclips-musicales-getafe.html",".html","53959","29/04/2026 14:20:05"
"C:\EAR_OS_V2\.firebase\productora-ear-backend\hosting\production\produccion-videoclips-musicales-gijon.html",".html","53931","29/04/2026 14:20:03"
"C:\EAR_OS_V2\.firebase\productora-ear-backend\hosting\production\produccion-videoclips-musicales-girona.html",".html","53959","29/04/2026 14:20:04"
"C:\EAR_OS_V2\.firebase\productora-ear-backend\hosting\production\produccion-videoclips-musicales-granada.html",".html","53987","29/04/2026 14:20:03"
"C:\EAR_OS_V2\.firebase\productora-ear-backend\hosting\production\produccion-videoclips-musicales-guadalajara.html",".html","54099","29/04/2026 14:20:04"
"C:\EAR_OS_V2\.firebase\productora-ear-backend\hosting\production\produccion-videoclips-musicales-huelva.html",".html","53959","29/04/2026 14:20:04"
"C:\EAR_OS_V2\.firebase\productora-ear-backend\hosting\production\produccion-videoclips-musicales-huesca.html",".html","53959","29/04/2026 14:20:04"
"C:\EAR_OS_V2\.firebase\productora-ear-backend\hosting\production\produccion-videoclips-musicales-ibiza.html",".html","53931","29/04/2026 14:20:03"
"C:\EAR_OS_V2\.firebase\productora-ear-backend\hosting\production\produccion-videoclips-musicales-jaen.html",".html","53903","29/04/2026 14:20:04"
"C:\EAR_OS_V2\.firebase\productora-ear-backend\hosting\production\produccion-videoclips-musicales-la-moraleja.html",".html","54250","29/04/2026 14:20:03"
"C:\EAR_OS_V2\.firebase\productora-ear-backend\hosting\production\produccion-videoclips-musicales-las-rozas.html",".html","54194","29/04/2026 14:20:05"
"C:\EAR_OS_V2\.firebase\productora-ear-backend\hosting\production\produccion-videoclips-musicales-leganes.html",".html","53987","29/04/2026 14:20:05"
"C:\EAR_OS_V2\.firebase\productora-ear-backend\hosting\production\produccion-videoclips-musicales-leon.html",".html","53903","29/04/2026 14:20:05"
"C:\EAR_OS_V2\.firebase\productora-ear-backend\hosting\production\produccion-videoclips-musicales-lleida.html",".html","53959","29/04/2026 14:20:04"
"C:\EAR_OS_V2\.firebase\productora-ear-backend\hosting\production\produccion-videoclips-musicales-logrono.html",".html","53987","29/04/2026 14:20:03"
"C:\EAR_OS_V2\.firebase\productora-ear-backend\hosting\production\produccion-videoclips-musicales-lugo.html",".html","53903","29/04/2026 14:20:04"
"C:\EAR_OS_V2\.firebase\productora-ear-backend\hosting\production\produccion-videoclips-musicales-madrid.html",".html","53959","29/04/2026 14:20:02"
"C:\EAR_OS_V2\.firebase\productora-ear-backend\hosting\production\produccion-videoclips-musicales-majadahonda.html",".html","54099","29/04/2026 14:20:05"
"C:\EAR_OS_V2\.firebase\productora-ear-backend\hosting\production\produccion-videoclips-musicales-malaga.html",".html","53959","29/04/2026 14:20:03"
"C:\EAR_OS_V2\.firebase\productora-ear-backend\hosting\production\produccion-videoclips-musicales-mallorca.html",".html","54015","29/04/2026 14:20:03"
"C:\EAR_OS_V2\.firebase\productora-ear-backend\hosting\production\produccion-videoclips-musicales-marbella.html",".html","54015","29/04/2026 14:20:02"
"C:\EAR_OS_V2\.firebase\productora-ear-backend\hosting\production\produccion-videoclips-musicales-mostoles.html",".html","54015","29/04/2026 14:20:05"
"C:\EAR_OS_V2\.firebase\productora-ear-backend\hosting\production\produccion-videoclips-musicales-murcia.html",".html","53959","29/04/2026 14:20:03"
"C:\EAR_OS_V2\.firebase\productora-ear-backend\hosting\production\produccion-videoclips-musicales-ourense.html",".html","53987","29/04/2026 14:20:04"
"C:\EAR_OS_V2\.firebase\productora-ear-backend\hosting\production\produccion-videoclips-musicales-oviedo.html",".html","53959","29/04/2026 14:20:03"
"C:\EAR_OS_V2\.firebase\productora-ear-backend\hosting\production\produccion-videoclips-musicales-palencia.html",".html","54015","29/04/2026 14:20:05"
"C:\EAR_OS_V2\.firebase\productora-ear-backend\hosting\production\produccion-videoclips-musicales-pamplona.html",".html","54015","29/04/2026 14:20:03"
"C:\EAR_OS_V2\.firebase\productora-ear-backend\hosting\production\produccion-videoclips-musicales-parla.html",".html","53931","29/04/2026 14:20:05"
"C:\EAR_OS_V2\.firebase\productora-ear-backend\hosting\production\produccion-videoclips-musicales-pontevedra.html",".html","54071","29/04/2026 14:20:04"
"C:\EAR_OS_V2\.firebase\productora-ear-backend\hosting\production\produccion-videoclips-musicales-pozuelo-de-alarcon.html",".html","54573","29/04/2026 14:20:05"
"C:\EAR_OS_V2\.firebase\productora-ear-backend\hosting\production\produccion-videoclips-musicales-rivas-vaciamadrid.html",".html","54418","29/04/2026 14:20:05"
"C:\EAR_OS_V2\.firebase\productora-ear-backend\hosting\production\produccion-videoclips-musicales-salamanca.html",".html","54043","29/04/2026 14:20:04"
"C:\EAR_OS_V2\.firebase\productora-ear-backend\hosting\production\produccion-videoclips-musicales-san-sebastian-de-los-reyes.html",".html","55075","29/04/2026 14:20:05"
"C:\EAR_OS_V2\.firebase\productora-ear-backend\hosting\production\produccion-videoclips-musicales-san-sebastian.html",".html","54306","29/04/2026 14:20:03"
"C:\EAR_OS_V2\.firebase\productora-ear-backend\hosting\production\produccion-videoclips-musicales-santander.html",".html","54043","29/04/2026 14:20:03"
"C:\EAR_OS_V2\.firebase\productora-ear-backend\hosting\production\produccion-videoclips-musicales-santiago.html",".html","54015","29/04/2026 14:20:03"
"C:\EAR_OS_V2\.firebase\productora-ear-backend\hosting\production\produccion-videoclips-musicales-segovia.html",".html","53987","29/04/2026 14:20:04"
"C:\EAR_OS_V2\.firebase\productora-ear-backend\hosting\production\produccion-videoclips-musicales-sevilla.html",".html","53987","29/04/2026 14:20:03"
"C:\EAR_OS_V2\.firebase\productora-ear-backend\hosting\production\produccion-videoclips-musicales-soria.html",".html","53931","29/04/2026 14:20:05"
"C:\EAR_OS_V2\.firebase\productora-ear-backend\hosting\production\produccion-videoclips-musicales-sotogrande.html",".html","54071","29/04/2026 14:20:03"
"C:\EAR_OS_V2\.firebase\productora-ear-backend\hosting\production\produccion-videoclips-musicales-tarragona.html",".html","54043","29/04/2026 14:20:04"
"C:\EAR_OS_V2\.firebase\productora-ear-backend\hosting\production\produccion-videoclips-musicales-teruel.html",".html","53959","29/04/2026 14:20:04"
"C:\EAR_OS_V2\.firebase\productora-ear-backend\hosting\production\produccion-videoclips-musicales-toledo.html",".html","53959","29/04/2026 14:20:03"
"C:\EAR_OS_V2\.firebase\productora-ear-backend\hosting\production\produccion-videoclips-musicales-torrejon-de-ardoz.html",".html","54545","29/04/2026 14:20:05"
"C:\EAR_OS_V2\.firebase\productora-ear-backend\hosting\production\produccion-videoclips-musicales-valdemoro.html",".html","54043","29/04/2026 14:20:05"
"C:\EAR_OS_V2\.firebase\productora-ear-backend\hosting\production\produccion-videoclips-musicales-valencia.html",".html","54015","29/04/2026 14:20:03"
"C:\EAR_OS_V2\.firebase\productora-ear-backend\hosting\production\produccion-videoclips-musicales-valladolid.html",".html","54071","29/04/2026 14:20:03"
"C:\EAR_OS_V2\.firebase\productora-ear-backend\hosting\production\produccion-videoclips-musicales-vigo.html",".html","53903","29/04/2026 14:20:03"
"C:\EAR_OS_V2\.firebase\productora-ear-backend\hosting\production\produccion-videoclips-musicales-zamora.html",".html","53959","29/04/2026 14:20:05"
"C:\EAR_OS_V2\.firebase\productora-ear-backend\hosting\production\produccion-videoclips-musicales-zaragoza.html",".html","54015","29/04/2026 14:20:03"
"C:\EAR_OS_V2\.firebase\productora-ear-backend\hosting\production\streaming-eventos-hibridos-a-coruna.html",".html","54026","29/04/2026 14:20:07"
"C:\EAR_OS_V2\.firebase\productora-ear-backend\hosting\production\streaming-eventos-hibridos-albacete.html",".html","53875","29/04/2026 14:20:02"
"C:\EAR_OS_V2\.firebase\productora-ear-backend\hosting\production\streaming-eventos-hibridos-alcala-de-henares.html",".html","54405","29/04/2026 14:20:02"
"C:\EAR_OS_V2\.firebase\productora-ear-backend\hosting\production\streaming-eventos-hibridos-alcobendas.html",".html","53931","29/04/2026 14:20:02"
"C:\EAR_OS_V2\.firebase\productora-ear-backend\hosting\production\streaming-eventos-hibridos-alcorcon.html",".html","53875","29/04/2026 14:20:02"
"C:\EAR_OS_V2\.firebase\productora-ear-backend\hosting\production\streaming-eventos-hibridos-alicante.html",".html","53875","29/04/2026 14:20:06"
"C:\EAR_OS_V2\.firebase\productora-ear-backend\hosting\production\streaming-eventos-hibridos-almeria.html",".html","53847","29/04/2026 14:20:07"
"C:\EAR_OS_V2\.firebase\productora-ear-backend\hosting\production\streaming-eventos-hibridos-aranjuez.html",".html","53875","29/04/2026 14:20:03"
"C:\EAR_OS_V2\.firebase\productora-ear-backend\hosting\production\streaming-eventos-hibridos-arganda-del-rey.html",".html","54349","29/04/2026 14:20:03"
"C:\EAR_OS_V2\.firebase\productora-ear-backend\hosting\production\streaming-eventos-hibridos-avila.html",".html","53791","29/04/2026 14:20:07"
"C:\EAR_OS_V2\.firebase\productora-ear-backend\hosting\production\streaming-eventos-hibridos-badajoz.html",".html","53847","29/04/2026 14:20:07"
"C:\EAR_OS_V2\.firebase\productora-ear-backend\hosting\production\streaming-eventos-hibridos-barcelona.html",".html","53903","29/04/2026 14:20:06"
"C:\EAR_OS_V2\.firebase\productora-ear-backend\hosting\production\streaming-eventos-hibridos-bilbao.html",".html","53819","29/04/2026 14:20:06"
"C:\EAR_OS_V2\.firebase\productora-ear-backend\hosting\production\streaming-eventos-hibridos-boadilla-del-monte.html",".html","54433","29/04/2026 14:20:03"
"C:\EAR_OS_V2\.firebase\productora-ear-backend\hosting\production\streaming-eventos-hibridos-burgos.html",".html","53819","29/04/2026 14:20:07"
"C:\EAR_OS_V2\.firebase\productora-ear-backend\hosting\production\streaming-eventos-hibridos-caceres.html",".html","53847","29/04/2026 14:20:07"
"C:\EAR_OS_V2\.firebase\productora-ear-backend\hosting\production\streaming-eventos-hibridos-cadiz.html",".html","53791","29/04/2026 14:20:07"
"C:\EAR_OS_V2\.firebase\productora-ear-backend\hosting\production\streaming-eventos-hibridos-canarias.html",".html","53875","29/04/2026 14:20:07"
"C:\EAR_OS_V2\.firebase\productora-ear-backend\hosting\production\streaming-eventos-hibridos-castellon.html",".html","53903","29/04/2026 14:20:07"
"C:\EAR_OS_V2\.firebase\productora-ear-backend\hosting\production\streaming-eventos-hibridos-ciudad-real.html",".html","54110","29/04/2026 14:20:02"
"C:\EAR_OS_V2\.firebase\productora-ear-backend\hosting\production\streaming-eventos-hibridos-collado-villalba.html",".html","54250","29/04/2026 14:20:03"
"C:\EAR_OS_V2\.firebase\productora-ear-backend\hosting\production\streaming-eventos-hibridos-cordoba.html",".html","53847","29/04/2026 14:20:07"
"C:\EAR_OS_V2\.firebase\productora-ear-backend\hosting\production\streaming-eventos-hibridos-coslada.html",".html","53847","29/04/2026 14:20:02"
"C:\EAR_OS_V2\.firebase\productora-ear-backend\hosting\production\streaming-eventos-hibridos-cuenca.html",".html","53819","29/04/2026 14:20:02"
"C:\EAR_OS_V2\.firebase\productora-ear-backend\hosting\production\streaming-eventos-hibridos-fuenlabrada.html",".html","53959","29/04/2026 14:20:02"
"C:\EAR_OS_V2\.firebase\productora-ear-backend\hosting\production\streaming-eventos-hibridos-getafe.html",".html","53819","29/04/2026 14:20:02"
"C:\EAR_OS_V2\.firebase\productora-ear-backend\hosting\production\streaming-eventos-hibridos-gijon.html",".html","53791","29/04/2026 14:20:07"
"C:\EAR_OS_V2\.firebase\productora-ear-backend\hosting\production\streaming-eventos-hibridos-girona.html",".html","53819","29/04/2026 14:20:07"
"C:\EAR_OS_V2\.firebase\productora-ear-backend\hosting\production\streaming-eventos-hibridos-granada.html",".html","53847","29/04/2026 14:20:06"
"C:\EAR_OS_V2\.firebase\productora-ear-backend\hosting\production\streaming-eventos-hibridos-guadalajara.html",".html","53959","29/04/2026 14:20:02"
"C:\EAR_OS_V2\.firebase\productora-ear-backend\hosting\production\streaming-eventos-hibridos-huelva.html",".html","53819","29/04/2026 14:20:07"
"C:\EAR_OS_V2\.firebase\productora-ear-backend\hosting\production\streaming-eventos-hibridos-huesca.html",".html","53819","29/04/2026 14:20:07"
"C:\EAR_OS_V2\.firebase\productora-ear-backend\hosting\production\streaming-eventos-hibridos-ibiza.html",".html","53791","29/04/2026 14:20:06"
"C:\EAR_OS_V2\.firebase\productora-ear-backend\hosting\production\streaming-eventos-hibridos-jaen.html",".html","53763","29/04/2026 14:20:07"
"C:\EAR_OS_V2\.firebase\productora-ear-backend\hosting\production\streaming-eventos-hibridos-la-moraleja.html",".html","54110","29/04/2026 14:20:07"
"C:\EAR_OS_V2\.firebase\productora-ear-backend\hosting\production\streaming-eventos-hibridos-las-rozas.html",".html","54054","29/04/2026 14:20:02"
"C:\EAR_OS_V2\.firebase\productora-ear-backend\hosting\production\streaming-eventos-hibridos-leganes.html",".html","53847","29/04/2026 14:20:02"
"C:\EAR_OS_V2\.firebase\productora-ear-backend\hosting\production\streaming-eventos-hibridos-leon.html",".html","53763","29/04/2026 14:20:02"
"C:\EAR_OS_V2\.firebase\productora-ear-backend\hosting\production\streaming-eventos-hibridos-lleida.html",".html","53819","29/04/2026 14:20:07"
"C:\EAR_OS_V2\.firebase\productora-ear-backend\hosting\production\streaming-eventos-hibridos-logrono.html",".html","53847","29/04/2026 14:20:07"
"C:\EAR_OS_V2\.firebase\productora-ear-backend\hosting\production\streaming-eventos-hibridos-lugo.html",".html","53763","29/04/2026 14:20:02"
"C:\EAR_OS_V2\.firebase\productora-ear-backend\hosting\production\streaming-eventos-hibridos-madrid.html",".html","53819","29/04/2026 14:20:06"
"C:\EAR_OS_V2\.firebase\productora-ear-backend\hosting\production\streaming-eventos-hibridos-majadahonda.html",".html","53959","29/04/2026 14:20:03"
"C:\EAR_OS_V2\.firebase\productora-ear-backend\hosting\production\streaming-eventos-hibridos-malaga.html",".html","53819","29/04/2026 14:20:06"
"C:\EAR_OS_V2\.firebase\productora-ear-backend\hosting\production\streaming-eventos-hibridos-mallorca.html",".html","53875","29/04/2026 14:20:06"
"C:\EAR_OS_V2\.firebase\productora-ear-backend\hosting\production\streaming-eventos-hibridos-marbella.html",".html","53875","29/04/2026 14:20:06"
"C:\EAR_OS_V2\.firebase\productora-ear-backend\hosting\production\streaming-eventos-hibridos-mostoles.html",".html","53875","29/04/2026 14:20:02"
"C:\EAR_OS_V2\.firebase\productora-ear-backend\hosting\production\streaming-eventos-hibridos-murcia.html",".html","53819","29/04/2026 14:20:06"
"C:\EAR_OS_V2\.firebase\productora-ear-backend\hosting\production\streaming-eventos-hibridos-ourense.html",".html","53847","29/04/2026 14:20:02"
"C:\EAR_OS_V2\.firebase\productora-ear-backend\hosting\production\streaming-eventos-hibridos-oviedo.html",".html","53819","29/04/2026 14:20:07"
"C:\EAR_OS_V2\.firebase\productora-ear-backend\hosting\production\streaming-eventos-hibridos-palencia.html",".html","53875","29/04/2026 14:20:02"
"C:\EAR_OS_V2\.firebase\productora-ear-backend\hosting\production\streaming-eventos-hibridos-pamplona.html",".html","53875","29/04/2026 14:20:07"
"C:\EAR_OS_V2\.firebase\productora-ear-backend\hosting\production\streaming-eventos-hibridos-parla.html",".html","53791","29/04/2026 14:20:02"
"C:\EAR_OS_V2\.firebase\productora-ear-backend\hosting\production\streaming-eventos-hibridos-pontevedra.html",".html","53931","29/04/2026 14:20:02"
"C:\EAR_OS_V2\.firebase\productora-ear-backend\hosting\production\streaming-eventos-hibridos-pozuelo-de-alarcon.html",".html","54433","29/04/2026 14:20:02"
"C:\EAR_OS_V2\.firebase\productora-ear-backend\hosting\production\streaming-eventos-hibridos-rivas-vaciamadrid.html",".html","54278","29/04/2026 14:20:03"
"C:\EAR_OS_V2\.firebase\productora-ear-backend\hosting\production\streaming-eventos-hibridos-salamanca.html",".html","53903","29/04/2026 14:20:07"
"C:\EAR_OS_V2\.firebase\productora-ear-backend\hosting\production\streaming-eventos-hibridos-san-sebastian-de-los-reyes.html",".html","54935","29/04/2026 14:20:02"
"C:\EAR_OS_V2\.firebase\productora-ear-backend\hosting\production\streaming-eventos-hibridos-san-sebastian.html",".html","54166","29/04/2026 14:20:06"
"C:\EAR_OS_V2\.firebase\productora-ear-backend\hosting\production\streaming-eventos-hibridos-santander.html",".html","53903","29/04/2026 14:20:07"
"C:\EAR_OS_V2\.firebase\productora-ear-backend\hosting\production\streaming-eventos-hibridos-santiago.html",".html","53875","29/04/2026 14:20:06"
"C:\EAR_OS_V2\.firebase\productora-ear-backend\hosting\production\streaming-eventos-hibridos-segovia.html",".html","53847","29/04/2026 14:20:07"
"C:\EAR_OS_V2\.firebase\productora-ear-backend\hosting\production\streaming-eventos-hibridos-sevilla.html",".html","53847","29/04/2026 14:20:06"
"C:\EAR_OS_V2\.firebase\productora-ear-backend\hosting\production\streaming-eventos-hibridos-soria.html",".html","53791","29/04/2026 14:20:02"
"C:\EAR_OS_V2\.firebase\productora-ear-backend\hosting\production\streaming-eventos-hibridos-sotogrande.html",".html","53931","29/04/2026 14:20:07"
"C:\EAR_OS_V2\.firebase\productora-ear-backend\hosting\production\streaming-eventos-hibridos-tarragona.html",".html","53903","29/04/2026 14:20:07"
"C:\EAR_OS_V2\.firebase\productora-ear-backend\hosting\production\streaming-eventos-hibridos-teruel.html",".html","53819","29/04/2026 14:20:07"
"C:\EAR_OS_V2\.firebase\productora-ear-backend\hosting\production\streaming-eventos-hibridos-toledo.html",".html","53819","29/04/2026 14:20:06"
"C:\EAR_OS_V2\.firebase\productora-ear-backend\hosting\production\streaming-eventos-hibridos-torrejon-de-ardoz.html",".html","54405","29/04/2026 14:20:02"
"C:\EAR_OS_V2\.firebase\productora-ear-backend\hosting\production\streaming-eventos-hibridos-valdemoro.html",".html","53903","29/04/2026 14:20:03"
"C:\EAR_OS_V2\.firebase\productora-ear-backend\hosting\production\streaming-eventos-hibridos-valencia.html",".html","53875","29/04/2026 14:20:06"
"C:\EAR_OS_V2\.firebase\productora-ear-backend\hosting\production\streaming-eventos-hibridos-valladolid.html",".html","53931","29/04/2026 14:20:07"
"C:\EAR_OS_V2\.firebase\productora-ear-backend\hosting\production\streaming-eventos-hibridos-vigo.html",".html","53763","29/04/2026 14:20:07"
"C:\EAR_OS_V2\.firebase\productora-ear-backend\hosting\production\streaming-eventos-hibridos-zamora.html",".html","53819","29/04/2026 14:20:02"
"C:\EAR_OS_V2\.firebase\productora-ear-backend\hosting\production\streaming-eventos-hibridos-zaragoza.html",".html","53875","29/04/2026 14:20:06"
"C:\EAR_OS_V2\.firebase\productora-ear-backend\hosting\salamanca\configurador-bespoke.html",".html","31805","29/04/2026 14:20:06"
"C:\EAR_OS_V2\.firebase\productora-ear-backend\hosting\salamanca\dj-premium.html",".html","33444","29/04/2026 14:20:06"
"C:\EAR_OS_V2\.firebase\productora-ear-backend\hosting\salamanca\iluminacion-espectacular.html",".html","31283","29/04/2026 14:20:06"
"C:\EAR_OS_V2\.firebase\productora-ear-backend\hosting\salamanca\innovacion-social.html",".html","32933","29/04/2026 14:20:06"
"C:\EAR_OS_V2\.firebase\productora-ear-backend\hosting\salamanca\produccion-audiovisual.html",".html","31283","29/04/2026 14:20:06"
"C:\EAR_OS_V2\.firebase\productora-ear-backend\hosting\salamanca\sonorizacion-eventos.html",".html","31217","29/04/2026 14:20:06"
"C:\EAR_OS_V2\.firebase\productora-ear-backend\hosting\santa-cruz-de-tenerife\configurador-bespoke.html",".html","32104","29/04/2026 14:20:02"
"C:\EAR_OS_V2\.firebase\productora-ear-backend\hosting\santa-cruz-de-tenerife\dj-premium.html",".html","33769","29/04/2026 14:20:02"
"C:\EAR_OS_V2\.firebase\productora-ear-backend\hosting\santa-cruz-de-tenerife\iluminacion-espectacular.html",".html","31569","29/04/2026 14:20:02"
"C:\EAR_OS_V2\.firebase\productora-ear-backend\hosting\santa-cruz-de-tenerife\innovacion-social.html",".html","33245","29/04/2026 14:20:02"
"C:\EAR_OS_V2\.firebase\productora-ear-backend\hosting\santa-cruz-de-tenerife\produccion-audiovisual.html",".html","31569","29/04/2026 14:20:02"
"C:\EAR_OS_V2\.firebase\productora-ear-backend\hosting\santa-cruz-de-tenerife\sonorizacion-eventos.html",".html","31503","29/04/2026 14:20:02"
"C:\EAR_OS_V2\.firebase\productora-ear-backend\hosting\segovia\configurador-bespoke.html",".html","31761","29/04/2026 14:20:06"
"C:\EAR_OS_V2\.firebase\productora-ear-backend\hosting\segovia\dj-premium.html",".html","33396","29/04/2026 14:20:06"
"C:\EAR_OS_V2\.firebase\productora-ear-backend\hosting\segovia\iluminacion-espectacular.html",".html","31239","29/04/2026 14:20:06"
"C:\EAR_OS_V2\.firebase\productora-ear-backend\hosting\segovia\innovacion-social.html",".html","32885","29/04/2026 14:20:06"
"C:\EAR_OS_V2\.firebase\productora-ear-backend\hosting\segovia\produccion-audiovisual.html",".html","31239","29/04/2026 14:20:06"
"C:\EAR_OS_V2\.firebase\productora-ear-backend\hosting\segovia\sonorizacion-eventos.html",".html","31173","29/04/2026 14:20:06"
"C:\EAR_OS_V2\.firebase\productora-ear-backend\hosting\sevilla\configurador-bespoke.html",".html","31761","29/04/2026 14:20:07"
"C:\EAR_OS_V2\.firebase\productora-ear-backend\hosting\sevilla\dj-premium.html",".html","33396","29/04/2026 14:20:07"
"C:\EAR_OS_V2\.firebase\productora-ear-backend\hosting\sevilla\iluminacion-espectacular.html",".html","31239","29/04/2026 14:20:06"
"C:\EAR_OS_V2\.firebase\productora-ear-backend\hosting\sevilla\innovacion-social.html",".html","32885","29/04/2026 14:20:06"
"C:\EAR_OS_V2\.firebase\productora-ear-backend\hosting\sevilla\produccion-audiovisual.html",".html","31239","29/04/2026 14:20:07"
"C:\EAR_OS_V2\.firebase\productora-ear-backend\hosting\sevilla\sonorizacion-eventos.html",".html","31173","29/04/2026 14:20:06"
"C:\EAR_OS_V2\.firebase\productora-ear-backend\hosting\soria\configurador-bespoke.html",".html","31717","29/04/2026 14:20:07"
"C:\EAR_OS_V2\.firebase\productora-ear-backend\hosting\soria\dj-premium.html",".html","33348","29/04/2026 14:20:07"
"C:\EAR_OS_V2\.firebase\productora-ear-backend\hosting\soria\iluminacion-espectacular.html",".html","31195","29/04/2026 14:20:07"
"C:\EAR_OS_V2\.firebase\productora-ear-backend\hosting\soria\innovacion-social.html",".html","32837","29/04/2026 14:20:07"
"C:\EAR_OS_V2\.firebase\productora-ear-backend\hosting\soria\produccion-audiovisual.html",".html","31195","29/04/2026 14:20:07"
"C:\EAR_OS_V2\.firebase\productora-ear-backend\hosting\soria\sonorizacion-eventos.html",".html","31129","29/04/2026 14:20:07"
"C:\EAR_OS_V2\.firebase\productora-ear-backend\hosting\tarragona\configurador-bespoke.html",".html","31805","29/04/2026 14:20:02"
"C:\EAR_OS_V2\.firebase\productora-ear-backend\hosting\tarragona\dj-premium.html",".html","33444","29/04/2026 14:20:02"
"C:\EAR_OS_V2\.firebase\productora-ear-backend\hosting\tarragona\iluminacion-espectacular.html",".html","31283","29/04/2026 14:20:07"
"C:\EAR_OS_V2\.firebase\productora-ear-backend\hosting\tarragona\innovacion-social.html",".html","32933","29/04/2026 14:20:07"
"C:\EAR_OS_V2\.firebase\productora-ear-backend\hosting\tarragona\produccion-audiovisual.html",".html","31283","29/04/2026 14:20:02"
"C:\EAR_OS_V2\.firebase\productora-ear-backend\hosting\tarragona\sonorizacion-eventos.html",".html","31217","29/04/2026 14:20:07"
"C:\EAR_OS_V2\.firebase\productora-ear-backend\hosting\teruel\configurador-bespoke.html",".html","31739","29/04/2026 14:20:02"
"C:\EAR_OS_V2\.firebase\productora-ear-backend\hosting\teruel\dj-premium.html",".html","33372","29/04/2026 14:20:02"
"C:\EAR_OS_V2\.firebase\productora-ear-backend\hosting\teruel\iluminacion-espectacular.html",".html","31217","29/04/2026 14:20:02"
"C:\EAR_OS_V2\.firebase\productora-ear-backend\hosting\teruel\innovacion-social.html",".html","32861","29/04/2026 14:20:02"
"C:\EAR_OS_V2\.firebase\productora-ear-backend\hosting\teruel\produccion-audiovisual.html",".html","31217","29/04/2026 14:20:02"
"C:\EAR_OS_V2\.firebase\productora-ear-backend\hosting\teruel\sonorizacion-eventos.html",".html","31151","29/04/2026 14:20:02"
"C:\EAR_OS_V2\.firebase\productora-ear-backend\hosting\titan\budget.html",".html","52551","29/04/2026 14:20:05"
"C:\EAR_OS_V2\.firebase\productora-ear-backend\hosting\titan\match.html",".html","52523","29/04/2026 14:20:05"
"C:\EAR_OS_V2\.firebase\productora-ear-backend\hosting\titan\ops.html",".html","52467","29/04/2026 14:20:05"
"C:\EAR_OS_V2\.firebase\productora-ear-backend\hosting\titan\venues.html",".html","52551","29/04/2026 14:20:05"
"C:\EAR_OS_V2\.firebase\productora-ear-backend\hosting\toledo\configurador-bespoke.html",".html","31739","29/04/2026 14:20:02"
"C:\EAR_OS_V2\.firebase\productora-ear-backend\hosting\toledo\dj-premium.html",".html","33372","29/04/2026 14:20:02"
"C:\EAR_OS_V2\.firebase\productora-ear-backend\hosting\toledo\iluminacion-espectacular.html",".html","31217","29/04/2026 14:20:02"
"C:\EAR_OS_V2\.firebase\productora-ear-backend\hosting\toledo\innovacion-social.html",".html","32861","29/04/2026 14:20:02"
"C:\EAR_OS_V2\.firebase\productora-ear-backend\hosting\toledo\produccion-audiovisual.html",".html","31217","29/04/2026 14:20:02"
"C:\EAR_OS_V2\.firebase\productora-ear-backend\hosting\toledo\sonorizacion-eventos.html",".html","31151","29/04/2026 14:20:02"
"C:\EAR_OS_V2\.firebase\productora-ear-backend\hosting\tools\colaboracion-fotografos-a-coruna.html",".html","53731","29/04/2026 14:20:07"
"C:\EAR_OS_V2\.firebase\productora-ear-backend\hosting\tools\colaboracion-fotografos-albacete.html",".html","53591","29/04/2026 14:20:02"
"C:\EAR_OS_V2\.firebase\productora-ear-backend\hosting\tools\colaboracion-fotografos-alcala-de-henares.html",".html","54134","29/04/2026 14:20:02"
"C:\EAR_OS_V2\.firebase\productora-ear-backend\hosting\tools\colaboracion-fotografos-alcobendas.html",".html","53660","29/04/2026 14:20:03"
"C:\EAR_OS_V2\.firebase\productora-ear-backend\hosting\tools\colaboracion-fotografos-alcorcon.html",".html","53591","29/04/2026 14:20:02"
"C:\EAR_OS_V2\.firebase\productora-ear-backend\hosting\tools\colaboracion-fotografos-alicante.html",".html","53591","29/04/2026 14:20:07"
"C:\EAR_OS_V2\.firebase\productora-ear-backend\hosting\tools\colaboracion-fotografos-almeria.html",".html","53563","29/04/2026 14:20:02"
"C:\EAR_OS_V2\.firebase\productora-ear-backend\hosting\tools\colaboracion-fotografos-aranjuez.html",".html","53591","29/04/2026 14:20:03"
"C:\EAR_OS_V2\.firebase\productora-ear-backend\hosting\tools\colaboracion-fotografos-arganda-del-rey.html",".html","54078","29/04/2026 14:20:03"
"C:\EAR_OS_V2\.firebase\productora-ear-backend\hosting\tools\colaboracion-fotografos-avila.html",".html","53507","29/04/2026 14:20:07"
"C:\EAR_OS_V2\.firebase\productora-ear-backend\hosting\tools\colaboracion-fotografos-badajoz.html",".html","53563","29/04/2026 14:20:08"
"C:\EAR_OS_V2\.firebase\productora-ear-backend\hosting\tools\colaboracion-fotografos-barcelona.html",".html","53619","29/04/2026 14:20:07"
"C:\EAR_OS_V2\.firebase\productora-ear-backend\hosting\tools\colaboracion-fotografos-bilbao.html",".html","53535","29/04/2026 14:20:07"
"C:\EAR_OS_V2\.firebase\productora-ear-backend\hosting\tools\colaboracion-fotografos-boadilla-del-monte.html",".html","54162","29/04/2026 14:20:03"
"C:\EAR_OS_V2\.firebase\productora-ear-backend\hosting\tools\colaboracion-fotografos-burgos.html",".html","53535","29/04/2026 14:20:07"
"C:\EAR_OS_V2\.firebase\productora-ear-backend\hosting\tools\colaboracion-fotografos-caceres.html",".html","53563","29/04/2026 14:20:07"
"C:\EAR_OS_V2\.firebase\productora-ear-backend\hosting\tools\colaboracion-fotografos-cadiz.html",".html","53507","29/04/2026 14:20:08"
"C:\EAR_OS_V2\.firebase\productora-ear-backend\hosting\tools\colaboracion-fotografos-canarias.html",".html","53591","29/04/2026 14:20:07"
"C:\EAR_OS_V2\.firebase\productora-ear-backend\hosting\tools\colaboracion-fotografos-castellon.html",".html","53619","29/04/2026 14:20:02"
"C:\EAR_OS_V2\.firebase\productora-ear-backend\hosting\tools\colaboracion-fotografos-ciudad-real.html",".html","53815","29/04/2026 14:20:02"
"C:\EAR_OS_V2\.firebase\productora-ear-backend\hosting\tools\colaboracion-fotografos-collado-villalba.html",".html","53955","29/04/2026 14:20:03"
"C:\EAR_OS_V2\.firebase\productora-ear-backend\hosting\tools\colaboracion-fotografos-cordoba.html",".html","53563","29/04/2026 14:20:08"
"C:\EAR_OS_V2\.firebase\productora-ear-backend\hosting\tools\colaboracion-fotografos-coslada.html",".html","53563","29/04/2026 14:20:03"
"C:\EAR_OS_V2\.firebase\productora-ear-backend\hosting\tools\colaboracion-fotografos-cuenca.html",".html","53535","29/04/2026 14:20:02"
"C:\EAR_OS_V2\.firebase\productora-ear-backend\hosting\tools\colaboracion-fotografos-fuenlabrada.html",".html","53688","29/04/2026 14:20:02"
"C:\EAR_OS_V2\.firebase\productora-ear-backend\hosting\tools\colaboracion-fotografos-getafe.html",".html","53535","29/04/2026 14:20:03"
"C:\EAR_OS_V2\.firebase\productora-ear-backend\hosting\tools\colaboracion-fotografos-gijon.html",".html","53507","29/04/2026 14:20:07"
"C:\EAR_OS_V2\.firebase\productora-ear-backend\hosting\tools\colaboracion-fotografos-girona.html",".html","53535","29/04/2026 14:20:02"
"C:\EAR_OS_V2\.firebase\productora-ear-backend\hosting\tools\colaboracion-fotografos-granada.html",".html","53563","29/04/2026 14:20:07"
"C:\EAR_OS_V2\.firebase\productora-ear-backend\hosting\tools\colaboracion-fotografos-guadalajara.html",".html","53688","29/04/2026 14:20:02"
"C:\EAR_OS_V2\.firebase\productora-ear-backend\hosting\tools\colaboracion-fotografos-huelva.html",".html","53535","29/04/2026 14:20:08"
"C:\EAR_OS_V2\.firebase\productora-ear-backend\hosting\tools\colaboracion-fotografos-huesca.html",".html","53535","29/04/2026 14:20:02"
"C:\EAR_OS_V2\.firebase\productora-ear-backend\hosting\tools\colaboracion-fotografos-ibiza.html",".html","53507","29/04/2026 14:20:07"
"C:\EAR_OS_V2\.firebase\productora-ear-backend\hosting\tools\colaboracion-fotografos-jaen.html",".html","53479","29/04/2026 14:20:02"
"C:\EAR_OS_V2\.firebase\productora-ear-backend\hosting\tools\colaboracion-fotografos-la-moraleja.html",".html","53815","29/04/2026 14:20:07"
"C:\EAR_OS_V2\.firebase\productora-ear-backend\hosting\tools\colaboracion-fotografos-las-rozas.html",".html","53759","29/04/2026 14:20:03"
"C:\EAR_OS_V2\.firebase\productora-ear-backend\hosting\tools\colaboracion-fotografos-leganes.html",".html","53563","29/04/2026 14:20:02"
"C:\EAR_OS_V2\.firebase\productora-ear-backend\hosting\tools\colaboracion-fotografos-leon.html",".html","53479","29/04/2026 14:20:02"
"C:\EAR_OS_V2\.firebase\productora-ear-backend\hosting\tools\colaboracion-fotografos-lleida.html",".html","53535","29/04/2026 14:20:02"
"C:\EAR_OS_V2\.firebase\productora-ear-backend\hosting\tools\colaboracion-fotografos-logrono.html",".html","53563","29/04/2026 14:20:07"
"C:\EAR_OS_V2\.firebase\productora-ear-backend\hosting\tools\colaboracion-fotografos-lugo.html",".html","53479","29/04/2026 14:20:02"
"C:\EAR_OS_V2\.firebase\productora-ear-backend\hosting\tools\colaboracion-fotografos-madrid.html",".html","53535","29/04/2026 14:20:07"
"C:\EAR_OS_V2\.firebase\productora-ear-backend\hosting\tools\colaboracion-fotografos-majadahonda.html",".html","53688","29/04/2026 14:20:03"
"C:\EAR_OS_V2\.firebase\productora-ear-backend\hosting\tools\colaboracion-fotografos-malaga.html",".html","53535","29/04/2026 14:20:07"
"C:\EAR_OS_V2\.firebase\productora-ear-backend\hosting\tools\colaboracion-fotografos-mallorca.html",".html","53591","29/04/2026 14:20:07"
"C:\EAR_OS_V2\.firebase\productora-ear-backend\hosting\tools\colaboracion-fotografos-marbella.html",".html","53591","29/04/2026 14:20:07"
"C:\EAR_OS_V2\.firebase\productora-ear-backend\hosting\tools\colaboracion-fotografos-mostoles.html",".html","53591","29/04/2026 14:20:02"
"C:\EAR_OS_V2\.firebase\productora-ear-backend\hosting\tools\colaboracion-fotografos-murcia.html",".html","53535","29/04/2026 14:20:07"
"C:\EAR_OS_V2\.firebase\productora-ear-backend\hosting\tools\colaboracion-fotografos-ourense.html",".html","53563","29/04/2026 14:20:02"
"C:\EAR_OS_V2\.firebase\productora-ear-backend\hosting\tools\colaboracion-fotografos-oviedo.html",".html","53535","29/04/2026 14:20:07"
"C:\EAR_OS_V2\.firebase\productora-ear-backend\hosting\tools\colaboracion-fotografos-palencia.html",".html","53591","29/04/2026 14:20:02"
"C:\EAR_OS_V2\.firebase\productora-ear-backend\hosting\tools\colaboracion-fotografos-pamplona.html",".html","53591","29/04/2026 14:20:07"
"C:\EAR_OS_V2\.firebase\productora-ear-backend\hosting\tools\colaboracion-fotografos-parla.html",".html","53507","29/04/2026 14:20:03"
"C:\EAR_OS_V2\.firebase\productora-ear-backend\hosting\tools\colaboracion-fotografos-pontevedra.html",".html","53660","29/04/2026 14:20:02"
"C:\EAR_OS_V2\.firebase\productora-ear-backend\hosting\tools\colaboracion-fotografos-pozuelo-de-alarcon.html",".html","54162","29/04/2026 14:20:03"
"C:\EAR_OS_V2\.firebase\productora-ear-backend\hosting\tools\colaboracion-fotografos-rivas-vaciamadrid.html",".html","53983","29/04/2026 14:20:03"
"C:\EAR_OS_V2\.firebase\productora-ear-backend\hosting\tools\colaboracion-fotografos-salamanca.html",".html","53619","29/04/2026 14:20:07"
"C:\EAR_OS_V2\.firebase\productora-ear-backend\hosting\tools\colaboracion-fotografos-san-sebastian-de-los-reyes.html",".html","54664","29/04/2026 14:20:03"
"C:\EAR_OS_V2\.firebase\productora-ear-backend\hosting\tools\colaboracion-fotografos-san-sebastian.html",".html","53871","29/04/2026 14:20:07"
"C:\EAR_OS_V2\.firebase\productora-ear-backend\hosting\tools\colaboracion-fotografos-santander.html",".html","53619","29/04/2026 14:20:07"
"C:\EAR_OS_V2\.firebase\productora-ear-backend\hosting\tools\colaboracion-fotografos-santiago.html",".html","53591","29/04/2026 14:20:07"
"C:\EAR_OS_V2\.firebase\productora-ear-backend\hosting\tools\colaboracion-fotografos-segovia.html",".html","53563","29/04/2026 14:20:07"
"C:\EAR_OS_V2\.firebase\productora-ear-backend\hosting\tools\colaboracion-fotografos-sevilla.html",".html","53563","29/04/2026 14:20:07"
"C:\EAR_OS_V2\.firebase\productora-ear-backend\hosting\tools\colaboracion-fotografos-soria.html",".html","53507","29/04/2026 14:20:02"
"C:\EAR_OS_V2\.firebase\productora-ear-backend\hosting\tools\colaboracion-fotografos-sotogrande.html",".html","53660","29/04/2026 14:20:07"
"C:\EAR_OS_V2\.firebase\productora-ear-backend\hosting\tools\colaboracion-fotografos-tarragona.html",".html","53619","29/04/2026 14:20:02"
"C:\EAR_OS_V2\.firebase\productora-ear-backend\hosting\tools\colaboracion-fotografos-teruel.html",".html","53535","29/04/2026 14:20:02"
"C:\EAR_OS_V2\.firebase\productora-ear-backend\hosting\tools\colaboracion-fotografos-toledo.html",".html","53535","29/04/2026 14:20:07"
"C:\EAR_OS_V2\.firebase\productora-ear-backend\hosting\tools\colaboracion-fotografos-torrejon-de-ardoz.html",".html","54134","29/04/2026 14:20:03"
"C:\EAR_OS_V2\.firebase\productora-ear-backend\hosting\tools\colaboracion-fotografos-valdemoro.html",".html","53619","29/04/2026 14:20:03"
"C:\EAR_OS_V2\.firebase\productora-ear-backend\hosting\tools\colaboracion-fotografos-valencia.html",".html","53591","29/04/2026 14:20:07"
"C:\EAR_OS_V2\.firebase\productora-ear-backend\hosting\tools\colaboracion-fotografos-valladolid.html",".html","53660","29/04/2026 14:20:07"
"C:\EAR_OS_V2\.firebase\productora-ear-backend\hosting\tools\colaboracion-fotografos-vigo.html",".html","53479","29/04/2026 14:20:07"
"C:\EAR_OS_V2\.firebase\productora-ear-backend\hosting\tools\colaboracion-fotografos-zamora.html",".html","53535","29/04/2026 14:20:02"
"C:\EAR_OS_V2\.firebase\productora-ear-backend\hosting\tools\colaboracion-fotografos-zaragoza.html",".html","53591","29/04/2026 14:20:07"
"C:\EAR_OS_V2\.firebase\productora-ear-backend\hosting\tools\colaboracion-wedding-planners-a-coruna.html",".html","54050","29/04/2026 14:20:07"
"C:\EAR_OS_V2\.firebase\productora-ear-backend\hosting\tools\colaboracion-wedding-planners-albacete.html",".html","53899","29/04/2026 14:20:02"
"C:\EAR_OS_V2\.firebase\productora-ear-backend\hosting\tools\colaboracion-wedding-planners-alcala-de-henares.html",".html","54429","29/04/2026 14:20:02"
"C:\EAR_OS_V2\.firebase\productora-ear-backend\hosting\tools\colaboracion-wedding-planners-alcobendas.html",".html","53955","29/04/2026 14:20:03"
"C:\EAR_OS_V2\.firebase\productora-ear-backend\hosting\tools\colaboracion-wedding-planners-alcorcon.html",".html","53899","29/04/2026 14:20:03"
"C:\EAR_OS_V2\.firebase\productora-ear-backend\hosting\tools\colaboracion-wedding-planners-alicante.html",".html","53899","29/04/2026 14:20:07"
"C:\EAR_OS_V2\.firebase\productora-ear-backend\hosting\tools\colaboracion-wedding-planners-almeria.html",".html","53871","29/04/2026 14:20:02"
"C:\EAR_OS_V2\.firebase\productora-ear-backend\hosting\tools\colaboracion-wedding-planners-aranjuez.html",".html","53899","29/04/2026 14:20:03"
"C:\EAR_OS_V2\.firebase\productora-ear-backend\hosting\tools\colaboracion-wedding-planners-arganda-del-rey.html",".html","54373","29/04/2026 14:20:03"
"C:\EAR_OS_V2\.firebase\productora-ear-backend\hosting\tools\colaboracion-wedding-planners-avila.html",".html","53815","29/04/2026 14:20:07"
"C:\EAR_OS_V2\.firebase\productora-ear-backend\hosting\tools\colaboracion-wedding-planners-badajoz.html",".html","53871","29/04/2026 14:20:07"
"C:\EAR_OS_V2\.firebase\productora-ear-backend\hosting\tools\colaboracion-wedding-planners-barcelona.html",".html","53927","29/04/2026 14:20:07"
"C:\EAR_OS_V2\.firebase\productora-ear-backend\hosting\tools\colaboracion-wedding-planners-bilbao.html",".html","53843","29/04/2026 14:20:07"
"C:\EAR_OS_V2\.firebase\productora-ear-backend\hosting\tools\colaboracion-wedding-planners-boadilla-del-monte.html",".html","54457","29/04/2026 14:20:03"
"C:\EAR_OS_V2\.firebase\productora-ear-backend\hosting\tools\colaboracion-wedding-planners-burgos.html",".html","53843","29/04/2026 14:20:07"
"C:\EAR_OS_V2\.firebase\productora-ear-backend\hosting\tools\colaboracion-wedding-planners-caceres.html",".html","53871","29/04/2026 14:20:07"
"C:\EAR_OS_V2\.firebase\productora-ear-backend\hosting\tools\colaboracion-wedding-planners-cadiz.html",".html","53815","29/04/2026 14:20:07"
"C:\EAR_OS_V2\.firebase\productora-ear-backend\hosting\tools\colaboracion-wedding-planners-canarias.html",".html","53899","29/04/2026 14:20:07"
"C:\EAR_OS_V2\.firebase\productora-ear-backend\hosting\tools\colaboracion-wedding-planners-castellon.html",".html","53927","29/04/2026 14:20:02"
"C:\EAR_OS_V2\.firebase\productora-ear-backend\hosting\tools\colaboracion-wedding-planners-ciudad-real.html",".html","54134","29/04/2026 14:20:02"
"C:\EAR_OS_V2\.firebase\productora-ear-backend\hosting\tools\colaboracion-wedding-planners-collado-villalba.html",".html","54274","29/04/2026 14:20:03"
"C:\EAR_OS_V2\.firebase\productora-ear-backend\hosting\tools\colaboracion-wedding-planners-cordoba.html",".html","53871","29/04/2026 14:20:02"
"C:\EAR_OS_V2\.firebase\productora-ear-backend\hosting\tools\colaboracion-wedding-planners-coslada.html",".html","53871","29/04/2026 14:20:03"
"C:\EAR_OS_V2\.firebase\productora-ear-backend\hosting\tools\colaboracion-wedding-planners-cuenca.html",".html","53843","29/04/2026 14:20:02"
"C:\EAR_OS_V2\.firebase\productora-ear-backend\hosting\tools\colaboracion-wedding-planners-fuenlabrada.html",".html","53983","29/04/2026 14:20:02"
"C:\EAR_OS_V2\.firebase\productora-ear-backend\hosting\tools\colaboracion-wedding-planners-getafe.html",".html","53843","29/04/2026 14:20:03"
"C:\EAR_OS_V2\.firebase\productora-ear-backend\hosting\tools\colaboracion-wedding-planners-gijon.html",".html","53815","29/04/2026 14:20:07"
"C:\EAR_OS_V2\.firebase\productora-ear-backend\hosting\tools\colaboracion-wedding-planners-girona.html",".html","53843","29/04/2026 14:20:02"
"C:\EAR_OS_V2\.firebase\productora-ear-backend\hosting\tools\colaboracion-wedding-planners-granada.html",".html","53871","29/04/2026 14:20:07"
"C:\EAR_OS_V2\.firebase\productora-ear-backend\hosting\tools\colaboracion-wedding-planners-guadalajara.html",".html","53983","29/04/2026 14:20:02"
"C:\EAR_OS_V2\.firebase\productora-ear-backend\hosting\tools\colaboracion-wedding-planners-huelva.html",".html","53843","29/04/2026 14:20:02"
"C:\EAR_OS_V2\.firebase\productora-ear-backend\hosting\tools\colaboracion-wedding-planners-huesca.html",".html","53843","29/04/2026 14:20:02"
"C:\EAR_OS_V2\.firebase\productora-ear-backend\hosting\tools\colaboracion-wedding-planners-ibiza.html",".html","53815","29/04/2026 14:20:07"
"C:\EAR_OS_V2\.firebase\productora-ear-backend\hosting\tools\colaboracion-wedding-planners-jaen.html",".html","53787","29/04/2026 14:20:02"
"C:\EAR_OS_V2\.firebase\productora-ear-backend\hosting\tools\colaboracion-wedding-planners-la-moraleja.html",".html","54134","29/04/2026 14:20:07"
"C:\EAR_OS_V2\.firebase\productora-ear-backend\hosting\tools\colaboracion-wedding-planners-las-rozas.html",".html","54078","29/04/2026 14:20:03"
"C:\EAR_OS_V2\.firebase\productora-ear-backend\hosting\tools\colaboracion-wedding-planners-leganes.html",".html","53871","29/04/2026 14:20:03"
"C:\EAR_OS_V2\.firebase\productora-ear-backend\hosting\tools\colaboracion-wedding-planners-leon.html",".html","53787","29/04/2026 14:20:02"
"C:\EAR_OS_V2\.firebase\productora-ear-backend\hosting\tools\colaboracion-wedding-planners-lleida.html",".html","53843","29/04/2026 14:20:02"
"C:\EAR_OS_V2\.firebase\productora-ear-backend\hosting\tools\colaboracion-wedding-planners-logrono.html",".html","53871","29/04/2026 14:20:07"
"C:\EAR_OS_V2\.firebase\productora-ear-backend\hosting\tools\colaboracion-wedding-planners-lugo.html",".html","53787","29/04/2026 14:20:02"
"C:\EAR_OS_V2\.firebase\productora-ear-backend\hosting\tools\colaboracion-wedding-planners-madrid.html",".html","53843","29/04/2026 14:20:07"
"C:\EAR_OS_V2\.firebase\productora-ear-backend\hosting\tools\colaboracion-wedding-planners-majadahonda.html",".html","53983","29/04/2026 14:20:03"
"C:\EAR_OS_V2\.firebase\productora-ear-backend\hosting\tools\colaboracion-wedding-planners-malaga.html",".html","53843","29/04/2026 14:20:07"
"C:\EAR_OS_V2\.firebase\productora-ear-backend\hosting\tools\colaboracion-wedding-planners-mallorca.html",".html","53899","29/04/2026 14:20:07"
"C:\EAR_OS_V2\.firebase\productora-ear-backend\hosting\tools\colaboracion-wedding-planners-marbella.html",".html","53899","29/04/2026 14:20:07"
"C:\EAR_OS_V2\.firebase\productora-ear-backend\hosting\tools\colaboracion-wedding-planners-mostoles.html",".html","53899","29/04/2026 14:20:02"
"C:\EAR_OS_V2\.firebase\productora-ear-backend\hosting\tools\colaboracion-wedding-planners-murcia.html",".html","53843","29/04/2026 14:20:07"
"C:\EAR_OS_V2\.firebase\productora-ear-backend\hosting\tools\colaboracion-wedding-planners-ourense.html",".html","53871","29/04/2026 14:20:02"
"C:\EAR_OS_V2\.firebase\productora-ear-backend\hosting\tools\colaboracion-wedding-planners-oviedo.html",".html","53843","29/04/2026 14:20:07"
"C:\EAR_OS_V2\.firebase\productora-ear-backend\hosting\tools\colaboracion-wedding-planners-palencia.html",".html","53899","29/04/2026 14:20:02"
"C:\EAR_OS_V2\.firebase\productora-ear-backend\hosting\tools\colaboracion-wedding-planners-pamplona.html",".html","53899","29/04/2026 14:20:07"
"C:\EAR_OS_V2\.firebase\productora-ear-backend\hosting\tools\colaboracion-wedding-planners-parla.html",".html","53815","29/04/2026 14:20:03"
"C:\EAR_OS_V2\.firebase\productora-ear-backend\hosting\tools\colaboracion-wedding-planners-pontevedra.html",".html","53955","29/04/2026 14:20:02"
"C:\EAR_OS_V2\.firebase\productora-ear-backend\hosting\tools\colaboracion-wedding-planners-pozuelo-de-alarcon.html",".html","54457","29/04/2026 14:20:03"
"C:\EAR_OS_V2\.firebase\productora-ear-backend\hosting\tools\colaboracion-wedding-planners-rivas-vaciamadrid.html",".html","54302","29/04/2026 14:20:03"
"C:\EAR_OS_V2\.firebase\productora-ear-backend\hosting\tools\colaboracion-wedding-planners-salamanca.html",".html","53927","29/04/2026 14:20:07"
"C:\EAR_OS_V2\.firebase\productora-ear-backend\hosting\tools\colaboracion-wedding-planners-san-sebastian-de-los-reyes.html",".html","54959","29/04/2026 14:20:03"
"C:\EAR_OS_V2\.firebase\productora-ear-backend\hosting\tools\colaboracion-wedding-planners-san-sebastian.html",".html","54190","29/04/2026 14:20:07"
"C:\EAR_OS_V2\.firebase\productora-ear-backend\hosting\tools\colaboracion-wedding-planners-santander.html",".html","53927","29/04/2026 14:20:07"
"C:\EAR_OS_V2\.firebase\productora-ear-backend\hosting\tools\colaboracion-wedding-planners-santiago.html",".html","53899","29/04/2026 14:20:07"
"C:\EAR_OS_V2\.firebase\productora-ear-backend\hosting\tools\colaboracion-wedding-planners-segovia.html",".html","53871","29/04/2026 14:20:07"
"C:\EAR_OS_V2\.firebase\productora-ear-backend\hosting\tools\colaboracion-wedding-planners-sevilla.html",".html","53871","29/04/2026 14:20:07"
"C:\EAR_OS_V2\.firebase\productora-ear-backend\hosting\tools\colaboracion-wedding-planners-soria.html",".html","53815","29/04/2026 14:20:02"
"C:\EAR_OS_V2\.firebase\productora-ear-backend\hosting\tools\colaboracion-wedding-planners-sotogrande.html",".html","53955","29/04/2026 14:20:07"
"C:\EAR_OS_V2\.firebase\productora-ear-backend\hosting\tools\colaboracion-wedding-planners-tarragona.html",".html","53927","29/04/2026 14:20:02"
"C:\EAR_OS_V2\.firebase\productora-ear-backend\hosting\tools\colaboracion-wedding-planners-teruel.html",".html","53843","29/04/2026 14:20:02"
"C:\EAR_OS_V2\.firebase\productora-ear-backend\hosting\tools\colaboracion-wedding-planners-toledo.html",".html","53843","29/04/2026 14:20:07"
"C:\EAR_OS_V2\.firebase\productora-ear-backend\hosting\tools\colaboracion-wedding-planners-torrejon-de-ardoz.html",".html","54429","29/04/2026 14:20:03"
"C:\EAR_OS_V2\.firebase\productora-ear-backend\hosting\tools\colaboracion-wedding-planners-valdemoro.html",".html","53927","29/04/2026 14:20:03"
"C:\EAR_OS_V2\.firebase\productora-ear-backend\hosting\tools\colaboracion-wedding-planners-valencia.html",".html","53899","29/04/2026 14:20:07"
"C:\EAR_OS_V2\.firebase\productora-ear-backend\hosting\tools\colaboracion-wedding-planners-valladolid.html",".html","53955","29/04/2026 14:20:07"
"C:\EAR_OS_V2\.firebase\productora-ear-backend\hosting\tools\colaboracion-wedding-planners-vigo.html",".html","53787","29/04/2026 14:20:07"
"C:\EAR_OS_V2\.firebase\productora-ear-backend\hosting\tools\colaboracion-wedding-planners-zamora.html",".html","53843","29/04/2026 14:20:02"
"C:\EAR_OS_V2\.firebase\productora-ear-backend\hosting\tools\colaboracion-wedding-planners-zaragoza.html",".html","53899","29/04/2026 14:20:07"
"C:\EAR_OS_V2\.firebase\productora-ear-backend\hosting\tools\partner-djs-eventos-a-coruna.html",".html","53770","29/04/2026 14:20:04"
"C:\EAR_OS_V2\.firebase\productora-ear-backend\hosting\tools\partner-djs-eventos-albacete.html",".html","53619","29/04/2026 14:20:05"
"C:\EAR_OS_V2\.firebase\productora-ear-backend\hosting\tools\partner-djs-eventos-alcala-de-henares.html",".html","54149","29/04/2026 14:20:05"
"C:\EAR_OS_V2\.firebase\productora-ear-backend\hosting\tools\partner-djs-eventos-alcobendas.html",".html","53675","29/04/2026 14:20:06"
"C:\EAR_OS_V2\.firebase\productora-ear-backend\hosting\tools\partner-djs-eventos-alcorcon.html",".html","53619","29/04/2026 14:20:06"
"C:\EAR_OS_V2\.firebase\productora-ear-backend\hosting\tools\partner-djs-eventos-alicante.html",".html","53619","29/04/2026 14:20:03"
"C:\EAR_OS_V2\.firebase\productora-ear-backend\hosting\tools\partner-djs-eventos-almeria.html",".html","53591","29/04/2026 14:20:05"
"C:\EAR_OS_V2\.firebase\productora-ear-backend\hosting\tools\partner-djs-eventos-aranjuez.html",".html","53619","29/04/2026 14:20:06"
"C:\EAR_OS_V2\.firebase\productora-ear-backend\hosting\tools\partner-djs-eventos-arganda-del-rey.html",".html","54093","29/04/2026 14:20:07"
"C:\EAR_OS_V2\.firebase\productora-ear-backend\hosting\tools\partner-djs-eventos-avila.html",".html","53535","29/04/2026 14:20:04"
"C:\EAR_OS_V2\.firebase\productora-ear-backend\hosting\tools\partner-djs-eventos-badajoz.html",".html","53591","29/04/2026 14:20:04"
"C:\EAR_OS_V2\.firebase\productora-ear-backend\hosting\tools\partner-djs-eventos-barcelona.html",".html","53647","29/04/2026 14:20:03"
"C:\EAR_OS_V2\.firebase\productora-ear-backend\hosting\tools\partner-djs-eventos-bilbao.html",".html","53563","29/04/2026 14:20:03"
"C:\EAR_OS_V2\.firebase\productora-ear-backend\hosting\tools\partner-djs-eventos-boadilla-del-monte.html",".html","54177","29/04/2026 14:20:07"
"C:\EAR_OS_V2\.firebase\productora-ear-backend\hosting\tools\partner-djs-eventos-burgos.html",".html","53563","29/04/2026 14:20:04"
"C:\EAR_OS_V2\.firebase\productora-ear-backend\hosting\tools\partner-djs-eventos-caceres.html",".html","53591","29/04/2026 14:20:04"
"C:\EAR_OS_V2\.firebase\productora-ear-backend\hosting\tools\partner-djs-eventos-cadiz.html",".html","53535","29/04/2026 14:20:05"
"C:\EAR_OS_V2\.firebase\productora-ear-backend\hosting\tools\partner-djs-eventos-canarias.html",".html","53619","29/04/2026 14:20:04"
"C:\EAR_OS_V2\.firebase\productora-ear-backend\hosting\tools\partner-djs-eventos-castellon.html",".html","53647","29/04/2026 14:20:05"
"C:\EAR_OS_V2\.firebase\productora-ear-backend\hosting\tools\partner-djs-eventos-ciudad-real.html",".html","53854","29/04/2026 14:20:05"
"C:\EAR_OS_V2\.firebase\productora-ear-backend\hosting\tools\partner-djs-eventos-collado-villalba.html",".html","53994","29/04/2026 14:20:06"
"C:\EAR_OS_V2\.firebase\productora-ear-backend\hosting\tools\partner-djs-eventos-cordoba.html",".html","53591","29/04/2026 14:20:05"
"C:\EAR_OS_V2\.firebase\productora-ear-backend\hosting\tools\partner-djs-eventos-coslada.html",".html","53591","29/04/2026 14:20:06"
"C:\EAR_OS_V2\.firebase\productora-ear-backend\hosting\tools\partner-djs-eventos-cuenca.html",".html","53563","29/04/2026 14:20:05"
"C:\EAR_OS_V2\.firebase\productora-ear-backend\hosting\tools\partner-djs-eventos-fuenlabrada.html",".html","53703","29/04/2026 14:20:06"
"C:\EAR_OS_V2\.firebase\productora-ear-backend\hosting\tools\partner-djs-eventos-getafe.html",".html","53563","29/04/2026 14:20:06"
"C:\EAR_OS_V2\.firebase\productora-ear-backend\hosting\tools\partner-djs-eventos-gijon.html",".html","53535","29/04/2026 14:20:04"
"C:\EAR_OS_V2\.firebase\productora-ear-backend\hosting\tools\partner-djs-eventos-girona.html",".html","53563","29/04/2026 14:20:05"
"C:\EAR_OS_V2\.firebase\productora-ear-backend\hosting\tools\partner-djs-eventos-granada.html",".html","53591","29/04/2026 14:20:04"
"C:\EAR_OS_V2\.firebase\productora-ear-backend\hosting\tools\partner-djs-eventos-guadalajara.html",".html","53703","29/04/2026 14:20:05"
"C:\EAR_OS_V2\.firebase\productora-ear-backend\hosting\tools\partner-djs-eventos-huelva.html",".html","53563","29/04/2026 14:20:05"
"C:\EAR_OS_V2\.firebase\productora-ear-backend\hosting\tools\partner-djs-eventos-huesca.html",".html","53563","29/04/2026 14:20:05"
"C:\EAR_OS_V2\.firebase\productora-ear-backend\hosting\tools\partner-djs-eventos-ibiza.html",".html","53535","29/04/2026 14:20:03"
"C:\EAR_OS_V2\.firebase\productora-ear-backend\hosting\tools\partner-djs-eventos-jaen.html",".html","53507","29/04/2026 14:20:05"
"C:\EAR_OS_V2\.firebase\productora-ear-backend\hosting\tools\partner-djs-eventos-la-moraleja.html",".html","53854","29/04/2026 14:20:04"
"C:\EAR_OS_V2\.firebase\productora-ear-backend\hosting\tools\partner-djs-eventos-las-rozas.html",".html","53798","29/04/2026 14:20:06"
"C:\EAR_OS_V2\.firebase\productora-ear-backend\hosting\tools\partner-djs-eventos-leganes.html",".html","53591","29/04/2026 14:20:06"
"C:\EAR_OS_V2\.firebase\productora-ear-backend\hosting\tools\partner-djs-eventos-leon.html",".html","53507","29/04/2026 14:20:05"
"C:\EAR_OS_V2\.firebase\productora-ear-backend\hosting\tools\partner-djs-eventos-lleida.html",".html","53563","29/04/2026 14:20:05"
"C:\EAR_OS_V2\.firebase\productora-ear-backend\hosting\tools\partner-djs-eventos-logrono.html",".html","53591","29/04/2026 14:20:04"
"C:\EAR_OS_V2\.firebase\productora-ear-backend\hosting\tools\partner-djs-eventos-lugo.html",".html","53507","29/04/2026 14:20:05"
"C:\EAR_OS_V2\.firebase\productora-ear-backend\hosting\tools\partner-djs-eventos-madrid.html",".html","53563","29/04/2026 14:20:03"
"C:\EAR_OS_V2\.firebase\productora-ear-backend\hosting\tools\partner-djs-eventos-majadahonda.html",".html","53703","29/04/2026 14:20:06"
"C:\EAR_OS_V2\.firebase\productora-ear-backend\hosting\tools\partner-djs-eventos-malaga.html",".html","53563","29/04/2026 14:20:04"
"C:\EAR_OS_V2\.firebase\productora-ear-backend\hosting\tools\partner-djs-eventos-mallorca.html",".html","53619","29/04/2026 14:20:03"
"C:\EAR_OS_V2\.firebase\productora-ear-backend\hosting\tools\partner-djs-eventos-marbella.html",".html","53619","29/04/2026 14:20:03"
"C:\EAR_OS_V2\.firebase\productora-ear-backend\hosting\tools\partner-djs-eventos-mostoles.html",".html","53619","29/04/2026 14:20:05"
"C:\EAR_OS_V2\.firebase\productora-ear-backend\hosting\tools\partner-djs-eventos-murcia.html",".html","53563","29/04/2026 14:20:04"
"C:\EAR_OS_V2\.firebase\productora-ear-backend\hosting\tools\partner-djs-eventos-ourense.html",".html","53591","29/04/2026 14:20:05"
"C:\EAR_OS_V2\.firebase\productora-ear-backend\hosting\tools\partner-djs-eventos-oviedo.html",".html","53563","29/04/2026 14:20:04"
"C:\EAR_OS_V2\.firebase\productora-ear-backend\hosting\tools\partner-djs-eventos-palencia.html",".html","53619","29/04/2026 14:20:05"
"C:\EAR_OS_V2\.firebase\productora-ear-backend\hosting\tools\partner-djs-eventos-pamplona.html",".html","53619","29/04/2026 14:20:04"
"C:\EAR_OS_V2\.firebase\productora-ear-backend\hosting\tools\partner-djs-eventos-parla.html",".html","53535","29/04/2026 14:20:06"
"C:\EAR_OS_V2\.firebase\productora-ear-backend\hosting\tools\partner-djs-eventos-pontevedra.html",".html","53675","29/04/2026 14:20:05"
"C:\EAR_OS_V2\.firebase\productora-ear-backend\hosting\tools\partner-djs-eventos-pozuelo-de-alarcon.html",".html","54177","29/04/2026 14:20:06"
"C:\EAR_OS_V2\.firebase\productora-ear-backend\hosting\tools\partner-djs-eventos-rivas-vaciamadrid.html",".html","54022","29/04/2026 14:20:06"
"C:\EAR_OS_V2\.firebase\productora-ear-backend\hosting\tools\partner-djs-eventos-salamanca.html",".html","53647","29/04/2026 14:20:04"
"C:\EAR_OS_V2\.firebase\productora-ear-backend\hosting\tools\partner-djs-eventos-san-sebastian-de-los-reyes.html",".html","54679","29/04/2026 14:20:06"
"C:\EAR_OS_V2\.firebase\productora-ear-backend\hosting\tools\partner-djs-eventos-san-sebastian.html",".html","53910","29/04/2026 14:20:04"
"C:\EAR_OS_V2\.firebase\productora-ear-backend\hosting\tools\partner-djs-eventos-santander.html",".html","53647","29/04/2026 14:20:04"
"C:\EAR_OS_V2\.firebase\productora-ear-backend\hosting\tools\partner-djs-eventos-santiago.html",".html","53619","29/04/2026 14:20:04"
"C:\EAR_OS_V2\.firebase\productora-ear-backend\hosting\tools\partner-djs-eventos-segovia.html",".html","53591","29/04/2026 14:20:04"
"C:\EAR_OS_V2\.firebase\productora-ear-backend\hosting\tools\partner-djs-eventos-sevilla.html",".html","53591","29/04/2026 14:20:03"
"C:\EAR_OS_V2\.firebase\productora-ear-backend\hosting\tools\partner-djs-eventos-soria.html",".html","53535","29/04/2026 14:20:05"
"C:\EAR_OS_V2\.firebase\productora-ear-backend\hosting\tools\partner-djs-eventos-sotogrande.html",".html","53675","29/04/2026 14:20:04"
"C:\EAR_OS_V2\.firebase\productora-ear-backend\hosting\tools\partner-djs-eventos-tarragona.html",".html","53647","29/04/2026 14:20:05"
"C:\EAR_OS_V2\.firebase\productora-ear-backend\hosting\tools\partner-djs-eventos-teruel.html",".html","53563","29/04/2026 14:20:05"
"C:\EAR_OS_V2\.firebase\productora-ear-backend\hosting\tools\partner-djs-eventos-toledo.html",".html","53563","29/04/2026 14:20:04"
"C:\EAR_OS_V2\.firebase\productora-ear-backend\hosting\tools\partner-djs-eventos-torrejon-de-ardoz.html",".html","54149","29/04/2026 14:20:06"
"C:\EAR_OS_V2\.firebase\productora-ear-backend\hosting\tools\partner-djs-eventos-valdemoro.html",".html","53647","29/04/2026 14:20:06"
"C:\EAR_OS_V2\.firebase\productora-ear-backend\hosting\tools\partner-djs-eventos-valencia.html",".html","53619","29/04/2026 14:20:03"
"C:\EAR_OS_V2\.firebase\productora-ear-backend\hosting\tools\partner-djs-eventos-valladolid.html",".html","53675","29/04/2026 14:20:04"
"C:\EAR_OS_V2\.firebase\productora-ear-backend\hosting\tools\partner-djs-eventos-vigo.html",".html","53507","29/04/2026 14:20:04"
"C:\EAR_OS_V2\.firebase\productora-ear-backend\hosting\tools\partner-djs-eventos-zamora.html",".html","53563","29/04/2026 14:20:05"
"C:\EAR_OS_V2\.firebase\productora-ear-backend\hosting\tools\partner-djs-eventos-zaragoza.html",".html","53619","29/04/2026 14:20:04"
"C:\EAR_OS_V2\.firebase\productora-ear-backend\hosting\tools\partner-fincas-eventos-a-coruna.html",".html","53854","29/04/2026 14:20:04"
"C:\EAR_OS_V2\.firebase\productora-ear-backend\hosting\tools\partner-fincas-eventos-albacete.html",".html","53703","29/04/2026 14:20:05"
"C:\EAR_OS_V2\.firebase\productora-ear-backend\hosting\tools\partner-fincas-eventos-alcala-de-henares.html",".html","54233","29/04/2026 14:20:05"
"C:\EAR_OS_V2\.firebase\productora-ear-backend\hosting\tools\partner-fincas-eventos-alcobendas.html",".html","53759","29/04/2026 14:20:05"
"C:\EAR_OS_V2\.firebase\productora-ear-backend\hosting\tools\partner-fincas-eventos-alcorcon.html",".html","53703","29/04/2026 14:20:05"
"C:\EAR_OS_V2\.firebase\productora-ear-backend\hosting\tools\partner-fincas-eventos-alicante.html",".html","53703","29/04/2026 14:20:04"
"C:\EAR_OS_V2\.firebase\productora-ear-backend\hosting\tools\partner-fincas-eventos-almeria.html",".html","53675","29/04/2026 14:20:05"
"C:\EAR_OS_V2\.firebase\productora-ear-backend\hosting\tools\partner-fincas-eventos-aranjuez.html",".html","53703","29/04/2026 14:20:06"
"C:\EAR_OS_V2\.firebase\productora-ear-backend\hosting\tools\partner-fincas-eventos-arganda-del-rey.html",".html","54177","29/04/2026 14:20:06"
"C:\EAR_OS_V2\.firebase\productora-ear-backend\hosting\tools\partner-fincas-eventos-avila.html",".html","53619","29/04/2026 14:20:04"
"C:\EAR_OS_V2\.firebase\productora-ear-backend\hosting\tools\partner-fincas-eventos-badajoz.html",".html","53675","29/04/2026 14:20:05"
"C:\EAR_OS_V2\.firebase\productora-ear-backend\hosting\tools\partner-fincas-eventos-barcelona.html",".html","53731","29/04/2026 14:20:03"
"C:\EAR_OS_V2\.firebase\productora-ear-backend\hosting\tools\partner-fincas-eventos-bilbao.html",".html","53647","29/04/2026 14:20:03"
"C:\EAR_OS_V2\.firebase\productora-ear-backend\hosting\tools\partner-fincas-eventos-boadilla-del-monte.html",".html","54261","29/04/2026 14:20:06"
"C:\EAR_OS_V2\.firebase\productora-ear-backend\hosting\tools\partner-fincas-eventos-burgos.html",".html","53647","29/04/2026 14:20:04"
"C:\EAR_OS_V2\.firebase\productora-ear-backend\hosting\tools\partner-fincas-eventos-caceres.html",".html","53675","29/04/2026 14:20:05"
"C:\EAR_OS_V2\.firebase\productora-ear-backend\hosting\tools\partner-fincas-eventos-cadiz.html",".html","53619","29/04/2026 14:20:05"
"C:\EAR_OS_V2\.firebase\productora-ear-backend\hosting\tools\partner-fincas-eventos-canarias.html",".html","53703","29/04/2026 14:20:04"
"C:\EAR_OS_V2\.firebase\productora-ear-backend\hosting\tools\partner-fincas-eventos-castellon.html",".html","53731","29/04/2026 14:20:05"
"C:\EAR_OS_V2\.firebase\productora-ear-backend\hosting\tools\partner-fincas-eventos-ciudad-real.html",".html","53938","29/04/2026 14:20:05"
"C:\EAR_OS_V2\.firebase\productora-ear-backend\hosting\tools\partner-fincas-eventos-collado-villalba.html",".html","54078","29/04/2026 14:20:06"
"C:\EAR_OS_V2\.firebase\productora-ear-backend\hosting\tools\partner-fincas-eventos-cordoba.html",".html","53675","29/04/2026 14:20:05"
"C:\EAR_OS_V2\.firebase\productora-ear-backend\hosting\tools\partner-fincas-eventos-coslada.html",".html","53675","29/04/2026 14:20:05"
"C:\EAR_OS_V2\.firebase\productora-ear-backend\hosting\tools\partner-fincas-eventos-cuenca.html",".html","53647","29/04/2026 14:20:05"
"C:\EAR_OS_V2\.firebase\productora-ear-backend\hosting\tools\partner-fincas-eventos-fuenlabrada.html",".html","53787","29/04/2026 14:20:05"
"C:\EAR_OS_V2\.firebase\productora-ear-backend\hosting\tools\partner-fincas-eventos-getafe.html",".html","53647","29/04/2026 14:20:05"
"C:\EAR_OS_V2\.firebase\productora-ear-backend\hosting\tools\partner-fincas-eventos-gijon.html",".html","53619","29/04/2026 14:20:04"
"C:\EAR_OS_V2\.firebase\productora-ear-backend\hosting\tools\partner-fincas-eventos-girona.html",".html","53647","29/04/2026 14:20:05"
"C:\EAR_OS_V2\.firebase\productora-ear-backend\hosting\tools\partner-fincas-eventos-granada.html",".html","53675","29/04/2026 14:20:04"
"C:\EAR_OS_V2\.firebase\productora-ear-backend\hosting\tools\partner-fincas-eventos-guadalajara.html",".html","53787","29/04/2026 14:20:05"
"C:\EAR_OS_V2\.firebase\productora-ear-backend\hosting\tools\partner-fincas-eventos-huelva.html",".html","53647","29/04/2026 14:20:05"
"C:\EAR_OS_V2\.firebase\productora-ear-backend\hosting\tools\partner-fincas-eventos-huesca.html",".html","53647","29/04/2026 14:20:05"
"C:\EAR_OS_V2\.firebase\productora-ear-backend\hosting\tools\partner-fincas-eventos-ibiza.html",".html","53619","29/04/2026 14:20:03"
"C:\EAR_OS_V2\.firebase\productora-ear-backend\hosting\tools\partner-fincas-eventos-jaen.html",".html","53591","29/04/2026 14:20:05"
"C:\EAR_OS_V2\.firebase\productora-ear-backend\hosting\tools\partner-fincas-eventos-la-moraleja.html",".html","53938","29/04/2026 14:20:04"
"C:\EAR_OS_V2\.firebase\productora-ear-backend\hosting\tools\partner-fincas-eventos-las-rozas.html",".html","53882","29/04/2026 14:20:05"
"C:\EAR_OS_V2\.firebase\productora-ear-backend\hosting\tools\partner-fincas-eventos-leganes.html",".html","53675","29/04/2026 14:20:05"
"C:\EAR_OS_V2\.firebase\productora-ear-backend\hosting\tools\partner-fincas-eventos-leon.html",".html","53591","29/04/2026 14:20:05"
"C:\EAR_OS_V2\.firebase\productora-ear-backend\hosting\tools\partner-fincas-eventos-lleida.html",".html","53647","29/04/2026 14:20:05"
"C:\EAR_OS_V2\.firebase\productora-ear-backend\hosting\tools\partner-fincas-eventos-logrono.html",".html","53675","29/04/2026 14:20:04"
"C:\EAR_OS_V2\.firebase\productora-ear-backend\hosting\tools\partner-fincas-eventos-lugo.html",".html","53591","29/04/2026 14:20:05"
"C:\EAR_OS_V2\.firebase\productora-ear-backend\hosting\tools\partner-fincas-eventos-madrid.html",".html","53647","29/04/2026 14:20:03"
"C:\EAR_OS_V2\.firebase\productora-ear-backend\hosting\tools\partner-fincas-eventos-majadahonda.html",".html","53787","29/04/2026 14:20:05"
"C:\EAR_OS_V2\.firebase\productora-ear-backend\hosting\tools\partner-fincas-eventos-malaga.html",".html","53647","29/04/2026 14:20:04"
"C:\EAR_OS_V2\.firebase\productora-ear-backend\hosting\tools\partner-fincas-eventos-mallorca.html",".html","53703","29/04/2026 14:20:04"
"C:\EAR_OS_V2\.firebase\productora-ear-backend\hosting\tools\partner-fincas-eventos-marbella.html",".html","53703","29/04/2026 14:20:03"
"C:\EAR_OS_V2\.firebase\productora-ear-backend\hosting\tools\partner-fincas-eventos-mostoles.html",".html","53703","29/04/2026 14:20:05"
"C:\EAR_OS_V2\.firebase\productora-ear-backend\hosting\tools\partner-fincas-eventos-murcia.html",".html","53647","29/04/2026 14:20:04"
"C:\EAR_OS_V2\.firebase\productora-ear-backend\hosting\tools\partner-fincas-eventos-ourense.html",".html","53675","29/04/2026 14:20:05"
"C:\EAR_OS_V2\.firebase\productora-ear-backend\hosting\tools\partner-fincas-eventos-oviedo.html",".html","53647","29/04/2026 14:20:04"
"C:\EAR_OS_V2\.firebase\productora-ear-backend\hosting\tools\partner-fincas-eventos-palencia.html",".html","53703","29/04/2026 14:20:05"
"C:\EAR_OS_V2\.firebase\productora-ear-backend\hosting\tools\partner-fincas-eventos-pamplona.html",".html","53703","29/04/2026 14:20:04"
"C:\EAR_OS_V2\.firebase\productora-ear-backend\hosting\tools\partner-fincas-eventos-parla.html",".html","53619","29/04/2026 14:20:05"
"C:\EAR_OS_V2\.firebase\productora-ear-backend\hosting\tools\partner-fincas-eventos-pontevedra.html",".html","53759","29/04/2026 14:20:05"
"C:\EAR_OS_V2\.firebase\productora-ear-backend\hosting\tools\partner-fincas-eventos-pozuelo-de-alarcon.html",".html","54261","29/04/2026 14:20:05"
"C:\EAR_OS_V2\.firebase\productora-ear-backend\hosting\tools\partner-fincas-eventos-rivas-vaciamadrid.html",".html","54106","29/04/2026 14:20:06"
"C:\EAR_OS_V2\.firebase\productora-ear-backend\hosting\tools\partner-fincas-eventos-salamanca.html",".html","53731","29/04/2026 14:20:04"
"C:\EAR_OS_V2\.firebase\productora-ear-backend\hosting\tools\partner-fincas-eventos-san-sebastian-de-los-reyes.html",".html","54763","29/04/2026 14:20:05"
"C:\EAR_OS_V2\.firebase\productora-ear-backend\hosting\tools\partner-fincas-eventos-san-sebastian.html",".html","53994","29/04/2026 14:20:04"
"C:\EAR_OS_V2\.firebase\productora-ear-backend\hosting\tools\partner-fincas-eventos-santander.html",".html","53731","29/04/2026 14:20:04"
"C:\EAR_OS_V2\.firebase\productora-ear-backend\hosting\tools\partner-fincas-eventos-santiago.html",".html","53703","29/04/2026 14:20:04"
"C:\EAR_OS_V2\.firebase\productora-ear-backend\hosting\tools\partner-fincas-eventos-segovia.html",".html","53675","29/04/2026 14:20:04"
"C:\EAR_OS_V2\.firebase\productora-ear-backend\hosting\tools\partner-fincas-eventos-sevilla.html",".html","53675","29/04/2026 14:20:03"
"C:\EAR_OS_V2\.firebase\productora-ear-backend\hosting\tools\partner-fincas-eventos-soria.html",".html","53619","29/04/2026 14:20:05"
"C:\EAR_OS_V2\.firebase\productora-ear-backend\hosting\tools\partner-fincas-eventos-sotogrande.html",".html","53759","29/04/2026 14:20:04"
"C:\EAR_OS_V2\.firebase\productora-ear-backend\hosting\tools\partner-fincas-eventos-tarragona.html",".html","53731","29/04/2026 14:20:05"
"C:\EAR_OS_V2\.firebase\productora-ear-backend\hosting\tools\partner-fincas-eventos-teruel.html",".html","53647","29/04/2026 14:20:05"
"C:\EAR_OS_V2\.firebase\productora-ear-backend\hosting\tools\partner-fincas-eventos-toledo.html",".html","53647","29/04/2026 14:20:04"
"C:\EAR_OS_V2\.firebase\productora-ear-backend\hosting\tools\partner-fincas-eventos-torrejon-de-ardoz.html",".html","54233","29/04/2026 14:20:05"
"C:\EAR_OS_V2\.firebase\productora-ear-backend\hosting\tools\partner-fincas-eventos-valdemoro.html",".html","53731","29/04/2026 14:20:06"
"C:\EAR_OS_V2\.firebase\productora-ear-backend\hosting\tools\partner-fincas-eventos-valencia.html",".html","53703","29/04/2026 14:20:03"
"C:\EAR_OS_V2\.firebase\productora-ear-backend\hosting\tools\partner-fincas-eventos-valladolid.html",".html","53759","29/04/2026 14:20:04"
"C:\EAR_OS_V2\.firebase\productora-ear-backend\hosting\tools\partner-fincas-eventos-vigo.html",".html","53591","29/04/2026 14:20:04"
"C:\EAR_OS_V2\.firebase\productora-ear-backend\hosting\tools\partner-fincas-eventos-zamora.html",".html","53647","29/04/2026 14:20:05"
"C:\EAR_OS_V2\.firebase\productora-ear-backend\hosting\tools\partner-fincas-eventos-zaragoza.html",".html","53703","29/04/2026 14:20:04"
"C:\EAR_OS_V2\.firebase\productora-ear-backend\hosting\valencia\configurador-bespoke.html",".html","31783","29/04/2026 14:20:03"
"C:\EAR_OS_V2\.firebase\productora-ear-backend\hosting\valencia\dj-premium.html",".html","33420","29/04/2026 14:20:03"
"C:\EAR_OS_V2\.firebase\productora-ear-backend\hosting\valencia\iluminacion-espectacular.html",".html","31261","29/04/2026 14:20:02"
"C:\EAR_OS_V2\.firebase\productora-ear-backend\hosting\valencia\innovacion-social.html",".html","32909","29/04/2026 14:20:02"
"C:\EAR_OS_V2\.firebase\productora-ear-backend\hosting\valencia\produccion-audiovisual.html",".html","31261","29/04/2026 14:20:03"
"C:\EAR_OS_V2\.firebase\productora-ear-backend\hosting\valencia\sonorizacion-eventos.html",".html","31195","29/04/2026 14:20:02"
"C:\EAR_OS_V2\.firebase\productora-ear-backend\hosting\valladolid\configurador-bespoke.html",".html","31827","29/04/2026 14:20:03"
"C:\EAR_OS_V2\.firebase\productora-ear-backend\hosting\valladolid\dj-premium.html",".html","33468","29/04/2026 14:20:03"
"C:\EAR_OS_V2\.firebase\productora-ear-backend\hosting\valladolid\iluminacion-espectacular.html",".html","31305","29/04/2026 14:20:03"
"C:\EAR_OS_V2\.firebase\productora-ear-backend\hosting\valladolid\innovacion-social.html",".html","32957","29/04/2026 14:20:03"
"C:\EAR_OS_V2\.firebase\productora-ear-backend\hosting\valladolid\produccion-audiovisual.html",".html","31305","29/04/2026 14:20:03"
"C:\EAR_OS_V2\.firebase\productora-ear-backend\hosting\valladolid\sonorizacion-eventos.html",".html","31239","29/04/2026 14:20:03"
"C:\EAR_OS_V2\.firebase\productora-ear-backend\hosting\vizcaya\configurador-bespoke.html",".html","31761","29/04/2026 14:20:03"
"C:\EAR_OS_V2\.firebase\productora-ear-backend\hosting\vizcaya\dj-premium.html",".html","33396","29/04/2026 14:20:03"
"C:\EAR_OS_V2\.firebase\productora-ear-backend\hosting\vizcaya\iluminacion-espectacular.html",".html","31239","29/04/2026 14:20:03"
"C:\EAR_OS_V2\.firebase\productora-ear-backend\hosting\vizcaya\innovacion-social.html",".html","32885","29/04/2026 14:20:03"
"C:\EAR_OS_V2\.firebase\productora-ear-backend\hosting\vizcaya\produccion-audiovisual.html",".html","31239","29/04/2026 14:20:03"
"C:\EAR_OS_V2\.firebase\productora-ear-backend\hosting\vizcaya\sonorizacion-eventos.html",".html","31173","29/04/2026 14:20:03"
"C:\EAR_OS_V2\.firebase\productora-ear-backend\hosting\weddings\catering-boda-premium-a-coruna.html",".html","53862","29/04/2026 14:20:06"
"C:\EAR_OS_V2\.firebase\productora-ear-backend\hosting\weddings\catering-boda-premium-albacete.html",".html","53711","29/04/2026 14:20:07"
"C:\EAR_OS_V2\.firebase\productora-ear-backend\hosting\weddings\catering-boda-premium-alcala-de-henares.html",".html","54241","29/04/2026 14:20:02"
"C:\EAR_OS_V2\.firebase\productora-ear-backend\hosting\weddings\catering-boda-premium-alcobendas.html",".html","53767","29/04/2026 14:20:02"
"C:\EAR_OS_V2\.firebase\productora-ear-backend\hosting\weddings\catering-boda-premium-alcorcon.html",".html","53711","29/04/2026 14:20:02"
"C:\EAR_OS_V2\.firebase\productora-ear-backend\hosting\weddings\catering-boda-premium-alicante.html",".html","53711","29/04/2026 14:20:06"
"C:\EAR_OS_V2\.firebase\productora-ear-backend\hosting\weddings\catering-boda-premium-almeria.html",".html","53683","29/04/2026 14:20:07"
"C:\EAR_OS_V2\.firebase\productora-ear-backend\hosting\weddings\catering-boda-premium-aranjuez.html",".html","53711","29/04/2026 14:20:02"
"C:\EAR_OS_V2\.firebase\productora-ear-backend\hosting\weddings\catering-boda-premium-arganda-del-rey.html",".html","54185","29/04/2026 14:20:02"
"C:\EAR_OS_V2\.firebase\productora-ear-backend\hosting\weddings\catering-boda-premium-avila.html",".html","53627","29/04/2026 14:20:07"
"C:\EAR_OS_V2\.firebase\productora-ear-backend\hosting\weddings\catering-boda-premium-badajoz.html",".html","53683","29/04/2026 14:20:07"
"C:\EAR_OS_V2\.firebase\productora-ear-backend\hosting\weddings\catering-boda-premium-barcelona.html",".html","53739","29/04/2026 14:20:06"
"C:\EAR_OS_V2\.firebase\productora-ear-backend\hosting\weddings\catering-boda-premium-bilbao.html",".html","53655","29/04/2026 14:20:06"
"C:\EAR_OS_V2\.firebase\productora-ear-backend\hosting\weddings\catering-boda-premium-boadilla-del-monte.html",".html","54269","29/04/2026 14:20:03"
"C:\EAR_OS_V2\.firebase\productora-ear-backend\hosting\weddings\catering-boda-premium-burgos.html",".html","53655","29/04/2026 14:20:07"
"C:\EAR_OS_V2\.firebase\productora-ear-backend\hosting\weddings\catering-boda-premium-caceres.html",".html","53683","29/04/2026 14:20:07"
"C:\EAR_OS_V2\.firebase\productora-ear-backend\hosting\weddings\catering-boda-premium-cadiz.html",".html","53627","29/04/2026 14:20:07"
"C:\EAR_OS_V2\.firebase\productora-ear-backend\hosting\weddings\catering-boda-premium-canarias.html",".html","53711","29/04/2026 14:20:06"
"C:\EAR_OS_V2\.firebase\productora-ear-backend\hosting\weddings\catering-boda-premium-castellon.html",".html","53739","29/04/2026 14:20:07"
"C:\EAR_OS_V2\.firebase\productora-ear-backend\hosting\weddings\catering-boda-premium-ciudad-real.html",".html","53946","29/04/2026 14:20:07"
"C:\EAR_OS_V2\.firebase\productora-ear-backend\hosting\weddings\catering-boda-premium-collado-villalba.html",".html","54086","29/04/2026 14:20:02"
"C:\EAR_OS_V2\.firebase\productora-ear-backend\hosting\weddings\catering-boda-premium-cordoba.html",".html","53683","29/04/2026 14:20:07"
"C:\EAR_OS_V2\.firebase\productora-ear-backend\hosting\weddings\catering-boda-premium-coslada.html",".html","53683","29/04/2026 14:20:02"
"C:\EAR_OS_V2\.firebase\productora-ear-backend\hosting\weddings\catering-boda-premium-cuenca.html",".html","53655","29/04/2026 14:20:07"
"C:\EAR_OS_V2\.firebase\productora-ear-backend\hosting\weddings\catering-boda-premium-fuenlabrada.html",".html","53795","29/04/2026 14:20:02"
"C:\EAR_OS_V2\.firebase\productora-ear-backend\hosting\weddings\catering-boda-premium-getafe.html",".html","53655","29/04/2026 14:20:02"
"C:\EAR_OS_V2\.firebase\productora-ear-backend\hosting\weddings\catering-boda-premium-gijon.html",".html","53627","29/04/2026 14:20:07"
"C:\EAR_OS_V2\.firebase\productora-ear-backend\hosting\weddings\catering-boda-premium-girona.html",".html","53655","29/04/2026 14:20:07"
"C:\EAR_OS_V2\.firebase\productora-ear-backend\hosting\weddings\catering-boda-premium-granada.html",".html","53683","29/04/2026 14:20:06"
"C:\EAR_OS_V2\.firebase\productora-ear-backend\hosting\weddings\catering-boda-premium-guadalajara.html",".html","53795","29/04/2026 14:20:07"
"C:\EAR_OS_V2\.firebase\productora-ear-backend\hosting\weddings\catering-boda-premium-huelva.html",".html","53655","29/04/2026 14:20:07"
"C:\EAR_OS_V2\.firebase\productora-ear-backend\hosting\weddings\catering-boda-premium-huesca.html",".html","53655","29/04/2026 14:20:07"
"C:\EAR_OS_V2\.firebase\productora-ear-backend\hosting\weddings\catering-boda-premium-ibiza.html",".html","53627","29/04/2026 14:20:06"
"C:\EAR_OS_V2\.firebase\productora-ear-backend\hosting\weddings\catering-boda-premium-jaen.html",".html","53599","29/04/2026 14:20:07"
"C:\EAR_OS_V2\.firebase\productora-ear-backend\hosting\weddings\catering-boda-premium-la-moraleja.html",".html","53946","29/04/2026 14:20:06"
"C:\EAR_OS_V2\.firebase\productora-ear-backend\hosting\weddings\catering-boda-premium-las-rozas.html",".html","53890","29/04/2026 14:20:02"
"C:\EAR_OS_V2\.firebase\productora-ear-backend\hosting\weddings\catering-boda-premium-leganes.html",".html","53683","29/04/2026 14:20:02"
"C:\EAR_OS_V2\.firebase\productora-ear-backend\hosting\weddings\catering-boda-premium-leon.html",".html","53599","29/04/2026 14:20:02"
"C:\EAR_OS_V2\.firebase\productora-ear-backend\hosting\weddings\catering-boda-premium-lleida.html",".html","53655","29/04/2026 14:20:07"
"C:\EAR_OS_V2\.firebase\productora-ear-backend\hosting\weddings\catering-boda-premium-logrono.html",".html","53683","29/04/2026 14:20:07"
"C:\EAR_OS_V2\.firebase\productora-ear-backend\hosting\weddings\catering-boda-premium-lugo.html",".html","53599","29/04/2026 14:20:07"
"C:\EAR_OS_V2\.firebase\productora-ear-backend\hosting\weddings\catering-boda-premium-madrid.html",".html","53655","29/04/2026 14:20:06"
"C:\EAR_OS_V2\.firebase\productora-ear-backend\hosting\weddings\catering-boda-premium-majadahonda.html",".html","53795","29/04/2026 14:20:02"
"C:\EAR_OS_V2\.firebase\productora-ear-backend\hosting\weddings\catering-boda-premium-malaga.html",".html","53655","29/04/2026 14:20:06"
"C:\EAR_OS_V2\.firebase\productora-ear-backend\hosting\weddings\catering-boda-premium-mallorca.html",".html","53711","29/04/2026 14:20:06"
"C:\EAR_OS_V2\.firebase\productora-ear-backend\hosting\weddings\catering-boda-premium-marbella.html",".html","53711","29/04/2026 14:20:06"
"C:\EAR_OS_V2\.firebase\productora-ear-backend\hosting\weddings\catering-boda-premium-mostoles.html",".html","53711","29/04/2026 14:20:02"
"C:\EAR_OS_V2\.firebase\productora-ear-backend\hosting\weddings\catering-boda-premium-murcia.html",".html","53655","29/04/2026 14:20:06"
"C:\EAR_OS_V2\.firebase\productora-ear-backend\hosting\weddings\catering-boda-premium-ourense.html",".html","53683","29/04/2026 14:20:07"
"C:\EAR_OS_V2\.firebase\productora-ear-backend\hosting\weddings\catering-boda-premium-oviedo.html",".html","53655","29/04/2026 14:20:07"
"C:\EAR_OS_V2\.firebase\productora-ear-backend\hosting\weddings\catering-boda-premium-palencia.html",".html","53711","29/04/2026 14:20:02"
"C:\EAR_OS_V2\.firebase\productora-ear-backend\hosting\weddings\catering-boda-premium-pamplona.html",".html","53711","29/04/2026 14:20:07"
"C:\EAR_OS_V2\.firebase\productora-ear-backend\hosting\weddings\catering-boda-premium-parla.html",".html","53627","29/04/2026 14:20:02"
"C:\EAR_OS_V2\.firebase\productora-ear-backend\hosting\weddings\catering-boda-premium-pontevedra.html",".html","53767","29/04/2026 14:20:02"
"C:\EAR_OS_V2\.firebase\productora-ear-backend\hosting\weddings\catering-boda-premium-pozuelo-de-alarcon.html",".html","54269","29/04/2026 14:20:02"
"C:\EAR_OS_V2\.firebase\productora-ear-backend\hosting\weddings\catering-boda-premium-rivas-vaciamadrid.html",".html","54114","29/04/2026 14:20:02"
"C:\EAR_OS_V2\.firebase\productora-ear-backend\hosting\weddings\catering-boda-premium-salamanca.html",".html","53739","29/04/2026 14:20:07"
"C:\EAR_OS_V2\.firebase\productora-ear-backend\hosting\weddings\catering-boda-premium-san-sebastian-de-los-reyes.html",".html","54771","29/04/2026 14:20:02"
"C:\EAR_OS_V2\.firebase\productora-ear-backend\hosting\weddings\catering-boda-premium-san-sebastian.html",".html","54002","29/04/2026 14:20:06"
"C:\EAR_OS_V2\.firebase\productora-ear-backend\hosting\weddings\catering-boda-premium-santander.html",".html","53739","29/04/2026 14:20:07"
"C:\EAR_OS_V2\.firebase\productora-ear-backend\hosting\weddings\catering-boda-premium-santiago.html",".html","53711","29/04/2026 14:20:06"
"C:\EAR_OS_V2\.firebase\productora-ear-backend\hosting\weddings\catering-boda-premium-segovia.html",".html","53683","29/04/2026 14:20:07"
"C:\EAR_OS_V2\.firebase\productora-ear-backend\hosting\weddings\catering-boda-premium-sevilla.html",".html","53683","29/04/2026 14:20:06"
"C:\EAR_OS_V2\.firebase\productora-ear-backend\hosting\weddings\catering-boda-premium-soria.html",".html","53627","29/04/2026 14:20:02"
"C:\EAR_OS_V2\.firebase\productora-ear-backend\hosting\weddings\catering-boda-premium-sotogrande.html",".html","53767","29/04/2026 14:20:06"
"C:\EAR_OS_V2\.firebase\productora-ear-backend\hosting\weddings\catering-boda-premium-tarragona.html",".html","53739","29/04/2026 14:20:07"
"C:\EAR_OS_V2\.firebase\productora-ear-backend\hosting\weddings\catering-boda-premium-teruel.html",".html","53655","29/04/2026 14:20:07"
"C:\EAR_OS_V2\.firebase\productora-ear-backend\hosting\weddings\catering-boda-premium-toledo.html",".html","53655","29/04/2026 14:20:06"
"C:\EAR_OS_V2\.firebase\productora-ear-backend\hosting\weddings\catering-boda-premium-torrejon-de-ardoz.html",".html","54241","29/04/2026 14:20:02"
"C:\EAR_OS_V2\.firebase\productora-ear-backend\hosting\weddings\catering-boda-premium-valdemoro.html",".html","53739","29/04/2026 14:20:02"
"C:\EAR_OS_V2\.firebase\productora-ear-backend\hosting\weddings\catering-boda-premium-valencia.html",".html","53711","29/04/2026 14:20:06"
"C:\EAR_OS_V2\.firebase\productora-ear-backend\hosting\weddings\catering-boda-premium-valladolid.html",".html","53767","29/04/2026 14:20:06"
"C:\EAR_OS_V2\.firebase\productora-ear-backend\hosting\weddings\catering-boda-premium-vigo.html",".html","53599","29/04/2026 14:20:06"
"C:\EAR_OS_V2\.firebase\productora-ear-backend\hosting\weddings\catering-boda-premium-zamora.html",".html","53655","29/04/2026 14:20:02"
"C:\EAR_OS_V2\.firebase\productora-ear-backend\hosting\weddings\catering-boda-premium-zaragoza.html",".html","53711","29/04/2026 14:20:06"
"C:\EAR_OS_V2\.firebase\productora-ear-backend\hosting\weddings\coches-bodas-lujo-a-coruna.html",".html","53750","29/04/2026 14:20:07"
"C:\EAR_OS_V2\.firebase\productora-ear-backend\hosting\weddings\coches-bodas-lujo-albacete.html",".html","53599","29/04/2026 14:20:08"
"C:\EAR_OS_V2\.firebase\productora-ear-backend\hosting\weddings\coches-bodas-lujo-alcala-de-henares.html",".html","54129","29/04/2026 14:20:02"
"C:\EAR_OS_V2\.firebase\productora-ear-backend\hosting\weddings\coches-bodas-lujo-alcobendas.html",".html","53655","29/04/2026 14:20:02"
"C:\EAR_OS_V2\.firebase\productora-ear-backend\hosting\weddings\coches-bodas-lujo-alcorcon.html",".html","53599","29/04/2026 14:20:02"
"C:\EAR_OS_V2\.firebase\productora-ear-backend\hosting\weddings\coches-bodas-lujo-alicante.html",".html","53599","29/04/2026 14:20:06"
"C:\EAR_OS_V2\.firebase\productora-ear-backend\hosting\weddings\coches-bodas-lujo-almeria.html",".html","53571","29/04/2026 14:20:07"
"C:\EAR_OS_V2\.firebase\productora-ear-backend\hosting\weddings\coches-bodas-lujo-aranjuez.html",".html","53599","29/04/2026 14:20:03"
"C:\EAR_OS_V2\.firebase\productora-ear-backend\hosting\weddings\coches-bodas-lujo-arganda-del-rey.html",".html","54073","29/04/2026 14:20:03"
"C:\EAR_OS_V2\.firebase\productora-ear-backend\hosting\weddings\coches-bodas-lujo-avila.html",".html","53515","29/04/2026 14:20:07"
"C:\EAR_OS_V2\.firebase\productora-ear-backend\hosting\weddings\coches-bodas-lujo-badajoz.html",".html","53571","29/04/2026 14:20:07"
"C:\EAR_OS_V2\.firebase\productora-ear-backend\hosting\weddings\coches-bodas-lujo-barcelona.html",".html","53627","29/04/2026 14:20:06"
"C:\EAR_OS_V2\.firebase\productora-ear-backend\hosting\weddings\coches-bodas-lujo-bilbao.html",".html","53543","29/04/2026 14:20:06"
"C:\EAR_OS_V2\.firebase\productora-ear-backend\hosting\weddings\coches-bodas-lujo-boadilla-del-monte.html",".html","54157","29/04/2026 14:20:03"
"C:\EAR_OS_V2\.firebase\productora-ear-backend\hosting\weddings\coches-bodas-lujo-burgos.html",".html","53543","29/04/2026 14:20:07"
"C:\EAR_OS_V2\.firebase\productora-ear-backend\hosting\weddings\coches-bodas-lujo-caceres.html",".html","53571","29/04/2026 14:20:07"
"C:\EAR_OS_V2\.firebase\productora-ear-backend\hosting\weddings\coches-bodas-lujo-cadiz.html",".html","53515","29/04/2026 14:20:07"
"C:\EAR_OS_V2\.firebase\productora-ear-backend\hosting\weddings\coches-bodas-lujo-canarias.html",".html","53599","29/04/2026 14:20:07"
"C:\EAR_OS_V2\.firebase\productora-ear-backend\hosting\weddings\coches-bodas-lujo-castellon.html",".html","53627","29/04/2026 14:20:07"
"C:\EAR_OS_V2\.firebase\productora-ear-backend\hosting\weddings\coches-bodas-lujo-ciudad-real.html",".html","53834","29/04/2026 14:20:08"
"C:\EAR_OS_V2\.firebase\productora-ear-backend\hosting\weddings\coches-bodas-lujo-collado-villalba.html",".html","53974","29/04/2026 14:20:02"
"C:\EAR_OS_V2\.firebase\productora-ear-backend\hosting\weddings\coches-bodas-lujo-cordoba.html",".html","53571","29/04/2026 14:20:07"
"C:\EAR_OS_V2\.firebase\productora-ear-backend\hosting\weddings\coches-bodas-lujo-coslada.html",".html","53571","29/04/2026 14:20:02"
"C:\EAR_OS_V2\.firebase\productora-ear-backend\hosting\weddings\coches-bodas-lujo-cuenca.html",".html","53543","29/04/2026 14:20:08"
"C:\EAR_OS_V2\.firebase\productora-ear-backend\hosting\weddings\coches-bodas-lujo-fuenlabrada.html",".html","53683","29/04/2026 14:20:02"
"C:\EAR_OS_V2\.firebase\productora-ear-backend\hosting\weddings\coches-bodas-lujo-getafe.html",".html","53543","29/04/2026 14:20:02"
"C:\EAR_OS_V2\.firebase\productora-ear-backend\hosting\weddings\coches-bodas-lujo-gijon.html",".html","53515","29/04/2026 14:20:07"
"C:\EAR_OS_V2\.firebase\productora-ear-backend\hosting\weddings\coches-bodas-lujo-girona.html",".html","53543","29/04/2026 14:20:07"
"C:\EAR_OS_V2\.firebase\productora-ear-backend\hosting\weddings\coches-bodas-lujo-granada.html",".html","53571","29/04/2026 14:20:07"
"C:\EAR_OS_V2\.firebase\productora-ear-backend\hosting\weddings\coches-bodas-lujo-guadalajara.html",".html","53683","29/04/2026 14:20:08"
"C:\EAR_OS_V2\.firebase\productora-ear-backend\hosting\weddings\coches-bodas-lujo-huelva.html",".html","53543","29/04/2026 14:20:07"
"C:\EAR_OS_V2\.firebase\productora-ear-backend\hosting\weddings\coches-bodas-lujo-huesca.html",".html","53543","29/04/2026 14:20:07"
"C:\EAR_OS_V2\.firebase\productora-ear-backend\hosting\weddings\coches-bodas-lujo-ibiza.html",".html","53515","29/04/2026 14:20:06"
"C:\EAR_OS_V2\.firebase\productora-ear-backend\hosting\weddings\coches-bodas-lujo-jaen.html",".html","53487","29/04/2026 14:20:07"
"C:\EAR_OS_V2\.firebase\productora-ear-backend\hosting\weddings\coches-bodas-lujo-la-moraleja.html",".html","53834","29/04/2026 14:20:07"
"C:\EAR_OS_V2\.firebase\productora-ear-backend\hosting\weddings\coches-bodas-lujo-las-rozas.html",".html","53778","29/04/2026 14:20:02"
"C:\EAR_OS_V2\.firebase\productora-ear-backend\hosting\weddings\coches-bodas-lujo-leganes.html",".html","53571","29/04/2026 14:20:02"
"C:\EAR_OS_V2\.firebase\productora-ear-backend\hosting\weddings\coches-bodas-lujo-leon.html",".html","53487","29/04/2026 14:20:02"
"C:\EAR_OS_V2\.firebase\productora-ear-backend\hosting\weddings\coches-bodas-lujo-lleida.html",".html","53543","29/04/2026 14:20:07"
"C:\EAR_OS_V2\.firebase\productora-ear-backend\hosting\weddings\coches-bodas-lujo-logrono.html",".html","53571","29/04/2026 14:20:07"
"C:\EAR_OS_V2\.firebase\productora-ear-backend\hosting\weddings\coches-bodas-lujo-lugo.html",".html","53487","29/04/2026 14:20:02"
"C:\EAR_OS_V2\.firebase\productora-ear-backend\hosting\weddings\coches-bodas-lujo-madrid.html",".html","53543","29/04/2026 14:20:06"
"C:\EAR_OS_V2\.firebase\productora-ear-backend\hosting\weddings\coches-bodas-lujo-majadahonda.html",".html","53683","29/04/2026 14:20:02"
"C:\EAR_OS_V2\.firebase\productora-ear-backend\hosting\weddings\coches-bodas-lujo-malaga.html",".html","53543","29/04/2026 14:20:06"
"C:\EAR_OS_V2\.firebase\productora-ear-backend\hosting\weddings\coches-bodas-lujo-mallorca.html",".html","53599","29/04/2026 14:20:06"
"C:\EAR_OS_V2\.firebase\productora-ear-backend\hosting\weddings\coches-bodas-lujo-marbella.html",".html","53599","29/04/2026 14:20:06"
"C:\EAR_OS_V2\.firebase\productora-ear-backend\hosting\weddings\coches-bodas-lujo-mostoles.html",".html","53599","29/04/2026 14:20:02"
"C:\EAR_OS_V2\.firebase\productora-ear-backend\hosting\weddings\coches-bodas-lujo-murcia.html",".html","53543","29/04/2026 14:20:06"
"C:\EAR_OS_V2\.firebase\productora-ear-backend\hosting\weddings\coches-bodas-lujo-ourense.html",".html","53571","29/04/2026 14:20:02"
"C:\EAR_OS_V2\.firebase\productora-ear-backend\hosting\weddings\coches-bodas-lujo-oviedo.html",".html","53543","29/04/2026 14:20:07"
"C:\EAR_OS_V2\.firebase\productora-ear-backend\hosting\weddings\coches-bodas-lujo-palencia.html",".html","53599","29/04/2026 14:20:02"
"C:\EAR_OS_V2\.firebase\productora-ear-backend\hosting\weddings\coches-bodas-lujo-pamplona.html",".html","53599","29/04/2026 14:20:07"
"C:\EAR_OS_V2\.firebase\productora-ear-backend\hosting\weddings\coches-bodas-lujo-parla.html",".html","53515","29/04/2026 14:20:02"
"C:\EAR_OS_V2\.firebase\productora-ear-backend\hosting\weddings\coches-bodas-lujo-pontevedra.html",".html","53655","29/04/2026 14:20:02"
"C:\EAR_OS_V2\.firebase\productora-ear-backend\hosting\weddings\coches-bodas-lujo-pozuelo-de-alarcon.html",".html","54157","29/04/2026 14:20:02"
"C:\EAR_OS_V2\.firebase\productora-ear-backend\hosting\weddings\coches-bodas-lujo-rivas-vaciamadrid.html",".html","54002","29/04/2026 14:20:02"
"C:\EAR_OS_V2\.firebase\productora-ear-backend\hosting\weddings\coches-bodas-lujo-salamanca.html",".html","53627","29/04/2026 14:20:07"
"C:\EAR_OS_V2\.firebase\productora-ear-backend\hosting\weddings\coches-bodas-lujo-san-sebastian-de-los-reyes.html",".html","54659","29/04/2026 14:20:02"
"C:\EAR_OS_V2\.firebase\productora-ear-backend\hosting\weddings\coches-bodas-lujo-san-sebastian.html",".html","53890","29/04/2026 14:20:07"
"C:\EAR_OS_V2\.firebase\productora-ear-backend\hosting\weddings\coches-bodas-lujo-santander.html",".html","53627","29/04/2026 14:20:07"
"C:\EAR_OS_V2\.firebase\productora-ear-backend\hosting\weddings\coches-bodas-lujo-santiago.html",".html","53599","29/04/2026 14:20:07"
"C:\EAR_OS_V2\.firebase\productora-ear-backend\hosting\weddings\coches-bodas-lujo-segovia.html",".html","53571","29/04/2026 14:20:07"
"C:\EAR_OS_V2\.firebase\productora-ear-backend\hosting\weddings\coches-bodas-lujo-sevilla.html",".html","53571","29/04/2026 14:20:06"
"C:\EAR_OS_V2\.firebase\productora-ear-backend\hosting\weddings\coches-bodas-lujo-soria.html",".html","53515","29/04/2026 14:20:02"
"C:\EAR_OS_V2\.firebase\productora-ear-backend\hosting\weddings\coches-bodas-lujo-sotogrande.html",".html","53655","29/04/2026 14:20:07"
"C:\EAR_OS_V2\.firebase\productora-ear-backend\hosting\weddings\coches-bodas-lujo-tarragona.html",".html","53627","29/04/2026 14:20:07"
"C:\EAR_OS_V2\.firebase\productora-ear-backend\hosting\weddings\coches-bodas-lujo-teruel.html",".html","53543","29/04/2026 14:20:07"
"C:\EAR_OS_V2\.firebase\productora-ear-backend\hosting\weddings\coches-bodas-lujo-toledo.html",".html","53543","29/04/2026 14:20:07"
"C:\EAR_OS_V2\.firebase\productora-ear-backend\hosting\weddings\coches-bodas-lujo-torrejon-de-ardoz.html",".html","54129","29/04/2026 14:20:02"
"C:\EAR_OS_V2\.firebase\productora-ear-backend\hosting\weddings\coches-bodas-lujo-valdemoro.html",".html","53627","29/04/2026 14:20:02"
"C:\EAR_OS_V2\.firebase\productora-ear-backend\hosting\weddings\coches-bodas-lujo-valencia.html",".html","53599","29/04/2026 14:20:06"
"C:\EAR_OS_V2\.firebase\productora-ear-backend\hosting\weddings\coches-bodas-lujo-valladolid.html",".html","53655","29/04/2026 14:20:07"
"C:\EAR_OS_V2\.firebase\productora-ear-backend\hosting\weddings\coches-bodas-lujo-vigo.html",".html","53487","29/04/2026 14:20:07"
"C:\EAR_OS_V2\.firebase\productora-ear-backend\hosting\weddings\coches-bodas-lujo-zamora.html",".html","53543","29/04/2026 14:20:02"
"C:\EAR_OS_V2\.firebase\productora-ear-backend\hosting\weddings\coches-bodas-lujo-zaragoza.html",".html","53599","29/04/2026 14:20:06"
"C:\EAR_OS_V2\.firebase\productora-ear-backend\hosting\weddings\decoracion-floral-premium-a-coruna.html",".html","53974","29/04/2026 14:20:07"
"C:\EAR_OS_V2\.firebase\productora-ear-backend\hosting\weddings\decoracion-floral-premium-albacete.html",".html","53823","29/04/2026 14:20:02"
"C:\EAR_OS_V2\.firebase\productora-ear-backend\hosting\weddings\decoracion-floral-premium-alcala-de-henares.html",".html","54353","29/04/2026 14:20:02"
"C:\EAR_OS_V2\.firebase\productora-ear-backend\hosting\weddings\decoracion-floral-premium-alcobendas.html",".html","53879","29/04/2026 14:20:02"
"C:\EAR_OS_V2\.firebase\productora-ear-backend\hosting\weddings\decoracion-floral-premium-alcorcon.html",".html","53823","29/04/2026 14:20:02"
"C:\EAR_OS_V2\.firebase\productora-ear-backend\hosting\weddings\decoracion-floral-premium-alicante.html",".html","53823","29/04/2026 14:20:06"
"C:\EAR_OS_V2\.firebase\productora-ear-backend\hosting\weddings\decoracion-floral-premium-almeria.html",".html","53795","29/04/2026 14:20:07"
"C:\EAR_OS_V2\.firebase\productora-ear-backend\hosting\weddings\decoracion-floral-premium-aranjuez.html",".html","53823","29/04/2026 14:20:02"
"C:\EAR_OS_V2\.firebase\productora-ear-backend\hosting\weddings\decoracion-floral-premium-arganda-del-rey.html",".html","54297","29/04/2026 14:20:02"
"C:\EAR_OS_V2\.firebase\productora-ear-backend\hosting\weddings\decoracion-floral-premium-avila.html",".html","53739","29/04/2026 14:20:07"
"C:\EAR_OS_V2\.firebase\productora-ear-backend\hosting\weddings\decoracion-floral-premium-badajoz.html",".html","53795","29/04/2026 14:20:07"
"C:\EAR_OS_V2\.firebase\productora-ear-backend\hosting\weddings\decoracion-floral-premium-barcelona.html",".html","53851","29/04/2026 14:20:06"
"C:\EAR_OS_V2\.firebase\productora-ear-backend\hosting\weddings\decoracion-floral-premium-bilbao.html",".html","53767","29/04/2026 14:20:06"
"C:\EAR_OS_V2\.firebase\productora-ear-backend\hosting\weddings\decoracion-floral-premium-boadilla-del-monte.html",".html","54381","29/04/2026 14:20:02"
"C:\EAR_OS_V2\.firebase\productora-ear-backend\hosting\weddings\decoracion-floral-premium-burgos.html",".html","53767","29/04/2026 14:20:07"
"C:\EAR_OS_V2\.firebase\productora-ear-backend\hosting\weddings\decoracion-floral-premium-caceres.html",".html","53795","29/04/2026 14:20:07"
"C:\EAR_OS_V2\.firebase\productora-ear-backend\hosting\weddings\decoracion-floral-premium-cadiz.html",".html","53739","29/04/2026 14:20:07"
"C:\EAR_OS_V2\.firebase\productora-ear-backend\hosting\weddings\decoracion-floral-premium-canarias.html",".html","53823","29/04/2026 14:20:07"
"C:\EAR_OS_V2\.firebase\productora-ear-backend\hosting\weddings\decoracion-floral-premium-castellon.html",".html","53851","29/04/2026 14:20:07"
"C:\EAR_OS_V2\.firebase\productora-ear-backend\hosting\weddings\decoracion-floral-premium-ciudad-real.html",".html","54058","29/04/2026 14:20:02"
"C:\EAR_OS_V2\.firebase\productora-ear-backend\hosting\weddings\decoracion-floral-premium-collado-villalba.html",".html","54198","29/04/2026 14:20:02"
"C:\EAR_OS_V2\.firebase\productora-ear-backend\hosting\weddings\decoracion-floral-premium-cordoba.html",".html","53795","29/04/2026 14:20:07"
"C:\EAR_OS_V2\.firebase\productora-ear-backend\hosting\weddings\decoracion-floral-premium-coslada.html",".html","53795","29/04/2026 14:20:02"
"C:\EAR_OS_V2\.firebase\productora-ear-backend\hosting\weddings\decoracion-floral-premium-cuenca.html",".html","53767","29/04/2026 14:20:07"
"C:\EAR_OS_V2\.firebase\productora-ear-backend\hosting\weddings\decoracion-floral-premium-fuenlabrada.html",".html","53907","29/04/2026 14:20:02"
"C:\EAR_OS_V2\.firebase\productora-ear-backend\hosting\weddings\decoracion-floral-premium-getafe.html",".html","53767","29/04/2026 14:20:02"
"C:\EAR_OS_V2\.firebase\productora-ear-backend\hosting\weddings\decoracion-floral-premium-gijon.html",".html","53739","29/04/2026 14:20:07"
"C:\EAR_OS_V2\.firebase\productora-ear-backend\hosting\weddings\decoracion-floral-premium-girona.html",".html","53767","29/04/2026 14:20:07"
"C:\EAR_OS_V2\.firebase\productora-ear-backend\hosting\weddings\decoracion-floral-premium-granada.html",".html","53795","29/04/2026 14:20:07"
"C:\EAR_OS_V2\.firebase\productora-ear-backend\hosting\weddings\decoracion-floral-premium-guadalajara.html",".html","53907","29/04/2026 14:20:07"
"C:\EAR_OS_V2\.firebase\productora-ear-backend\hosting\weddings\decoracion-floral-premium-huelva.html",".html","53767","29/04/2026 14:20:07"
"C:\EAR_OS_V2\.firebase\productora-ear-backend\hosting\weddings\decoracion-floral-premium-huesca.html",".html","53767","29/04/2026 14:20:07"
"C:\EAR_OS_V2\.firebase\productora-ear-backend\hosting\weddings\decoracion-floral-premium-ibiza.html",".html","53739","29/04/2026 14:20:06"
"C:\EAR_OS_V2\.firebase\productora-ear-backend\hosting\weddings\decoracion-floral-premium-jaen.html",".html","53711","29/04/2026 14:20:07"
"C:\EAR_OS_V2\.firebase\productora-ear-backend\hosting\weddings\decoracion-floral-premium-la-moraleja.html",".html","54058","29/04/2026 14:20:07"
"C:\EAR_OS_V2\.firebase\productora-ear-backend\hosting\weddings\decoracion-floral-premium-las-rozas.html",".html","54002","29/04/2026 14:20:02"
"C:\EAR_OS_V2\.firebase\productora-ear-backend\hosting\weddings\decoracion-floral-premium-leganes.html",".html","53795","29/04/2026 14:20:02"
"C:\EAR_OS_V2\.firebase\productora-ear-backend\hosting\weddings\decoracion-floral-premium-leon.html",".html","53711","29/04/2026 14:20:02"
"C:\EAR_OS_V2\.firebase\productora-ear-backend\hosting\weddings\decoracion-floral-premium-lleida.html",".html","53767","29/04/2026 14:20:07"
"C:\EAR_OS_V2\.firebase\productora-ear-backend\hosting\weddings\decoracion-floral-premium-logrono.html",".html","53795","29/04/2026 14:20:07"
"C:\EAR_OS_V2\.firebase\productora-ear-backend\hosting\weddings\decoracion-floral-premium-lugo.html",".html","53711","29/04/2026 14:20:02"
"C:\EAR_OS_V2\.firebase\productora-ear-backend\hosting\weddings\decoracion-floral-premium-madrid.html",".html","53767","29/04/2026 14:20:06"
"C:\EAR_OS_V2\.firebase\productora-ear-backend\hosting\weddings\decoracion-floral-premium-majadahonda.html",".html","53907","29/04/2026 14:20:02"
"C:\EAR_OS_V2\.firebase\productora-ear-backend\hosting\weddings\decoracion-floral-premium-malaga.html",".html","53767","29/04/2026 14:20:06"
"C:\EAR_OS_V2\.firebase\productora-ear-backend\hosting\weddings\decoracion-floral-premium-mallorca.html",".html","53823","29/04/2026 14:20:06"
"C:\EAR_OS_V2\.firebase\productora-ear-backend\hosting\weddings\decoracion-floral-premium-marbella.html",".html","53823","29/04/2026 14:20:06"
"C:\EAR_OS_V2\.firebase\productora-ear-backend\hosting\weddings\decoracion-floral-premium-mostoles.html",".html","53823","29/04/2026 14:20:02"
"C:\EAR_OS_V2\.firebase\productora-ear-backend\hosting\weddings\decoracion-floral-premium-murcia.html",".html","53767","29/04/2026 14:20:07"
"C:\EAR_OS_V2\.firebase\productora-ear-backend\hosting\weddings\decoracion-floral-premium-ourense.html",".html","53795","29/04/2026 14:20:02"
"C:\EAR_OS_V2\.firebase\productora-ear-backend\hosting\weddings\decoracion-floral-premium-oviedo.html",".html","53767","29/04/2026 14:20:07"
"C:\EAR_OS_V2\.firebase\productora-ear-backend\hosting\weddings\decoracion-floral-premium-palencia.html",".html","53823","29/04/2026 14:20:02"
"C:\EAR_OS_V2\.firebase\productora-ear-backend\hosting\weddings\decoracion-floral-premium-pamplona.html",".html","53823","29/04/2026 14:20:07"
"C:\EAR_OS_V2\.firebase\productora-ear-backend\hosting\weddings\decoracion-floral-premium-parla.html",".html","53739","29/04/2026 14:20:02"
"C:\EAR_OS_V2\.firebase\productora-ear-backend\hosting\weddings\decoracion-floral-premium-pontevedra.html",".html","53879","29/04/2026 14:20:02"
"C:\EAR_OS_V2\.firebase\productora-ear-backend\hosting\weddings\decoracion-floral-premium-pozuelo-de-alarcon.html",".html","54381","29/04/2026 14:20:02"
"C:\EAR_OS_V2\.firebase\productora-ear-backend\hosting\weddings\decoracion-floral-premium-rivas-vaciamadrid.html",".html","54226","29/04/2026 14:20:02"
"C:\EAR_OS_V2\.firebase\productora-ear-backend\hosting\weddings\decoracion-floral-premium-salamanca.html",".html","53851","29/04/2026 14:20:07"
"C:\EAR_OS_V2\.firebase\productora-ear-backend\hosting\weddings\decoracion-floral-premium-san-sebastian-de-los-reyes.html",".html","54883","29/04/2026 14:20:02"
"C:\EAR_OS_V2\.firebase\productora-ear-backend\hosting\weddings\decoracion-floral-premium-san-sebastian.html",".html","54114","29/04/2026 14:20:07"
"C:\EAR_OS_V2\.firebase\productora-ear-backend\hosting\weddings\decoracion-floral-premium-santander.html",".html","53851","29/04/2026 14:20:07"
"C:\EAR_OS_V2\.firebase\productora-ear-backend\hosting\weddings\decoracion-floral-premium-santiago.html",".html","53823","29/04/2026 14:20:07"
"C:\EAR_OS_V2\.firebase\productora-ear-backend\hosting\weddings\decoracion-floral-premium-segovia.html",".html","53795","29/04/2026 14:20:07"
"C:\EAR_OS_V2\.firebase\productora-ear-backend\hosting\weddings\decoracion-floral-premium-sevilla.html",".html","53795","29/04/2026 14:20:06"
"C:\EAR_OS_V2\.firebase\productora-ear-backend\hosting\weddings\decoracion-floral-premium-soria.html",".html","53739","29/04/2026 14:20:02"
"C:\EAR_OS_V2\.firebase\productora-ear-backend\hosting\weddings\decoracion-floral-premium-sotogrande.html",".html","53879","29/04/2026 14:20:07"
"C:\EAR_OS_V2\.firebase\productora-ear-backend\hosting\weddings\decoracion-floral-premium-tarragona.html",".html","53851","29/04/2026 14:20:07"
"C:\EAR_OS_V2\.firebase\productora-ear-backend\hosting\weddings\decoracion-floral-premium-teruel.html",".html","53767","29/04/2026 14:20:07"
"C:\EAR_OS_V2\.firebase\productora-ear-backend\hosting\weddings\decoracion-floral-premium-toledo.html",".html","53767","29/04/2026 14:20:07"
"C:\EAR_OS_V2\.firebase\productora-ear-backend\hosting\weddings\decoracion-floral-premium-torrejon-de-ardoz.html",".html","54353","29/04/2026 14:20:02"
"C:\EAR_OS_V2\.firebase\productora-ear-backend\hosting\weddings\decoracion-floral-premium-valdemoro.html",".html","53851","29/04/2026 14:20:02"
"C:\EAR_OS_V2\.firebase\productora-ear-backend\hosting\weddings\decoracion-floral-premium-valencia.html",".html","53823","29/04/2026 14:20:06"
"C:\EAR_OS_V2\.firebase\productora-ear-backend\hosting\weddings\decoracion-floral-premium-valladolid.html",".html","53879","29/04/2026 14:20:07"
"C:\EAR_OS_V2\.firebase\productora-ear-backend\hosting\weddings\decoracion-floral-premium-vigo.html",".html","53711","29/04/2026 14:20:07"
"C:\EAR_OS_V2\.firebase\productora-ear-backend\hosting\weddings\decoracion-floral-premium-zamora.html",".html","53767","29/04/2026 14:20:02"
"C:\EAR_OS_V2\.firebase\productora-ear-backend\hosting\weddings\decoracion-floral-premium-zaragoza.html",".html","53823","29/04/2026 14:20:07"
"C:\EAR_OS_V2\.firebase\productora-ear-backend\hosting\weddings\dj-boda-premium-a-coruna.html",".html","53694","29/04/2026 14:20:06"
"C:\EAR_OS_V2\.firebase\productora-ear-backend\hosting\weddings\dj-boda-premium-albacete.html",".html","53543","29/04/2026 14:20:07"
"C:\EAR_OS_V2\.firebase\productora-ear-backend\hosting\weddings\dj-boda-premium-alcala-de-henares.html",".html","54073","29/04/2026 14:20:02"
"C:\EAR_OS_V2\.firebase\productora-ear-backend\hosting\weddings\dj-boda-premium-alcobendas.html",".html","53599","29/04/2026 14:20:02"
"C:\EAR_OS_V2\.firebase\productora-ear-backend\hosting\weddings\dj-boda-premium-alcorcon.html",".html","53543","29/04/2026 14:20:02"
"C:\EAR_OS_V2\.firebase\productora-ear-backend\hosting\weddings\dj-boda-premium-alicante.html",".html","53543","29/04/2026 14:20:06"
"C:\EAR_OS_V2\.firebase\productora-ear-backend\hosting\weddings\dj-boda-premium-almeria.html",".html","53515","29/04/2026 14:20:07"
"C:\EAR_OS_V2\.firebase\productora-ear-backend\hosting\weddings\dj-boda-premium-aranjuez.html",".html","53543","29/04/2026 14:20:02"
"C:\EAR_OS_V2\.firebase\productora-ear-backend\hosting\weddings\dj-boda-premium-arganda-del-rey.html",".html","54017","29/04/2026 14:20:02"
"C:\EAR_OS_V2\.firebase\productora-ear-backend\hosting\weddings\dj-boda-premium-avila.html",".html","53446","29/04/2026 14:20:07"
"C:\EAR_OS_V2\.firebase\productora-ear-backend\hosting\weddings\dj-boda-premium-badajoz.html",".html","53515","29/04/2026 14:20:07"
"C:\EAR_OS_V2\.firebase\productora-ear-backend\hosting\weddings\dj-boda-premium-barcelona.html",".html","53571","29/04/2026 14:20:06"
"C:\EAR_OS_V2\.firebase\productora-ear-backend\hosting\weddings\dj-boda-premium-bilbao.html",".html","53487","29/04/2026 14:20:06"
"C:\EAR_OS_V2\.firebase\productora-ear-backend\hosting\weddings\dj-boda-premium-boadilla-del-monte.html",".html","54101","29/04/2026 14:20:02"
"C:\EAR_OS_V2\.firebase\productora-ear-backend\hosting\weddings\dj-boda-premium-burgos.html",".html","53487","29/04/2026 14:20:07"
"C:\EAR_OS_V2\.firebase\productora-ear-backend\hosting\weddings\dj-boda-premium-caceres.html",".html","53515","29/04/2026 14:20:07"
"C:\EAR_OS_V2\.firebase\productora-ear-backend\hosting\weddings\dj-boda-premium-cadiz.html",".html","53446","29/04/2026 14:20:07"
"C:\EAR_OS_V2\.firebase\productora-ear-backend\hosting\weddings\dj-boda-premium-canarias.html",".html","53543","29/04/2026 14:20:06"
"C:\EAR_OS_V2\.firebase\productora-ear-backend\hosting\weddings\dj-boda-premium-castellon.html",".html","53571","29/04/2026 14:20:07"
"C:\EAR_OS_V2\.firebase\productora-ear-backend\hosting\weddings\dj-boda-premium-ciudad-real.html",".html","53778","29/04/2026 14:20:07"
"C:\EAR_OS_V2\.firebase\productora-ear-backend\hosting\weddings\dj-boda-premium-collado-villalba.html",".html","53918","29/04/2026 14:20:02"
"C:\EAR_OS_V2\.firebase\productora-ear-backend\hosting\weddings\dj-boda-premium-cordoba.html",".html","53515","29/04/2026 14:20:07"
"C:\EAR_OS_V2\.firebase\productora-ear-backend\hosting\weddings\dj-boda-premium-coslada.html",".html","53515","29/04/2026 14:20:02"
"C:\EAR_OS_V2\.firebase\productora-ear-backend\hosting\weddings\dj-boda-premium-cuenca.html",".html","53487","29/04/2026 14:20:07"
"C:\EAR_OS_V2\.firebase\productora-ear-backend\hosting\weddings\dj-boda-premium-fuenlabrada.html",".html","53627","29/04/2026 14:20:02"
"C:\EAR_OS_V2\.firebase\productora-ear-backend\hosting\weddings\dj-boda-premium-getafe.html",".html","53487","29/04/2026 14:20:02"
"C:\EAR_OS_V2\.firebase\productora-ear-backend\hosting\weddings\dj-boda-premium-gijon.html",".html","53446","29/04/2026 14:20:06"
"C:\EAR_OS_V2\.firebase\productora-ear-backend\hosting\weddings\dj-boda-premium-girona.html",".html","53487","29/04/2026 14:20:07"
"C:\EAR_OS_V2\.firebase\productora-ear-backend\hosting\weddings\dj-boda-premium-granada.html",".html","53515","29/04/2026 14:20:06"
"C:\EAR_OS_V2\.firebase\productora-ear-backend\hosting\weddings\dj-boda-premium-guadalajara.html",".html","53627","29/04/2026 14:20:07"
"C:\EAR_OS_V2\.firebase\productora-ear-backend\hosting\weddings\dj-boda-premium-huelva.html",".html","53487","29/04/2026 14:20:07"
"C:\EAR_OS_V2\.firebase\productora-ear-backend\hosting\weddings\dj-boda-premium-huesca.html",".html","53487","29/04/2026 14:20:07"
"C:\EAR_OS_V2\.firebase\productora-ear-backend\hosting\weddings\dj-boda-premium-ibiza.html",".html","53446","29/04/2026 14:20:06"
"C:\EAR_OS_V2\.firebase\productora-ear-backend\hosting\weddings\dj-boda-premium-jaen.html",".html","53418","29/04/2026 14:20:07"
"C:\EAR_OS_V2\.firebase\productora-ear-backend\hosting\weddings\dj-boda-premium-la-moraleja.html",".html","53778","29/04/2026 14:20:06"
"C:\EAR_OS_V2\.firebase\productora-ear-backend\hosting\weddings\dj-boda-premium-las-rozas.html",".html","53722","29/04/2026 14:20:02"
"C:\EAR_OS_V2\.firebase\productora-ear-backend\hosting\weddings\dj-boda-premium-leganes.html",".html","53515","29/04/2026 14:20:02"
"C:\EAR_OS_V2\.firebase\productora-ear-backend\hosting\weddings\dj-boda-premium-leon.html",".html","53418","29/04/2026 14:20:07"
"C:\EAR_OS_V2\.firebase\productora-ear-backend\hosting\weddings\dj-boda-premium-lleida.html",".html","53487","29/04/2026 14:20:07"
"C:\EAR_OS_V2\.firebase\productora-ear-backend\hosting\weddings\dj-boda-premium-logrono.html",".html","53515","29/04/2026 14:20:07"
"C:\EAR_OS_V2\.firebase\productora-ear-backend\hosting\weddings\dj-boda-premium-lugo.html",".html","53418","29/04/2026 14:20:07"
"C:\EAR_OS_V2\.firebase\productora-ear-backend\hosting\weddings\dj-boda-premium-madrid.html",".html","53487","29/04/2026 14:20:06"
"C:\EAR_OS_V2\.firebase\productora-ear-backend\hosting\weddings\dj-boda-premium-majadahonda.html",".html","53627","29/04/2026 14:20:02"
"C:\EAR_OS_V2\.firebase\productora-ear-backend\hosting\weddings\dj-boda-premium-malaga.html",".html","53487","29/04/2026 14:20:06"
"C:\EAR_OS_V2\.firebase\productora-ear-backend\hosting\weddings\dj-boda-premium-mallorca.html",".html","53543","29/04/2026 14:20:06"
"C:\EAR_OS_V2\.firebase\productora-ear-backend\hosting\weddings\dj-boda-premium-marbella.html",".html","53543","29/04/2026 14:20:06"
"C:\EAR_OS_V2\.firebase\productora-ear-backend\hosting\weddings\dj-boda-premium-mostoles.html",".html","53543","29/04/2026 14:20:02"
"C:\EAR_OS_V2\.firebase\productora-ear-backend\hosting\weddings\dj-boda-premium-murcia.html",".html","53487","29/04/2026 14:20:06"
"C:\EAR_OS_V2\.firebase\productora-ear-backend\hosting\weddings\dj-boda-premium-ourense.html",".html","53515","29/04/2026 14:20:07"
"C:\EAR_OS_V2\.firebase\productora-ear-backend\hosting\weddings\dj-boda-premium-oviedo.html",".html","53487","29/04/2026 14:20:07"
"C:\EAR_OS_V2\.firebase\productora-ear-backend\hosting\weddings\dj-boda-premium-palencia.html",".html","53543","29/04/2026 14:20:02"
"C:\EAR_OS_V2\.firebase\productora-ear-backend\hosting\weddings\dj-boda-premium-pamplona.html",".html","53543","29/04/2026 14:20:07"
"C:\EAR_OS_V2\.firebase\productora-ear-backend\hosting\weddings\dj-boda-premium-parla.html",".html","53446","29/04/2026 14:20:02"
"C:\EAR_OS_V2\.firebase\productora-ear-backend\hosting\weddings\dj-boda-premium-pontevedra.html",".html","53599","29/04/2026 14:20:07"
"C:\EAR_OS_V2\.firebase\productora-ear-backend\hosting\weddings\dj-boda-premium-pozuelo-de-alarcon.html",".html","54101","29/04/2026 14:20:02"
"C:\EAR_OS_V2\.firebase\productora-ear-backend\hosting\weddings\dj-boda-premium-rivas-vaciamadrid.html",".html","53946","29/04/2026 14:20:02"
"C:\EAR_OS_V2\.firebase\productora-ear-backend\hosting\weddings\dj-boda-premium-salamanca.html",".html","53571","29/04/2026 14:20:07"
"C:\EAR_OS_V2\.firebase\productora-ear-backend\hosting\weddings\dj-boda-premium-san-sebastian-de-los-reyes.html",".html","54603","29/04/2026 14:20:02"
"C:\EAR_OS_V2\.firebase\productora-ear-backend\hosting\weddings\dj-boda-premium-san-sebastian.html",".html","53834","29/04/2026 14:20:06"
"C:\EAR_OS_V2\.firebase\productora-ear-backend\hosting\weddings\dj-boda-premium-santander.html",".html","53571","29/04/2026 14:20:06"
"C:\EAR_OS_V2\.firebase\productora-ear-backend\hosting\weddings\dj-boda-premium-santiago.html",".html","53543","29/04/2026 14:20:06"
"C:\EAR_OS_V2\.firebase\productora-ear-backend\hosting\weddings\dj-boda-premium-segovia.html",".html","53515","29/04/2026 14:20:07"
"C:\EAR_OS_V2\.firebase\productora-ear-backend\hosting\weddings\dj-boda-premium-sevilla.html",".html","53515","29/04/2026 14:20:06"
"C:\EAR_OS_V2\.firebase\productora-ear-backend\hosting\weddings\dj-boda-premium-soria.html",".html","53446","29/04/2026 14:20:02"
"C:\EAR_OS_V2\.firebase\productora-ear-backend\hosting\weddings\dj-boda-premium-sotogrande.html",".html","53599","29/04/2026 14:20:06"
"C:\EAR_OS_V2\.firebase\productora-ear-backend\hosting\weddings\dj-boda-premium-tarragona.html",".html","53571","29/04/2026 14:20:07"
"C:\EAR_OS_V2\.firebase\productora-ear-backend\hosting\weddings\dj-boda-premium-teruel.html",".html","53487","29/04/2026 14:20:07"
"C:\EAR_OS_V2\.firebase\productora-ear-backend\hosting\weddings\dj-boda-premium-toledo.html",".html","53487","29/04/2026 14:20:06"
"C:\EAR_OS_V2\.firebase\productora-ear-backend\hosting\weddings\dj-boda-premium-torrejon-de-ardoz.html",".html","54073","29/04/2026 14:20:02"
"C:\EAR_OS_V2\.firebase\productora-ear-backend\hosting\weddings\dj-boda-premium-valdemoro.html",".html","53571","29/04/2026 14:20:02"
"C:\EAR_OS_V2\.firebase\productora-ear-backend\hosting\weddings\dj-boda-premium-valencia.html",".html","53543","29/04/2026 14:20:06"
"C:\EAR_OS_V2\.firebase\productora-ear-backend\hosting\weddings\dj-boda-premium-valladolid.html",".html","53599","29/04/2026 14:20:06"
"C:\EAR_OS_V2\.firebase\productora-ear-backend\hosting\weddings\dj-boda-premium-vigo.html",".html","53418","29/04/2026 14:20:06"
"C:\EAR_OS_V2\.firebase\productora-ear-backend\hosting\weddings\dj-boda-premium-zamora.html",".html","53487","29/04/2026 14:20:02"
"C:\EAR_OS_V2\.firebase\productora-ear-backend\hosting\weddings\dj-boda-premium-zaragoza.html",".html","53543","29/04/2026 14:20:06"
"C:\EAR_OS_V2\.firebase\productora-ear-backend\hosting\weddings\fincas-bodas-exclusivas-a-coruna.html",".html","53918","29/04/2026 14:20:04"
"C:\EAR_OS_V2\.firebase\productora-ear-backend\hosting\weddings\fincas-bodas-exclusivas-albacete.html",".html","53767","29/04/2026 14:20:05"
"C:\EAR_OS_V2\.firebase\productora-ear-backend\hosting\weddings\fincas-bodas-exclusivas-alcala-de-henares.html",".html","54297","29/04/2026 14:20:05"
"C:\EAR_OS_V2\.firebase\productora-ear-backend\hosting\weddings\fincas-bodas-exclusivas-alcobendas.html",".html","53823","29/04/2026 14:20:06"
"C:\EAR_OS_V2\.firebase\productora-ear-backend\hosting\weddings\fincas-bodas-exclusivas-alcorcon.html",".html","53767","29/04/2026 14:20:05"
"C:\EAR_OS_V2\.firebase\productora-ear-backend\hosting\weddings\fincas-bodas-exclusivas-alicante.html",".html","53767","29/04/2026 14:20:03"
"C:\EAR_OS_V2\.firebase\productora-ear-backend\hosting\weddings\fincas-bodas-exclusivas-almeria.html",".html","53739","29/04/2026 14:20:04"
"C:\EAR_OS_V2\.firebase\productora-ear-backend\hosting\weddings\fincas-bodas-exclusivas-aranjuez.html",".html","53767","29/04/2026 14:20:06"
"C:\EAR_OS_V2\.firebase\productora-ear-backend\hosting\weddings\fincas-bodas-exclusivas-arganda-del-rey.html",".html","54241","29/04/2026 14:20:06"
"C:\EAR_OS_V2\.firebase\productora-ear-backend\hosting\weddings\fincas-bodas-exclusivas-avila.html",".html","53683","29/04/2026 14:20:04"
"C:\EAR_OS_V2\.firebase\productora-ear-backend\hosting\weddings\fincas-bodas-exclusivas-badajoz.html",".html","53739","29/04/2026 14:20:04"
"C:\EAR_OS_V2\.firebase\productora-ear-backend\hosting\weddings\fincas-bodas-exclusivas-barcelona.html",".html","53795","29/04/2026 14:20:03"
"C:\EAR_OS_V2\.firebase\productora-ear-backend\hosting\weddings\fincas-bodas-exclusivas-bilbao.html",".html","53711","29/04/2026 14:20:03"
"C:\EAR_OS_V2\.firebase\productora-ear-backend\hosting\weddings\fincas-bodas-exclusivas-boadilla-del-monte.html",".html","54325","29/04/2026 14:20:06"
"C:\EAR_OS_V2\.firebase\productora-ear-backend\hosting\weddings\fincas-bodas-exclusivas-burgos.html",".html","53711","29/04/2026 14:20:04"
"C:\EAR_OS_V2\.firebase\productora-ear-backend\hosting\weddings\fincas-bodas-exclusivas-caceres.html",".html","53739","29/04/2026 14:20:04"
"C:\EAR_OS_V2\.firebase\productora-ear-backend\hosting\weddings\fincas-bodas-exclusivas-cadiz.html",".html","53683","29/04/2026 14:20:04"
"C:\EAR_OS_V2\.firebase\productora-ear-backend\hosting\weddings\fincas-bodas-exclusivas-canarias.html",".html","53767","29/04/2026 14:20:04"
"C:\EAR_OS_V2\.firebase\productora-ear-backend\hosting\weddings\fincas-bodas-exclusivas-castellon.html",".html","53795","29/04/2026 14:20:04"
"C:\EAR_OS_V2\.firebase\productora-ear-backend\hosting\weddings\fincas-bodas-exclusivas-ciudad-real.html",".html","54002","29/04/2026 14:20:05"
"C:\EAR_OS_V2\.firebase\productora-ear-backend\hosting\weddings\fincas-bodas-exclusivas-collado-villalba.html",".html","54142","29/04/2026 14:20:06"
"C:\EAR_OS_V2\.firebase\productora-ear-backend\hosting\weddings\fincas-bodas-exclusivas-cordoba.html",".html","53739","29/04/2026 14:20:04"
"C:\EAR_OS_V2\.firebase\productora-ear-backend\hosting\weddings\fincas-bodas-exclusivas-coslada.html",".html","53739","29/04/2026 14:20:06"
"C:\EAR_OS_V2\.firebase\productora-ear-backend\hosting\weddings\fincas-bodas-exclusivas-cuenca.html",".html","53711","29/04/2026 14:20:05"
"C:\EAR_OS_V2\.firebase\productora-ear-backend\hosting\weddings\fincas-bodas-exclusivas-fuenlabrada.html",".html","53851","29/04/2026 14:20:05"
"C:\EAR_OS_V2\.firebase\productora-ear-backend\hosting\weddings\fincas-bodas-exclusivas-getafe.html",".html","53711","29/04/2026 14:20:05"
"C:\EAR_OS_V2\.firebase\productora-ear-backend\hosting\weddings\fincas-bodas-exclusivas-gijon.html",".html","53683","29/04/2026 14:20:04"
"C:\EAR_OS_V2\.firebase\productora-ear-backend\hosting\weddings\fincas-bodas-exclusivas-girona.html",".html","53711","29/04/2026 14:20:05"
"C:\EAR_OS_V2\.firebase\productora-ear-backend\hosting\weddings\fincas-bodas-exclusivas-granada.html",".html","53739","29/04/2026 14:20:04"
"C:\EAR_OS_V2\.firebase\productora-ear-backend\hosting\weddings\fincas-bodas-exclusivas-guadalajara.html",".html","53851","29/04/2026 14:20:05"
"C:\EAR_OS_V2\.firebase\productora-ear-backend\hosting\weddings\fincas-bodas-exclusivas-huelva.html",".html","53711","29/04/2026 14:20:04"
"C:\EAR_OS_V2\.firebase\productora-ear-backend\hosting\weddings\fincas-bodas-exclusivas-huesca.html",".html","53711","29/04/2026 14:20:05"
"C:\EAR_OS_V2\.firebase\productora-ear-backend\hosting\weddings\fincas-bodas-exclusivas-ibiza.html",".html","53683","29/04/2026 14:20:03"
"C:\EAR_OS_V2\.firebase\productora-ear-backend\hosting\weddings\fincas-bodas-exclusivas-jaen.html",".html","53655","29/04/2026 14:20:04"
"C:\EAR_OS_V2\.firebase\productora-ear-backend\hosting\weddings\fincas-bodas-exclusivas-la-moraleja.html",".html","54002","29/04/2026 14:20:04"
"C:\EAR_OS_V2\.firebase\productora-ear-backend\hosting\weddings\fincas-bodas-exclusivas-las-rozas.html",".html","53946","29/04/2026 14:20:06"
"C:\EAR_OS_V2\.firebase\productora-ear-backend\hosting\weddings\fincas-bodas-exclusivas-leganes.html",".html","53739","29/04/2026 14:20:05"
"C:\EAR_OS_V2\.firebase\productora-ear-backend\hosting\weddings\fincas-bodas-exclusivas-leon.html",".html","53655","29/04/2026 14:20:05"
"C:\EAR_OS_V2\.firebase\productora-ear-backend\hosting\weddings\fincas-bodas-exclusivas-lleida.html",".html","53711","29/04/2026 14:20:05"
"C:\EAR_OS_V2\.firebase\productora-ear-backend\hosting\weddings\fincas-bodas-exclusivas-logrono.html",".html","53739","29/04/2026 14:20:04"
"C:\EAR_OS_V2\.firebase\productora-ear-backend\hosting\weddings\fincas-bodas-exclusivas-lugo.html",".html","53655","29/04/2026 14:20:05"
"C:\EAR_OS_V2\.firebase\productora-ear-backend\hosting\weddings\fincas-bodas-exclusivas-madrid.html",".html","53711","29/04/2026 14:20:03"
"C:\EAR_OS_V2\.firebase\productora-ear-backend\hosting\weddings\fincas-bodas-exclusivas-majadahonda.html",".html","53851","29/04/2026 14:20:06"
"C:\EAR_OS_V2\.firebase\productora-ear-backend\hosting\weddings\fincas-bodas-exclusivas-malaga.html",".html","53711","29/04/2026 14:20:03"
"C:\EAR_OS_V2\.firebase\productora-ear-backend\hosting\weddings\fincas-bodas-exclusivas-mallorca.html",".html","53767","29/04/2026 14:20:03"
"C:\EAR_OS_V2\.firebase\productora-ear-backend\hosting\weddings\fincas-bodas-exclusivas-marbella.html",".html","53767","29/04/2026 14:20:03"
"C:\EAR_OS_V2\.firebase\productora-ear-backend\hosting\weddings\fincas-bodas-exclusivas-mostoles.html",".html","53767","29/04/2026 14:20:05"
"C:\EAR_OS_V2\.firebase\productora-ear-backend\hosting\weddings\fincas-bodas-exclusivas-murcia.html",".html","53711","29/04/2026 14:20:03"
"C:\EAR_OS_V2\.firebase\productora-ear-backend\hosting\weddings\fincas-bodas-exclusivas-ourense.html",".html","53739","29/04/2026 14:20:05"
"C:\EAR_OS_V2\.firebase\productora-ear-backend\hosting\weddings\fincas-bodas-exclusivas-oviedo.html",".html","53711","29/04/2026 14:20:04"
"C:\EAR_OS_V2\.firebase\productora-ear-backend\hosting\weddings\fincas-bodas-exclusivas-palencia.html",".html","53767","29/04/2026 14:20:05"
"C:\EAR_OS_V2\.firebase\productora-ear-backend\hosting\weddings\fincas-bodas-exclusivas-pamplona.html",".html","53767","29/04/2026 14:20:04"
"C:\EAR_OS_V2\.firebase\productora-ear-backend\hosting\weddings\fincas-bodas-exclusivas-parla.html",".html","53683","29/04/2026 14:20:05"
"C:\EAR_OS_V2\.firebase\productora-ear-backend\hosting\weddings\fincas-bodas-exclusivas-pontevedra.html",".html","53823","29/04/2026 14:20:05"
"C:\EAR_OS_V2\.firebase\productora-ear-backend\hosting\weddings\fincas-bodas-exclusivas-pozuelo-de-alarcon.html",".html","54325","29/04/2026 14:20:06"
"C:\EAR_OS_V2\.firebase\productora-ear-backend\hosting\weddings\fincas-bodas-exclusivas-rivas-vaciamadrid.html",".html","54170","29/04/2026 14:20:06"
"C:\EAR_OS_V2\.firebase\productora-ear-backend\hosting\weddings\fincas-bodas-exclusivas-salamanca.html",".html","53795","29/04/2026 14:20:04"
"C:\EAR_OS_V2\.firebase\productora-ear-backend\hosting\weddings\fincas-bodas-exclusivas-san-sebastian-de-los-reyes.html",".html","54827","29/04/2026 14:20:06"
"C:\EAR_OS_V2\.firebase\productora-ear-backend\hosting\weddings\fincas-bodas-exclusivas-san-sebastian.html",".html","54058","29/04/2026 14:20:03"
"C:\EAR_OS_V2\.firebase\productora-ear-backend\hosting\weddings\fincas-bodas-exclusivas-santander.html",".html","53795","29/04/2026 14:20:04"
"C:\EAR_OS_V2\.firebase\productora-ear-backend\hosting\weddings\fincas-bodas-exclusivas-santiago.html",".html","53767","29/04/2026 14:20:03"
"C:\EAR_OS_V2\.firebase\productora-ear-backend\hosting\weddings\fincas-bodas-exclusivas-segovia.html",".html","53739","29/04/2026 14:20:04"
"C:\EAR_OS_V2\.firebase\productora-ear-backend\hosting\weddings\fincas-bodas-exclusivas-sevilla.html",".html","53739","29/04/2026 14:20:03"
"C:\EAR_OS_V2\.firebase\productora-ear-backend\hosting\weddings\fincas-bodas-exclusivas-soria.html",".html","53683","29/04/2026 14:20:05"
"C:\EAR_OS_V2\.firebase\productora-ear-backend\hosting\weddings\fincas-bodas-exclusivas-sotogrande.html",".html","53823","29/04/2026 14:20:04"
"C:\EAR_OS_V2\.firebase\productora-ear-backend\hosting\weddings\fincas-bodas-exclusivas-tarragona.html",".html","53795","29/04/2026 14:20:05"
"C:\EAR_OS_V2\.firebase\productora-ear-backend\hosting\weddings\fincas-bodas-exclusivas-teruel.html",".html","53711","29/04/2026 14:20:05"
"C:\EAR_OS_V2\.firebase\productora-ear-backend\hosting\weddings\fincas-bodas-exclusivas-toledo.html",".html","53711","29/04/2026 14:20:03"
"C:\EAR_OS_V2\.firebase\productora-ear-backend\hosting\weddings\fincas-bodas-exclusivas-torrejon-de-ardoz.html",".html","54297","29/04/2026 14:20:05"
"C:\EAR_OS_V2\.firebase\productora-ear-backend\hosting\weddings\fincas-bodas-exclusivas-valdemoro.html",".html","53795","29/04/2026 14:20:06"
"C:\EAR_OS_V2\.firebase\productora-ear-backend\hosting\weddings\fincas-bodas-exclusivas-valencia.html",".html","53767","29/04/2026 14:20:03"
"C:\EAR_OS_V2\.firebase\productora-ear-backend\hosting\weddings\fincas-bodas-exclusivas-valladolid.html",".html","53823","29/04/2026 14:20:04"
"C:\EAR_OS_V2\.firebase\productora-ear-backend\hosting\weddings\fincas-bodas-exclusivas-vigo.html",".html","53655","29/04/2026 14:20:04"
"C:\EAR_OS_V2\.firebase\productora-ear-backend\hosting\weddings\fincas-bodas-exclusivas-zamora.html",".html","53711","29/04/2026 14:20:05"
"C:\EAR_OS_V2\.firebase\productora-ear-backend\hosting\weddings\fincas-bodas-exclusivas-zaragoza.html",".html","53767","29/04/2026 14:20:03"
"C:\EAR_OS_V2\.firebase\productora-ear-backend\hosting\weddings\fotografos-boda-editorial-a-coruna.html",".html","53974","29/04/2026 14:20:03"
"C:\EAR_OS_V2\.firebase\productora-ear-backend\hosting\weddings\fotografos-boda-editorial-albacete.html",".html","53823","29/04/2026 14:20:04"
"C:\EAR_OS_V2\.firebase\productora-ear-backend\hosting\weddings\fotografos-boda-editorial-alcala-de-henares.html",".html","54353","29/04/2026 14:20:04"
"C:\EAR_OS_V2\.firebase\productora-ear-backend\hosting\weddings\fotografos-boda-editorial-alcobendas.html",".html","53879","29/04/2026 14:20:05"
"C:\EAR_OS_V2\.firebase\productora-ear-backend\hosting\weddings\fotografos-boda-editorial-alcorcon.html",".html","53823","29/04/2026 14:20:05"
"C:\EAR_OS_V2\.firebase\productora-ear-backend\hosting\weddings\fotografos-boda-editorial-alicante.html",".html","53823","29/04/2026 14:20:03"
"C:\EAR_OS_V2\.firebase\productora-ear-backend\hosting\weddings\fotografos-boda-editorial-almeria.html",".html","53795","29/04/2026 14:20:04"
"C:\EAR_OS_V2\.firebase\productora-ear-backend\hosting\weddings\fotografos-boda-editorial-aranjuez.html",".html","53823","29/04/2026 14:20:05"
"C:\EAR_OS_V2\.firebase\productora-ear-backend\hosting\weddings\fotografos-boda-editorial-arganda-del-rey.html",".html","54297","29/04/2026 14:20:06"
"C:\EAR_OS_V2\.firebase\productora-ear-backend\hosting\weddings\fotografos-boda-editorial-avila.html",".html","53739","29/04/2026 14:20:04"
"C:\EAR_OS_V2\.firebase\productora-ear-backend\hosting\weddings\fotografos-boda-editorial-badajoz.html",".html","53795","29/04/2026 14:20:04"
"C:\EAR_OS_V2\.firebase\productora-ear-backend\hosting\weddings\fotografos-boda-editorial-barcelona.html",".html","53851","29/04/2026 14:20:03"
"C:\EAR_OS_V2\.firebase\productora-ear-backend\hosting\weddings\fotografos-boda-editorial-bilbao.html",".html","53767","29/04/2026 14:20:03"
"C:\EAR_OS_V2\.firebase\productora-ear-backend\hosting\weddings\fotografos-boda-editorial-boadilla-del-monte.html",".html","54381","29/04/2026 14:20:06"
"C:\EAR_OS_V2\.firebase\productora-ear-backend\hosting\weddings\fotografos-boda-editorial-burgos.html",".html","53767","29/04/2026 14:20:04"
"C:\EAR_OS_V2\.firebase\productora-ear-backend\hosting\weddings\fotografos-boda-editorial-caceres.html",".html","53795","29/04/2026 14:20:04"
"C:\EAR_OS_V2\.firebase\productora-ear-backend\hosting\weddings\fotografos-boda-editorial-cadiz.html",".html","53739","29/04/2026 14:20:04"
"C:\EAR_OS_V2\.firebase\productora-ear-backend\hosting\weddings\fotografos-boda-editorial-canarias.html",".html","53823","29/04/2026 14:20:03"
"C:\EAR_OS_V2\.firebase\productora-ear-backend\hosting\weddings\fotografos-boda-editorial-castellon.html",".html","53851","29/04/2026 14:20:04"
"C:\EAR_OS_V2\.firebase\productora-ear-backend\hosting\weddings\fotografos-boda-editorial-ciudad-real.html",".html","54058","29/04/2026 14:20:04"
"C:\EAR_OS_V2\.firebase\productora-ear-backend\hosting\weddings\fotografos-boda-editorial-collado-villalba.html",".html","54198","29/04/2026 14:20:05"
"C:\EAR_OS_V2\.firebase\productora-ear-backend\hosting\weddings\fotografos-boda-editorial-cordoba.html",".html","53795","29/04/2026 14:20:04"
"C:\EAR_OS_V2\.firebase\productora-ear-backend\hosting\weddings\fotografos-boda-editorial-coslada.html",".html","53795","29/04/2026 14:20:05"
"C:\EAR_OS_V2\.firebase\productora-ear-backend\hosting\weddings\fotografos-boda-editorial-cuenca.html",".html","53767","29/04/2026 14:20:04"
"C:\EAR_OS_V2\.firebase\productora-ear-backend\hosting\weddings\fotografos-boda-editorial-fuenlabrada.html",".html","53907","29/04/2026 14:20:05"
"C:\EAR_OS_V2\.firebase\productora-ear-backend\hosting\weddings\fotografos-boda-editorial-getafe.html",".html","53767","29/04/2026 14:20:05"
"C:\EAR_OS_V2\.firebase\productora-ear-backend\hosting\weddings\fotografos-boda-editorial-gijon.html",".html","53739","29/04/2026 14:20:03"
"C:\EAR_OS_V2\.firebase\productora-ear-backend\hosting\weddings\fotografos-boda-editorial-girona.html",".html","53767","29/04/2026 14:20:04"
"C:\EAR_OS_V2\.firebase\productora-ear-backend\hosting\weddings\fotografos-boda-editorial-granada.html",".html","53795","29/04/2026 14:20:03"
"C:\EAR_OS_V2\.firebase\productora-ear-backend\hosting\weddings\fotografos-boda-editorial-guadalajara.html",".html","53907","29/04/2026 14:20:04"
"C:\EAR_OS_V2\.firebase\productora-ear-backend\hosting\weddings\fotografos-boda-editorial-huelva.html",".html","53767","29/04/2026 14:20:04"
"C:\EAR_OS_V2\.firebase\productora-ear-backend\hosting\weddings\fotografos-boda-editorial-huesca.html",".html","53767","29/04/2026 14:20:04"
"C:\EAR_OS_V2\.firebase\productora-ear-backend\hosting\weddings\fotografos-boda-editorial-ibiza.html",".html","53739","29/04/2026 14:20:03"
"C:\EAR_OS_V2\.firebase\productora-ear-backend\hosting\weddings\fotografos-boda-editorial-jaen.html",".html","53711","29/04/2026 14:20:04"
"C:\EAR_OS_V2\.firebase\productora-ear-backend\hosting\weddings\fotografos-boda-editorial-la-moraleja.html",".html","54058","29/04/2026 14:20:03"
"C:\EAR_OS_V2\.firebase\productora-ear-backend\hosting\weddings\fotografos-boda-editorial-las-rozas.html",".html","54002","29/04/2026 14:20:05"
"C:\EAR_OS_V2\.firebase\productora-ear-backend\hosting\weddings\fotografos-boda-editorial-leganes.html",".html","53795","29/04/2026 14:20:05"
"C:\EAR_OS_V2\.firebase\productora-ear-backend\hosting\weddings\fotografos-boda-editorial-leon.html",".html","53711","29/04/2026 14:20:04"
"C:\EAR_OS_V2\.firebase\productora-ear-backend\hosting\weddings\fotografos-boda-editorial-lleida.html",".html","53767","29/04/2026 14:20:04"
"C:\EAR_OS_V2\.firebase\productora-ear-backend\hosting\weddings\fotografos-boda-editorial-logrono.html",".html","53795","29/04/2026 14:20:04"
"C:\EAR_OS_V2\.firebase\productora-ear-backend\hosting\weddings\fotografos-boda-editorial-lugo.html",".html","53711","29/04/2026 14:20:04"
"C:\EAR_OS_V2\.firebase\productora-ear-backend\hosting\weddings\fotografos-boda-editorial-madrid.html",".html","53767","29/04/2026 14:20:02"
"C:\EAR_OS_V2\.firebase\productora-ear-backend\hosting\weddings\fotografos-boda-editorial-majadahonda.html",".html","53907","29/04/2026 14:20:05"
"C:\EAR_OS_V2\.firebase\productora-ear-backend\hosting\weddings\fotografos-boda-editorial-malaga.html",".html","53767","29/04/2026 14:20:03"
"C:\EAR_OS_V2\.firebase\productora-ear-backend\hosting\weddings\fotografos-boda-editorial-mallorca.html",".html","53823","29/04/2026 14:20:03"
"C:\EAR_OS_V2\.firebase\productora-ear-backend\hosting\weddings\fotografos-boda-editorial-marbella.html",".html","53823","29/04/2026 14:20:03"
"C:\EAR_OS_V2\.firebase\productora-ear-backend\hosting\weddings\fotografos-boda-editorial-mostoles.html",".html","53823","29/04/2026 14:20:04"
"C:\EAR_OS_V2\.firebase\productora-ear-backend\hosting\weddings\fotografos-boda-editorial-murcia.html",".html","53767","29/04/2026 14:20:03"
"C:\EAR_OS_V2\.firebase\productora-ear-backend\hosting\weddings\fotografos-boda-editorial-ourense.html",".html","53795","29/04/2026 14:20:04"
"C:\EAR_OS_V2\.firebase\productora-ear-backend\hosting\weddings\fotografos-boda-editorial-oviedo.html",".html","53767","29/04/2026 14:20:03"
"C:\EAR_OS_V2\.firebase\productora-ear-backend\hosting\weddings\fotografos-boda-editorial-palencia.html",".html","53823","29/04/2026 14:20:04"
"C:\EAR_OS_V2\.firebase\productora-ear-backend\hosting\weddings\fotografos-boda-editorial-pamplona.html",".html","53823","29/04/2026 14:20:04"
"C:\EAR_OS_V2\.firebase\productora-ear-backend\hosting\weddings\fotografos-boda-editorial-parla.html",".html","53739","29/04/2026 14:20:05"
"C:\EAR_OS_V2\.firebase\productora-ear-backend\hosting\weddings\fotografos-boda-editorial-pontevedra.html",".html","53879","29/04/2026 14:20:04"
"C:\EAR_OS_V2\.firebase\productora-ear-backend\hosting\weddings\fotografos-boda-editorial-pozuelo-de-alarcon.html",".html","54381","29/04/2026 14:20:05"
"C:\EAR_OS_V2\.firebase\productora-ear-backend\hosting\weddings\fotografos-boda-editorial-rivas-vaciamadrid.html",".html","54226","29/04/2026 14:20:05"
"C:\EAR_OS_V2\.firebase\productora-ear-backend\hosting\weddings\fotografos-boda-editorial-salamanca.html",".html","53851","29/04/2026 14:20:04"
"C:\EAR_OS_V2\.firebase\productora-ear-backend\hosting\weddings\fotografos-boda-editorial-san-sebastian-de-los-reyes.html",".html","54883","29/04/2026 14:20:05"
"C:\EAR_OS_V2\.firebase\productora-ear-backend\hosting\weddings\fotografos-boda-editorial-san-sebastian.html",".html","54114","29/04/2026 14:20:03"
"C:\EAR_OS_V2\.firebase\productora-ear-backend\hosting\weddings\fotografos-boda-editorial-santander.html",".html","53851","29/04/2026 14:20:03"
"C:\EAR_OS_V2\.firebase\productora-ear-backend\hosting\weddings\fotografos-boda-editorial-santiago.html",".html","53823","29/04/2026 14:20:03"
"C:\EAR_OS_V2\.firebase\productora-ear-backend\hosting\weddings\fotografos-boda-editorial-segovia.html",".html","53795","29/04/2026 14:20:04"
"C:\EAR_OS_V2\.firebase\productora-ear-backend\hosting\weddings\fotografos-boda-editorial-sevilla.html",".html","53795","29/04/2026 14:20:03"
"C:\EAR_OS_V2\.firebase\productora-ear-backend\hosting\weddings\fotografos-boda-editorial-soria.html",".html","53739","29/04/2026 14:20:04"
"C:\EAR_OS_V2\.firebase\productora-ear-backend\hosting\weddings\fotografos-boda-editorial-sotogrande.html",".html","53879","29/04/2026 14:20:03"
"C:\EAR_OS_V2\.firebase\productora-ear-backend\hosting\weddings\fotografos-boda-editorial-tarragona.html",".html","53851","29/04/2026 14:20:04"
"C:\EAR_OS_V2\.firebase\productora-ear-backend\hosting\weddings\fotografos-boda-editorial-teruel.html",".html","53767","29/04/2026 14:20:04"
"C:\EAR_OS_V2\.firebase\productora-ear-backend\hosting\weddings\fotografos-boda-editorial-toledo.html",".html","53767","29/04/2026 14:20:03"
"C:\EAR_OS_V2\.firebase\productora-ear-backend\hosting\weddings\fotografos-boda-editorial-torrejon-de-ardoz.html",".html","54353","29/04/2026 14:20:05"
"C:\EAR_OS_V2\.firebase\productora-ear-backend\hosting\weddings\fotografos-boda-editorial-valdemoro.html",".html","53851","29/04/2026 14:20:05"
"C:\EAR_OS_V2\.firebase\productora-ear-backend\hosting\weddings\fotografos-boda-editorial-valencia.html",".html","53823","29/04/2026 14:20:03"
"C:\EAR_OS_V2\.firebase\productora-ear-backend\hosting\weddings\fotografos-boda-editorial-valladolid.html",".html","53879","29/04/2026 14:20:03"
"C:\EAR_OS_V2\.firebase\productora-ear-backend\hosting\weddings\fotografos-boda-editorial-vigo.html",".html","53711","29/04/2026 14:20:03"
"C:\EAR_OS_V2\.firebase\productora-ear-backend\hosting\weddings\fotografos-boda-editorial-zamora.html",".html","53767","29/04/2026 14:20:04"
"C:\EAR_OS_V2\.firebase\productora-ear-backend\hosting\weddings\fotografos-boda-editorial-zaragoza.html",".html","53823","29/04/2026 14:20:03"
"C:\EAR_OS_V2\.firebase\productora-ear-backend\hosting\weddings\wedding-planners-a-coruna.html",".html","53571","29/04/2026 14:20:03"
"C:\EAR_OS_V2\.firebase\productora-ear-backend\hosting\weddings\wedding-planners-albacete.html",".html","53431","29/04/2026 14:20:05"
"C:\EAR_OS_V2\.firebase\productora-ear-backend\hosting\weddings\wedding-planners-alcala-de-henares.html",".html","53974","29/04/2026 14:20:05"
"C:\EAR_OS_V2\.firebase\productora-ear-backend\hosting\weddings\wedding-planners-alcobendas.html",".html","53487","29/04/2026 14:20:05"
"C:\EAR_OS_V2\.firebase\productora-ear-backend\hosting\weddings\wedding-planners-alcorcon.html",".html","53431","29/04/2026 14:20:05"
"C:\EAR_OS_V2\.firebase\productora-ear-backend\hosting\weddings\wedding-planners-alicante.html",".html","53431","29/04/2026 14:20:03"
"C:\EAR_OS_V2\.firebase\productora-ear-backend\hosting\weddings\wedding-planners-almeria.html",".html","53403","29/04/2026 14:20:04"
"C:\EAR_OS_V2\.firebase\productora-ear-backend\hosting\weddings\wedding-planners-aranjuez.html",".html","53431","29/04/2026 14:20:06"
"C:\EAR_OS_V2\.firebase\productora-ear-backend\hosting\weddings\wedding-planners-arganda-del-rey.html",".html","53918","29/04/2026 14:20:06"
"C:\EAR_OS_V2\.firebase\productora-ear-backend\hosting\weddings\wedding-planners-avila.html",".html","53347","29/04/2026 14:20:04"
"C:\EAR_OS_V2\.firebase\productora-ear-backend\hosting\weddings\wedding-planners-badajoz.html",".html","53403","29/04/2026 14:20:04"
"C:\EAR_OS_V2\.firebase\productora-ear-backend\hosting\weddings\wedding-planners-barcelona.html",".html","53459","29/04/2026 14:20:03"
"C:\EAR_OS_V2\.firebase\productora-ear-backend\hosting\weddings\wedding-planners-bilbao.html",".html","53375","29/04/2026 14:20:03"
"C:\EAR_OS_V2\.firebase\productora-ear-backend\hosting\weddings\wedding-planners-boadilla-del-monte.html",".html","54002","29/04/2026 14:20:06"
"C:\EAR_OS_V2\.firebase\productora-ear-backend\hosting\weddings\wedding-planners-burgos.html",".html","53375","29/04/2026 14:20:04"
"C:\EAR_OS_V2\.firebase\productora-ear-backend\hosting\weddings\wedding-planners-caceres.html",".html","53403","29/04/2026 14:20:04"
"C:\EAR_OS_V2\.firebase\productora-ear-backend\hosting\weddings\wedding-planners-cadiz.html",".html","53347","29/04/2026 14:20:04"
"C:\EAR_OS_V2\.firebase\productora-ear-backend\hosting\weddings\wedding-planners-canarias.html",".html","53431","29/04/2026 14:20:03"
"C:\EAR_OS_V2\.firebase\productora-ear-backend\hosting\weddings\wedding-planners-castellon.html",".html","53459","29/04/2026 14:20:04"
"C:\EAR_OS_V2\.firebase\productora-ear-backend\hosting\weddings\wedding-planners-ciudad-real.html",".html","53655","29/04/2026 14:20:05"
"C:\EAR_OS_V2\.firebase\productora-ear-backend\hosting\weddings\wedding-planners-collado-villalba.html",".html","53795","29/04/2026 14:20:06"
"C:\EAR_OS_V2\.firebase\productora-ear-backend\hosting\weddings\wedding-planners-cordoba.html",".html","53403","29/04/2026 14:20:04"
"C:\EAR_OS_V2\.firebase\productora-ear-backend\hosting\weddings\wedding-planners-coslada.html",".html","53403","29/04/2026 14:20:05"
"C:\EAR_OS_V2\.firebase\productora-ear-backend\hosting\weddings\wedding-planners-cuenca.html",".html","53375","29/04/2026 14:20:04"
"C:\EAR_OS_V2\.firebase\productora-ear-backend\hosting\weddings\wedding-planners-fuenlabrada.html",".html","53515","29/04/2026 14:20:05"
"C:\EAR_OS_V2\.firebase\productora-ear-backend\hosting\weddings\wedding-planners-getafe.html",".html","53375","29/04/2026 14:20:05"
"C:\EAR_OS_V2\.firebase\productora-ear-backend\hosting\weddings\wedding-planners-gijon.html",".html","53347","29/04/2026 14:20:04"
"C:\EAR_OS_V2\.firebase\productora-ear-backend\hosting\weddings\wedding-planners-girona.html",".html","53375","29/04/2026 14:20:04"
"C:\EAR_OS_V2\.firebase\productora-ear-backend\hosting\weddings\wedding-planners-granada.html",".html","53403","29/04/2026 14:20:03"
"C:\EAR_OS_V2\.firebase\productora-ear-backend\hosting\weddings\wedding-planners-guadalajara.html",".html","53515","29/04/2026 14:20:05"
"C:\EAR_OS_V2\.firebase\productora-ear-backend\hosting\weddings\wedding-planners-huelva.html",".html","53375","29/04/2026 14:20:04"
"C:\EAR_OS_V2\.firebase\productora-ear-backend\hosting\weddings\wedding-planners-huesca.html",".html","53375","29/04/2026 14:20:04"
"C:\EAR_OS_V2\.firebase\productora-ear-backend\hosting\weddings\wedding-planners-ibiza.html",".html","53347","29/04/2026 14:20:03"
"C:\EAR_OS_V2\.firebase\productora-ear-backend\hosting\weddings\wedding-planners-jaen.html",".html","53319","29/04/2026 14:20:04"
"C:\EAR_OS_V2\.firebase\productora-ear-backend\hosting\weddings\wedding-planners-la-moraleja.html",".html","53655","29/04/2026 14:20:03"
"C:\EAR_OS_V2\.firebase\productora-ear-backend\hosting\weddings\wedding-planners-las-rozas.html",".html","53599","29/04/2026 14:20:05"
"C:\EAR_OS_V2\.firebase\productora-ear-backend\hosting\weddings\wedding-planners-leganes.html",".html","53403","29/04/2026 14:20:05"
"C:\EAR_OS_V2\.firebase\productora-ear-backend\hosting\weddings\wedding-planners-leon.html",".html","53319","29/04/2026 14:20:05"
"C:\EAR_OS_V2\.firebase\productora-ear-backend\hosting\weddings\wedding-planners-lleida.html",".html","53375","29/04/2026 14:20:04"
"C:\EAR_OS_V2\.firebase\productora-ear-backend\hosting\weddings\wedding-planners-logrono.html",".html","53403","29/04/2026 14:20:04"
"C:\EAR_OS_V2\.firebase\productora-ear-backend\hosting\weddings\wedding-planners-lugo.html",".html","53319","29/04/2026 14:20:05"
"C:\EAR_OS_V2\.firebase\productora-ear-backend\hosting\weddings\wedding-planners-madrid.html",".html","53375","29/04/2026 14:20:03"
"C:\EAR_OS_V2\.firebase\productora-ear-backend\hosting\weddings\wedding-planners-majadahonda.html",".html","53515","29/04/2026 14:20:05"
"C:\EAR_OS_V2\.firebase\productora-ear-backend\hosting\weddings\wedding-planners-malaga.html",".html","53375","29/04/2026 14:20:03"
"C:\EAR_OS_V2\.firebase\productora-ear-backend\hosting\weddings\wedding-planners-mallorca.html",".html","53431","29/04/2026 14:20:03"
"C:\EAR_OS_V2\.firebase\productora-ear-backend\hosting\weddings\wedding-planners-marbella.html",".html","53431","29/04/2026 14:20:03"
"C:\EAR_OS_V2\.firebase\productora-ear-backend\hosting\weddings\wedding-planners-mostoles.html",".html","53431","29/04/2026 14:20:05"
"C:\EAR_OS_V2\.firebase\productora-ear-backend\hosting\weddings\wedding-planners-murcia.html",".html","53375","29/04/2026 14:20:03"
"C:\EAR_OS_V2\.firebase\productora-ear-backend\hosting\weddings\wedding-planners-ourense.html",".html","53403","29/04/2026 14:20:05"
"C:\EAR_OS_V2\.firebase\productora-ear-backend\hosting\weddings\wedding-planners-oviedo.html",".html","53375","29/04/2026 14:20:04"
"C:\EAR_OS_V2\.firebase\productora-ear-backend\hosting\weddings\wedding-planners-palencia.html",".html","53431","29/04/2026 14:20:05"
"C:\EAR_OS_V2\.firebase\productora-ear-backend\hosting\weddings\wedding-planners-pamplona.html",".html","53431","29/04/2026 14:20:04"
"C:\EAR_OS_V2\.firebase\productora-ear-backend\hosting\weddings\wedding-planners-parla.html",".html","53347","29/04/2026 14:20:05"
"C:\EAR_OS_V2\.firebase\productora-ear-backend\hosting\weddings\wedding-planners-pontevedra.html",".html","53487","29/04/2026 14:20:05"
"C:\EAR_OS_V2\.firebase\productora-ear-backend\hosting\weddings\wedding-planners-pozuelo-de-alarcon.html",".html","54002","29/04/2026 14:20:05"
"C:\EAR_OS_V2\.firebase\productora-ear-backend\hosting\weddings\wedding-planners-rivas-vaciamadrid.html",".html","53823","29/04/2026 14:20:06"
"C:\EAR_OS_V2\.firebase\productora-ear-backend\hosting\weddings\wedding-planners-salamanca.html",".html","53459","29/04/2026 14:20:04"
"C:\EAR_OS_V2\.firebase\productora-ear-backend\hosting\weddings\wedding-planners-san-sebastian-de-los-reyes.html",".html","54504","29/04/2026 14:20:05"
"C:\EAR_OS_V2\.firebase\productora-ear-backend\hosting\weddings\wedding-planners-san-sebastian.html",".html","53711","29/04/2026 14:20:03"
"C:\EAR_OS_V2\.firebase\productora-ear-backend\hosting\weddings\wedding-planners-santander.html",".html","53459","29/04/2026 14:20:04"
"C:\EAR_OS_V2\.firebase\productora-ear-backend\hosting\weddings\wedding-planners-santiago.html",".html","53431","29/04/2026 14:20:03"
"C:\EAR_OS_V2\.firebase\productora-ear-backend\hosting\weddings\wedding-planners-segovia.html",".html","53403","29/04/2026 14:20:04"
"C:\EAR_OS_V2\.firebase\productora-ear-backend\hosting\weddings\wedding-planners-sevilla.html",".html","53403","29/04/2026 14:20:03"
"C:\EAR_OS_V2\.firebase\productora-ear-backend\hosting\weddings\wedding-planners-soria.html",".html","53347","29/04/2026 14:20:05"
"C:\EAR_OS_V2\.firebase\productora-ear-backend\hosting\weddings\wedding-planners-sotogrande.html",".html","53487","29/04/2026 14:20:03"
"C:\EAR_OS_V2\.firebase\productora-ear-backend\hosting\weddings\wedding-planners-tarragona.html",".html","53459","29/04/2026 14:20:04"
"C:\EAR_OS_V2\.firebase\productora-ear-backend\hosting\weddings\wedding-planners-teruel.html",".html","53375","29/04/2026 14:20:04"
"C:\EAR_OS_V2\.firebase\productora-ear-backend\hosting\weddings\wedding-planners-toledo.html",".html","53375","29/04/2026 14:20:03"
"C:\EAR_OS_V2\.firebase\productora-ear-backend\hosting\weddings\wedding-planners-torrejon-de-ardoz.html",".html","53974","29/04/2026 14:20:05"
"C:\EAR_OS_V2\.firebase\productora-ear-backend\hosting\weddings\wedding-planners-valdemoro.html",".html","53459","29/04/2026 14:20:06"
"C:\EAR_OS_V2\.firebase\productora-ear-backend\hosting\weddings\wedding-planners-valencia.html",".html","53431","29/04/2026 14:20:03"
"C:\EAR_OS_V2\.firebase\productora-ear-backend\hosting\weddings\wedding-planners-valladolid.html",".html","53487","29/04/2026 14:20:03"
"C:\EAR_OS_V2\.firebase\productora-ear-backend\hosting\weddings\wedding-planners-vigo.html",".html","53319","29/04/2026 14:20:04"
"C:\EAR_OS_V2\.firebase\productora-ear-backend\hosting\weddings\wedding-planners-zamora.html",".html","53375","29/04/2026 14:20:05"
"C:\EAR_OS_V2\.firebase\productora-ear-backend\hosting\weddings\wedding-planners-zaragoza.html",".html","53431","29/04/2026 14:20:03"
"C:\EAR_OS_V2\.firebase\productora-ear-backend\hosting\zamora\configurador-bespoke.html",".html","31739","29/04/2026 14:20:03"
"C:\EAR_OS_V2\.firebase\productora-ear-backend\hosting\zamora\dj-premium.html",".html","33372","29/04/2026 14:20:03"
"C:\EAR_OS_V2\.firebase\productora-ear-backend\hosting\zamora\iluminacion-espectacular.html",".html","31217","29/04/2026 14:20:03"
"C:\EAR_OS_V2\.firebase\productora-ear-backend\hosting\zamora\innovacion-social.html",".html","32861","29/04/2026 14:20:03"
"C:\EAR_OS_V2\.firebase\productora-ear-backend\hosting\zamora\produccion-audiovisual.html",".html","31217","29/04/2026 14:20:03"
"C:\EAR_OS_V2\.firebase\productora-ear-backend\hosting\zamora\sonorizacion-eventos.html",".html","31151","29/04/2026 14:20:03"
"C:\EAR_OS_V2\.firebase\productora-ear-backend\hosting\zaragoza\configurador-bespoke.html",".html","31783","29/04/2026 14:20:03"
"C:\EAR_OS_V2\.firebase\productora-ear-backend\hosting\zaragoza\dj-premium.html",".html","33420","29/04/2026 14:20:03"
"C:\EAR_OS_V2\.firebase\productora-ear-backend\hosting\zaragoza\iluminacion-espectacular.html",".html","31261","29/04/2026 14:20:03"
"C:\EAR_OS_V2\.firebase\productora-ear-backend\hosting\zaragoza\innovacion-social.html",".html","32909","29/04/2026 14:20:03"
"C:\EAR_OS_V2\.firebase\productora-ear-backend\hosting\zaragoza\produccion-audiovisual.html",".html","31261","29/04/2026 14:20:03"
"C:\EAR_OS_V2\.firebase\productora-ear-backend\hosting\zaragoza\sonorizacion-eventos.html",".html","31195","29/04/2026 14:20:03"
"C:\EAR_OS_V2\.firebase\productora-ear-backend\hosting\_next\static\6C56a8BcdHxmkBgPe4daz\_buildManifest.js",".js","219","29/04/2026 14:19:51"
"C:\EAR_OS_V2\.firebase\productora-ear-backend\hosting\_next\static\6C56a8BcdHxmkBgPe4daz\_clientMiddlewareManifest.js",".js","456","29/04/2026 14:19:51"
"C:\EAR_OS_V2\.firebase\productora-ear-backend\hosting\_next\static\6C56a8BcdHxmkBgPe4daz\_ssgManifest.js",".js","97","29/04/2026 14:20:08"
"C:\EAR_OS_V2\.firebase\productora-ear-backend\hosting\_next\static\chunks\0_8qk13twe2~z.js",".js","10059","29/04/2026 14:19:51"
"C:\EAR_OS_V2\.firebase\productora-ear-backend\hosting\_next\static\chunks\0-4oo_oi06i0r.js",".js","6546","29/04/2026 14:19:51"
"C:\EAR_OS_V2\.firebase\productora-ear-backend\hosting\_next\static\chunks\0-kda8pqo1hvx.js",".js","21481","29/04/2026 14:19:51"
"C:\EAR_OS_V2\.firebase\productora-ear-backend\hosting\_next\static\chunks\0-wm5yza5374s.js",".js","295","29/04/2026 14:19:51"
"C:\EAR_OS_V2\.firebase\productora-ear-backend\hosting\_next\static\chunks\00-csyj9a6t-x.js",".js","54646","29/04/2026 14:19:51"
"C:\EAR_OS_V2\.firebase\productora-ear-backend\hosting\_next\static\chunks\00sjvml1.5r4h.js",".js","724","29/04/2026 14:19:51"
"C:\EAR_OS_V2\.firebase\productora-ear-backend\hosting\_next\static\chunks\01xlw8hd842-c.js",".js","3377","29/04/2026 14:19:51"
"C:\EAR_OS_V2\.firebase\productora-ear-backend\hosting\_next\static\chunks\03~yq9q893hmn.js",".js","112594","29/04/2026 14:19:51"
"C:\EAR_OS_V2\.firebase\productora-ear-backend\hosting\_next\static\chunks\07pb4wie5w4iq.css",".css","211444","29/04/2026 14:19:51"
"C:\EAR_OS_V2\.firebase\productora-ear-backend\hosting\_next\static\chunks\07uz2g0_38qia.js",".js","43946","29/04/2026 14:19:51"
"C:\EAR_OS_V2\.firebase\productora-ear-backend\hosting\_next\static\chunks\085~.u6_b3yip.js",".js","44241","29/04/2026 14:19:51"
"C:\EAR_OS_V2\.firebase\productora-ear-backend\hosting\_next\static\chunks\09t2isllljna7.js",".js","119814","29/04/2026 14:19:51"
"C:\EAR_OS_V2\.firebase\productora-ear-backend\hosting\_next\static\chunks\0a6k5yn61q6w6.js",".js","10077","29/04/2026 14:19:51"
"C:\EAR_OS_V2\.firebase\productora-ear-backend\hosting\_next\static\chunks\0bmwtnbugq9f_.js",".js","6812","29/04/2026 14:19:51"
"C:\EAR_OS_V2\.firebase\productora-ear-backend\hosting\_next\static\chunks\0cka7oyyv90nw.js",".js","200097","29/04/2026 14:19:51"
"C:\EAR_OS_V2\.firebase\productora-ear-backend\hosting\_next\static\chunks\0d-mbmzt.r3t~.js",".js","31864","29/04/2026 14:19:51"
"C:\EAR_OS_V2\.firebase\productora-ear-backend\hosting\_next\static\chunks\0d2bp~b3bc.pk.js",".js","200097","29/04/2026 14:19:51"
"C:\EAR_OS_V2\.firebase\productora-ear-backend\hosting\_next\static\chunks\0fytrm1si15-s.js",".js","16831","29/04/2026 14:19:51"
"C:\EAR_OS_V2\.firebase\productora-ear-backend\hosting\_next\static\chunks\0hjpt03-n96k7.js",".js","4893","29/04/2026 14:19:51"
"C:\EAR_OS_V2\.firebase\productora-ear-backend\hosting\_next\static\chunks\0jma.8302htl4.js",".js","12531","29/04/2026 14:19:51"
"C:\EAR_OS_V2\.firebase\productora-ear-backend\hosting\_next\static\chunks\0m07w14ra_3zx.js",".js","5723","29/04/2026 14:19:51"
"C:\EAR_OS_V2\.firebase\productora-ear-backend\hosting\_next\static\chunks\0n51s3dzc2df0.js",".js","136647","29/04/2026 14:19:51"
"C:\EAR_OS_V2\.firebase\productora-ear-backend\hosting\_next\static\chunks\0nt8nn4z_q4x..js",".js","61469","29/04/2026 14:19:51"
"C:\EAR_OS_V2\.firebase\productora-ear-backend\hosting\_next\static\chunks\0ntbm0~9_ynrw.css",".css","5252","29/04/2026 14:19:51"
"C:\EAR_OS_V2\.firebase\productora-ear-backend\hosting\_next\static\chunks\0p_p.hq2zfsq_.js",".js","19733","29/04/2026 14:19:51"
"C:\EAR_OS_V2\.firebase\productora-ear-backend\hosting\_next\static\chunks\0r1b_k05m9_d5.js",".js","7289","29/04/2026 14:19:51"
"C:\EAR_OS_V2\.firebase\productora-ear-backend\hosting\_next\static\chunks\0v9c2uadhpd-i.js",".js","226355","29/04/2026 14:19:51"
"C:\EAR_OS_V2\.firebase\productora-ear-backend\hosting\_next\static\chunks\0vnnapg2ejn7h.js",".js","26039","29/04/2026 14:19:51"
"C:\EAR_OS_V2\.firebase\productora-ear-backend\hosting\_next\static\chunks\0wdi_inu8cga4.js",".js","1021","29/04/2026 14:19:51"
"C:\EAR_OS_V2\.firebase\productora-ear-backend\hosting\_next\static\chunks\0wsqxjq-wo2ww.js",".js","7181","29/04/2026 14:19:51"
"C:\EAR_OS_V2\.firebase\productora-ear-backend\hosting\_next\static\chunks\0z~dxaice6x2w.js",".js","6042","29/04/2026 14:19:51"
"C:\EAR_OS_V2\.firebase\productora-ear-backend\hosting\_next\static\chunks\144ytiyhm3rka.js",".js","37741","29/04/2026 14:19:51"
"C:\EAR_OS_V2\.firebase\productora-ear-backend\hosting\_next\static\chunks\1479goi5-.k0p.js",".js","7710","29/04/2026 14:19:51"
"C:\EAR_OS_V2\.firebase\productora-ear-backend\hosting\_next\static\chunks\14gfx4girh_la.js",".js","5072","29/04/2026 14:19:51"
"C:\EAR_OS_V2\.firebase\productora-ear-backend\hosting\_next\static\chunks\15p6x344yl3_o.js",".js","20937","29/04/2026 14:19:51"
"C:\EAR_OS_V2\.firebase\productora-ear-backend\hosting\_next\static\chunks\16swo1rfrn9.7.js",".js","8817","29/04/2026 14:19:51"
"C:\EAR_OS_V2\.firebase\productora-ear-backend\hosting\_next\static\chunks\16u33jctn6mxj.js",".js","7496","29/04/2026 14:19:51"
"C:\EAR_OS_V2\.firebase\productora-ear-backend\hosting\_next\static\chunks\17e447qc70vq5.js",".js","462753","29/04/2026 14:19:51"
"C:\EAR_OS_V2\.firebase\productora-ear-backend\hosting\_next\static\chunks\turbopack-03gpvuyjxc4o6.js",".js","10613","29/04/2026 14:19:51"
"C:\EAR_OS_V2\.firebase\productora-ear-backend\hosting\_next\static\media\0c795a286deabae8-s.p.14tvuu96~wkr0.woff2",".woff2","34560","29/04/2026 14:19:51"
"C:\EAR_OS_V2\.firebase\productora-ear-backend\hosting\_next\static\media\1bffadaabf893a1e-s.16ipb6fqu393i.woff2",".woff2","85272","29/04/2026 14:19:51"
"C:\EAR_OS_V2\.firebase\productora-ear-backend\hosting\_next\static\media\2bbe8d2671613f1f-s.067x_6k0k23tk.woff2",".woff2","10280","29/04/2026 14:19:51"
"C:\EAR_OS_V2\.firebase\productora-ear-backend\hosting\_next\static\media\2c55a0e60120577a-s.0bjc5tiuqdqro.woff2",".woff2","25844","29/04/2026 14:19:51"
"C:\EAR_OS_V2\.firebase\productora-ear-backend\hosting\_next\static\media\5476f68d60460930-s.0wxq9webf.ew4.woff2",".woff2","19044","29/04/2026 14:19:51"
"C:\EAR_OS_V2\.firebase\productora-ear-backend\hosting\_next\static\media\58c4895d0a0ef7cc-s.0x1a9yg0jkq20.woff2",".woff2","9360","29/04/2026 14:19:51"
"C:\EAR_OS_V2\.firebase\productora-ear-backend\hosting\_next\static\media\6ab0db14f70d8ed6-s.0ctuso5mgh_i..woff2",".woff2","15240","29/04/2026 14:19:51"
"C:\EAR_OS_V2\.firebase\productora-ear-backend\hosting\_next\static\media\83afe278b6a6bb3c-s.p.0q-301v4kxxnr.woff2",".woff2","48432","29/04/2026 14:19:51"
"C:\EAR_OS_V2\.firebase\productora-ear-backend\hosting\_next\static\media\9c72aa0f40e4eef8-s.0m6w47a4e5dy9.woff2",".woff2","18744","29/04/2026 14:19:51"
"C:\EAR_OS_V2\.firebase\productora-ear-backend\hosting\_next\static\media\a342834df7752944-s.10ev4cu2inrn-.woff2",".woff2","2592","29/04/2026 14:19:51"
"C:\EAR_OS_V2\.firebase\productora-ear-backend\hosting\_next\static\media\a343f882a40d2cc9-s.p.0kho-wj7-y-w1.woff2",".woff2","24576","29/04/2026 14:19:51"
"C:\EAR_OS_V2\.firebase\productora-ear-backend\hosting\_next\static\media\ab624315db63c58d-s.1487dfs7-.~d~.woff2",".woff2","11252","29/04/2026 14:19:51"
"C:\EAR_OS_V2\.firebase\productora-ear-backend\hosting\_next\static\media\ad66f9afd8947f86-s.11u06r12fd6v_.woff2",".woff2","11272","29/04/2026 14:19:51"
"C:\EAR_OS_V2\.firebase\productora-ear-backend\hosting\_next\static\media\bfc7db5c00d21bc5-s.0dyk20wuvya7a.woff2",".woff2","8492","29/04/2026 14:19:51"
"C:\EAR_OS_V2\.firebase\productora-ear-backend\hosting\_next\static\media\d3fe2f289711ac3f-s.0i6ci0u~g4zml.woff2",".woff2","14544","29/04/2026 14:19:51"
"C:\EAR_OS_V2\.firebase\productora-ear-backend\hosting\_next\static\media\e94b8ab81811a983-s.02fsf_1p_avhz.woff2",".woff2","14652","29/04/2026 14:19:51"
"C:\EAR_OS_V2\.obsidian\app.json",".json","167","29/07/2026 17:34:56"
"C:\EAR_OS_V2\.obsidian\appearance.json",".json","2","29/07/2026 17:34:57"
"C:\EAR_OS_V2\.obsidian\core-plugins.json",".json","0","30/07/2026 12:39:30"
"C:\EAR_OS_V2\.obsidian\graph.json",".json","510","29/07/2026 17:34:57"
"C:\EAR_OS_V2\.obsidian\workspace.json",".json","5585","29/07/2026 20:27:34"
"C:\EAR_OS_V2\.vercel\project.json",".json","108","06/05/2026 20:12:09"
"C:\EAR_OS_V2\.vercel\README.txt",".txt","520","06/05/2026 20:12:09"
"C:\EAR_OS_V2\01_SSOT_Y_KERNELS\CLINE_OMEGA_KERNEL.md",".md","7665","18/05/2026 17:45:51"
"C:\EAR_OS_V2\01_SSOT_Y_KERNELS\DATABASE_URL_CORRECTION_RUNBOOK.md",".md","5561","19/05/2026 17:23:02"
"C:\EAR_OS_V2\01_SSOT_Y_KERNELS\EAR_OS_STRATEGIC_ORCHESTRATOR_PLAN.md",".md","2355","30/07/2026 12:57:52"
"C:\EAR_OS_V2\01_SSOT_Y_KERNELS\recuperar_adn.ps1",".ps1","1910","29/07/2026 11:13:43"
"C:\EAR_OS_V2\02_ARQUITECTURA_Y_MATRICES\01_MOC_FINANZAS_Y_STRIPE.md",".md","254","19/05/2026 16:36:23"
"C:\EAR_OS_V2\02_ARQUITECTURA_Y_MATRICES\02_MOC_LOGISTICA_FLEET.md",".md","234","19/05/2026 16:36:25"
"C:\EAR_OS_V2\ALMACEN_DE_CUARENTENA_6M\B2BPortal.tsx",".tsx","258","06/05/2026 21:22:42"
"C:\EAR_OS_V2\ALMACEN_DE_CUARENTENA_6M\VAMP_639135987149261739_BarComponent.tsx",".tsx","20","13/11/2025 16:31:36"
"C:\EAR_OS_V2\BASE_DE_CONOCIMIENTO\CÓDICE_V2_SUMMARY.json",".json","1237","12/05/2026 10:54:22"
"C:\EAR_OS_V2\BASE_DE_CONOCIMIENTO\archive\legacy_brain_dump\.firebaserc",".firebaserc","54","19/04/2026 12:31:40"
"C:\EAR_OS_V2\BASE_DE_CONOCIMIENTO\archive\legacy_brain_dump\build_error.log",".log","2747648","11/05/2026 21:57:35"
"C:\EAR_OS_V2\BASE_DE_CONOCIMIENTO\archive\legacy_brain_dump\build_v122.log",".log","112118","11/05/2026 17:55:37"
"C:\EAR_OS_V2\BASE_DE_CONOCIMIENTO\archive\legacy_brain_dump\check-integrity.sh",".sh","106","22/04/2026 20:13:06"
"C:\EAR_OS_V2\BASE_DE_CONOCIMIENTO\archive\legacy_brain_dump\deep_scan_files.csv",".csv","15031104","24/04/2026 9:35:02"
"C:\EAR_OS_V2\BASE_DE_CONOCIMIENTO\archive\legacy_brain_dump\deploy_v122.log",".log","139302","11/05/2026 17:59:28"
"C:\EAR_OS_V2\BASE_DE_CONOCIMIENTO\archive\legacy_brain_dump\ear_os_infra_inventory.json",".json","161","11/05/2026 15:11:21"
"C:\EAR_OS_V2\BASE_DE_CONOCIMIENTO\archive\legacy_brain_dump\EAR_OS_MAESTRO_PROMPTS_PARTE_1.md",".md","879385","05/05/2026 15:57:53"
"C:\EAR_OS_V2\BASE_DE_CONOCIMIENTO\archive\legacy_brain_dump\EAR_OS_MAESTRO_PROMPTS_PARTE_10.md",".md","4684481","05/05/2026 15:57:56"
"C:\EAR_OS_V2\BASE_DE_CONOCIMIENTO\archive\legacy_brain_dump\EAR_OS_MAESTRO_PROMPTS_PARTE_100.md",".md","3307265","05/05/2026 15:58:30"
"C:\EAR_OS_V2\BASE_DE_CONOCIMIENTO\archive\legacy_brain_dump\EAR_OS_MAESTRO_PROMPTS_PARTE_101.md",".md","3307271","05/05/2026 15:58:30"
"C:\EAR_OS_V2\BASE_DE_CONOCIMIENTO\archive\legacy_brain_dump\EAR_OS_MAESTRO_PROMPTS_PARTE_102.md",".md","831380","05/05/2026 15:58:30"
"C:\EAR_OS_V2\BASE_DE_CONOCIMIENTO\archive\legacy_brain_dump\EAR_OS_MAESTRO_PROMPTS_PARTE_103.md",".md","825981","05/05/2026 15:58:30"
"C:\EAR_OS_V2\BASE_DE_CONOCIMIENTO\archive\legacy_brain_dump\EAR_OS_MAESTRO_PROMPTS_PARTE_104.md",".md","1923538","05/05/2026 15:58:30"
"C:\EAR_OS_V2\BASE_DE_CONOCIMIENTO\archive\legacy_brain_dump\EAR_OS_MAESTRO_PROMPTS_PARTE_105.md",".md","155688","05/05/2026 15:58:31"
"C:\EAR_OS_V2\BASE_DE_CONOCIMIENTO\archive\legacy_brain_dump\EAR_OS_MAESTRO_PROMPTS_PARTE_107.md",".md","361736","05/05/2026 15:58:32"
"C:\EAR_OS_V2\BASE_DE_CONOCIMIENTO\archive\legacy_brain_dump\EAR_OS_MAESTRO_PROMPTS_PARTE_108.md",".md","2786817","05/05/2026 15:58:32"
"C:\EAR_OS_V2\BASE_DE_CONOCIMIENTO\archive\legacy_brain_dump\EAR_OS_MAESTRO_PROMPTS_PARTE_109.md",".md","1870474","05/05/2026 15:58:34"
"C:\EAR_OS_V2\BASE_DE_CONOCIMIENTO\archive\legacy_brain_dump\EAR_OS_MAESTRO_PROMPTS_PARTE_11.md",".md","3792983","05/05/2026 15:57:56"
"C:\EAR_OS_V2\BASE_DE_CONOCIMIENTO\archive\legacy_brain_dump\EAR_OS_MAESTRO_PROMPTS_PARTE_110.md",".md","5428169","05/05/2026 15:58:34"
"C:\EAR_OS_V2\BASE_DE_CONOCIMIENTO\archive\legacy_brain_dump\EAR_OS_MAESTRO_PROMPTS_PARTE_111.md",".md","1409119","05/05/2026 15:58:34"
"C:\EAR_OS_V2\BASE_DE_CONOCIMIENTO\archive\legacy_brain_dump\EAR_OS_MAESTRO_PROMPTS_PARTE_112.md",".md","1430623","05/05/2026 15:58:34"
"C:\EAR_OS_V2\BASE_DE_CONOCIMIENTO\archive\legacy_brain_dump\EAR_OS_MAESTRO_PROMPTS_PARTE_113.md",".md","217453","05/05/2026 15:58:34"
"C:\EAR_OS_V2\BASE_DE_CONOCIMIENTO\archive\legacy_brain_dump\EAR_OS_MAESTRO_PROMPTS_PARTE_114.md",".md","20662723","05/05/2026 15:58:35"
"C:\EAR_OS_V2\BASE_DE_CONOCIMIENTO\archive\legacy_brain_dump\EAR_OS_MAESTRO_PROMPTS_PARTE_115.md",".md","1023443","05/05/2026 15:58:35"
"C:\EAR_OS_V2\BASE_DE_CONOCIMIENTO\archive\legacy_brain_dump\EAR_OS_MAESTRO_PROMPTS_PARTE_116.md",".md","1568548","05/05/2026 15:58:36"
"C:\EAR_OS_V2\BASE_DE_CONOCIMIENTO\archive\legacy_brain_dump\EAR_OS_MAESTRO_PROMPTS_PARTE_117.md",".md","1488416","05/05/2026 15:58:41"
"C:\EAR_OS_V2\BASE_DE_CONOCIMIENTO\archive\legacy_brain_dump\EAR_OS_MAESTRO_PROMPTS_PARTE_118.md",".md","1116010","05/05/2026 15:59:00"
"C:\EAR_OS_V2\BASE_DE_CONOCIMIENTO\archive\legacy_brain_dump\EAR_OS_MAESTRO_PROMPTS_PARTE_12.md",".md","64794631","05/05/2026 15:57:56"
"C:\EAR_OS_V2\BASE_DE_CONOCIMIENTO\archive\legacy_brain_dump\EAR_OS_MAESTRO_PROMPTS_PARTE_128.md",".md","1877","12/05/2026 10:54:44"
"C:\EAR_OS_V2\BASE_DE_CONOCIMIENTO\archive\legacy_brain_dump\EAR_OS_MAESTRO_PROMPTS_PARTE_13.md",".md","30573968","05/05/2026 15:57:56"
"C:\EAR_OS_V2\BASE_DE_CONOCIMIENTO\archive\legacy_brain_dump\EAR_OS_MAESTRO_PROMPTS_PARTE_14.md",".md","7229230","05/05/2026 15:57:56"
"C:\EAR_OS_V2\BASE_DE_CONOCIMIENTO\archive\legacy_brain_dump\EAR_OS_MAESTRO_PROMPTS_PARTE_15.md",".md","4378812","05/05/2026 15:57:57"
"C:\EAR_OS_V2\BASE_DE_CONOCIMIENTO\archive\legacy_brain_dump\EAR_OS_MAESTRO_PROMPTS_PARTE_16.md",".md","64794621","05/05/2026 15:57:57"
"C:\EAR_OS_V2\BASE_DE_CONOCIMIENTO\archive\legacy_brain_dump\EAR_OS_MAESTRO_PROMPTS_PARTE_17.md",".md","285335","05/05/2026 15:57:57"
"C:\EAR_OS_V2\BASE_DE_CONOCIMIENTO\archive\legacy_brain_dump\EAR_OS_MAESTRO_PROMPTS_PARTE_18.md",".md","2229758","05/05/2026 15:57:57"
"C:\EAR_OS_V2\BASE_DE_CONOCIMIENTO\archive\legacy_brain_dump\EAR_OS_MAESTRO_PROMPTS_PARTE_19.md",".md","3113814","05/05/2026 15:57:58"
"C:\EAR_OS_V2\BASE_DE_CONOCIMIENTO\archive\legacy_brain_dump\EAR_OS_MAESTRO_PROMPTS_PARTE_2.md",".md","4378820","05/05/2026 15:57:53"
"C:\EAR_OS_V2\BASE_DE_CONOCIMIENTO\archive\legacy_brain_dump\EAR_OS_MAESTRO_PROMPTS_PARTE_20.md",".md","2462595","05/05/2026 15:57:58"
"C:\EAR_OS_V2\BASE_DE_CONOCIMIENTO\archive\legacy_brain_dump\EAR_OS_MAESTRO_PROMPTS_PARTE_21.md",".md","169675","05/05/2026 15:57:58"
"C:\EAR_OS_V2\BASE_DE_CONOCIMIENTO\archive\legacy_brain_dump\EAR_OS_MAESTRO_PROMPTS_PARTE_22.md",".md","64794612","05/05/2026 15:57:59"
"C:\EAR_OS_V2\BASE_DE_CONOCIMIENTO\archive\legacy_brain_dump\EAR_OS_MAESTRO_PROMPTS_PARTE_23.md",".md","30573949","05/05/2026 15:57:59"
"C:\EAR_OS_V2\BASE_DE_CONOCIMIENTO\archive\legacy_brain_dump\EAR_OS_MAESTRO_PROMPTS_PARTE_24.md",".md","63411127","05/05/2026 15:57:59"
"C:\EAR_OS_V2\BASE_DE_CONOCIMIENTO\archive\legacy_brain_dump\EAR_OS_MAESTRO_PROMPTS_PARTE_25.md",".md","3956475","05/05/2026 15:58:00"
"C:\EAR_OS_V2\BASE_DE_CONOCIMIENTO\archive\legacy_brain_dump\EAR_OS_MAESTRO_PROMPTS_PARTE_26.md",".md","2085010","05/05/2026 15:58:00"
"C:\EAR_OS_V2\BASE_DE_CONOCIMIENTO\archive\legacy_brain_dump\EAR_OS_MAESTRO_PROMPTS_PARTE_27.md",".md","2462588","05/05/2026 15:58:00"
"C:\EAR_OS_V2\BASE_DE_CONOCIMIENTO\archive\legacy_brain_dump\EAR_OS_MAESTRO_PROMPTS_PARTE_28.md",".md","4378805","05/05/2026 15:58:00"
"C:\EAR_OS_V2\BASE_DE_CONOCIMIENTO\archive\legacy_brain_dump\EAR_OS_MAESTRO_PROMPTS_PARTE_29.md",".md","2229751","05/05/2026 15:58:00"
"C:\EAR_OS_V2\BASE_DE_CONOCIMIENTO\archive\legacy_brain_dump\EAR_OS_MAESTRO_PROMPTS_PARTE_3.md",".md","64794629","05/05/2026 15:57:53"
"C:\EAR_OS_V2\BASE_DE_CONOCIMIENTO\archive\legacy_brain_dump\EAR_OS_MAESTRO_PROMPTS_PARTE_30.md",".md","1923558","05/05/2026 15:58:00"
"C:\EAR_OS_V2\BASE_DE_CONOCIMIENTO\archive\legacy_brain_dump\EAR_OS_MAESTRO_PROMPTS_PARTE_31.md",".md","64794589","05/05/2026 15:58:01"
"C:\EAR_OS_V2\BASE_DE_CONOCIMIENTO\archive\legacy_brain_dump\EAR_OS_MAESTRO_PROMPTS_PARTE_32.md",".md","15560","05/05/2026 15:58:01"
"C:\EAR_OS_V2\BASE_DE_CONOCIMIENTO\archive\legacy_brain_dump\EAR_OS_MAESTRO_PROMPTS_PARTE_33.md",".md","30573926","05/05/2026 15:58:01"
"C:\EAR_OS_V2\BASE_DE_CONOCIMIENTO\archive\legacy_brain_dump\EAR_OS_MAESTRO_PROMPTS_PARTE_34.md",".md","107898","05/05/2026 15:58:01"
"C:\EAR_OS_V2\BASE_DE_CONOCIMIENTO\archive\legacy_brain_dump\EAR_OS_MAESTRO_PROMPTS_PARTE_35.md",".md","3053450","05/05/2026 15:58:01"
"C:\EAR_OS_V2\BASE_DE_CONOCIMIENTO\archive\legacy_brain_dump\EAR_OS_MAESTRO_PROMPTS_PARTE_36.md",".md","5157537","05/05/2026 15:58:02"
"C:\EAR_OS_V2\BASE_DE_CONOCIMIENTO\archive\legacy_brain_dump\EAR_OS_MAESTRO_PROMPTS_PARTE_37.md",".md","75823","05/05/2026 15:58:02"
"C:\EAR_OS_V2\BASE_DE_CONOCIMIENTO\archive\legacy_brain_dump\EAR_OS_MAESTRO_PROMPTS_PARTE_38.md",".md","1898520","05/05/2026 15:58:02"
"C:\EAR_OS_V2\BASE_DE_CONOCIMIENTO\archive\legacy_brain_dump\EAR_OS_MAESTRO_PROMPTS_PARTE_39.md",".md","1528899","05/05/2026 15:58:02"
"C:\EAR_OS_V2\BASE_DE_CONOCIMIENTO\archive\legacy_brain_dump\EAR_OS_MAESTRO_PROMPTS_PARTE_4.md",".md","285343","05/05/2026 15:57:53"
"C:\EAR_OS_V2\BASE_DE_CONOCIMIENTO\archive\legacy_brain_dump\EAR_OS_MAESTRO_PROMPTS_PARTE_40.md",".md","2084979","05/05/2026 15:58:02"
"C:\EAR_OS_V2\BASE_DE_CONOCIMIENTO\archive\legacy_brain_dump\EAR_OS_MAESTRO_PROMPTS_PARTE_41.md",".md","3527941","05/05/2026 15:58:02"
"C:\EAR_OS_V2\BASE_DE_CONOCIMIENTO\archive\legacy_brain_dump\EAR_OS_MAESTRO_PROMPTS_PARTE_42.md",".md","2462557","05/05/2026 15:58:02"
"C:\EAR_OS_V2\BASE_DE_CONOCIMIENTO\archive\legacy_brain_dump\EAR_OS_MAESTRO_PROMPTS_PARTE_43.md",".md","4378774","05/05/2026 15:58:02"
"C:\EAR_OS_V2\BASE_DE_CONOCIMIENTO\archive\legacy_brain_dump\EAR_OS_MAESTRO_PROMPTS_PARTE_44.md",".md","2229720","05/05/2026 15:58:03"
"C:\EAR_OS_V2\BASE_DE_CONOCIMIENTO\archive\legacy_brain_dump\EAR_OS_MAESTRO_PROMPTS_PARTE_45.md",".md","7327731","05/05/2026 15:58:03"
"C:\EAR_OS_V2\BASE_DE_CONOCIMIENTO\archive\legacy_brain_dump\EAR_OS_MAESTRO_PROMPTS_PARTE_46.md",".md","3078621","05/05/2026 15:58:03"
"C:\EAR_OS_V2\BASE_DE_CONOCIMIENTO\archive\legacy_brain_dump\EAR_OS_MAESTRO_PROMPTS_PARTE_47.md",".md","3113777","05/05/2026 15:58:03"
"C:\EAR_OS_V2\BASE_DE_CONOCIMIENTO\archive\legacy_brain_dump\EAR_OS_MAESTRO_PROMPTS_PARTE_48.md",".md","227457","05/05/2026 15:58:04"
"C:\EAR_OS_V2\BASE_DE_CONOCIMIENTO\archive\legacy_brain_dump\EAR_OS_MAESTRO_PROMPTS_PARTE_49.md",".md","30573986","05/05/2026 15:58:04"
"C:\EAR_OS_V2\BASE_DE_CONOCIMIENTO\archive\legacy_brain_dump\EAR_OS_MAESTRO_PROMPTS_PARTE_5.md",".md","2229766","05/05/2026 15:57:54"
"C:\EAR_OS_V2\BASE_DE_CONOCIMIENTO\archive\legacy_brain_dump\EAR_OS_MAESTRO_PROMPTS_PARTE_50.md",".md","30573977","05/05/2026 15:58:04"
"C:\EAR_OS_V2\BASE_DE_CONOCIMIENTO\archive\legacy_brain_dump\EAR_OS_MAESTRO_PROMPTS_PARTE_51.md",".md","30573948","05/05/2026 15:58:04"
"C:\EAR_OS_V2\BASE_DE_CONOCIMIENTO\archive\legacy_brain_dump\EAR_OS_MAESTRO_PROMPTS_PARTE_52.md",".md","7229237","05/05/2026 15:58:04"
"C:\EAR_OS_V2\BASE_DE_CONOCIMIENTO\archive\legacy_brain_dump\EAR_OS_MAESTRO_PROMPTS_PARTE_53.md",".md","2137","05/05/2026 15:58:05"
"C:\EAR_OS_V2\BASE_DE_CONOCIMIENTO\archive\legacy_brain_dump\EAR_OS_MAESTRO_PROMPTS_PARTE_54.md",".md","64794621","05/05/2026 15:58:05"
"C:\EAR_OS_V2\BASE_DE_CONOCIMIENTO\archive\legacy_brain_dump\EAR_OS_MAESTRO_PROMPTS_PARTE_55.md",".md","3307338","05/05/2026 15:58:05"
"C:\EAR_OS_V2\BASE_DE_CONOCIMIENTO\archive\legacy_brain_dump\EAR_OS_MAESTRO_PROMPTS_PARTE_56.md",".md","217578","05/05/2026 15:58:05"
"C:\EAR_OS_V2\BASE_DE_CONOCIMIENTO\archive\legacy_brain_dump\EAR_OS_MAESTRO_PROMPTS_PARTE_57.md",".md","3307308","05/05/2026 15:58:06"
"C:\EAR_OS_V2\BASE_DE_CONOCIMIENTO\archive\legacy_brain_dump\EAR_OS_MAESTRO_PROMPTS_PARTE_58.md",".md","1923580","05/05/2026 15:58:06"
"C:\EAR_OS_V2\BASE_DE_CONOCIMIENTO\archive\legacy_brain_dump\EAR_OS_MAESTRO_PROMPTS_PARTE_59.md",".md","64794611","05/05/2026 15:58:06"
"C:\EAR_OS_V2\BASE_DE_CONOCIMIENTO\archive\legacy_brain_dump\EAR_OS_MAESTRO_PROMPTS_PARTE_6.md",".md","3113822","05/05/2026 15:57:54"
"C:\EAR_OS_V2\BASE_DE_CONOCIMIENTO\archive\legacy_brain_dump\EAR_OS_MAESTRO_PROMPTS_PARTE_60.md",".md","15582","05/05/2026 15:58:06"
"C:\EAR_OS_V2\BASE_DE_CONOCIMIENTO\archive\legacy_brain_dump\EAR_OS_MAESTRO_PROMPTS_PARTE_61.md",".md","30573948","05/05/2026 15:58:06"
"C:\EAR_OS_V2\BASE_DE_CONOCIMIENTO\archive\legacy_brain_dump\EAR_OS_MAESTRO_PROMPTS_PARTE_62.md",".md","1096408","05/05/2026 15:58:07"
"C:\EAR_OS_V2\BASE_DE_CONOCIMIENTO\archive\legacy_brain_dump\EAR_OS_MAESTRO_PROMPTS_PARTE_63.md",".md","64794607","05/05/2026 15:58:08"
"C:\EAR_OS_V2\BASE_DE_CONOCIMIENTO\archive\legacy_brain_dump\EAR_OS_MAESTRO_PROMPTS_PARTE_64.md",".md","30573944","05/05/2026 15:58:08"
"C:\EAR_OS_V2\BASE_DE_CONOCIMIENTO\archive\legacy_brain_dump\EAR_OS_MAESTRO_PROMPTS_PARTE_65.md",".md","30574013","05/05/2026 15:58:08"
"C:\EAR_OS_V2\BASE_DE_CONOCIMIENTO\archive\legacy_brain_dump\EAR_OS_MAESTRO_PROMPTS_PARTE_66.md",".md","30574004","05/05/2026 15:58:08"
"C:\EAR_OS_V2\BASE_DE_CONOCIMIENTO\archive\legacy_brain_dump\EAR_OS_MAESTRO_PROMPTS_PARTE_67.md",".md","30573975","05/05/2026 15:58:09"
"C:\EAR_OS_V2\BASE_DE_CONOCIMIENTO\archive\legacy_brain_dump\EAR_OS_MAESTRO_PROMPTS_PARTE_68.md",".md","7229264","05/05/2026 15:58:09"
"C:\EAR_OS_V2\BASE_DE_CONOCIMIENTO\archive\legacy_brain_dump\EAR_OS_MAESTRO_PROMPTS_PARTE_69.md",".md","2164","05/05/2026 15:58:09"
"C:\EAR_OS_V2\BASE_DE_CONOCIMIENTO\archive\legacy_brain_dump\EAR_OS_MAESTRO_PROMPTS_PARTE_7.md",".md","2462603","05/05/2026 15:57:54"
"C:\EAR_OS_V2\BASE_DE_CONOCIMIENTO\archive\legacy_brain_dump\EAR_OS_MAESTRO_PROMPTS_PARTE_70.md",".md","64794648","05/05/2026 15:58:09"
"C:\EAR_OS_V2\BASE_DE_CONOCIMIENTO\archive\legacy_brain_dump\EAR_OS_MAESTRO_PROMPTS_PARTE_71.md",".md","3307365","05/05/2026 15:58:09"
"C:\EAR_OS_V2\BASE_DE_CONOCIMIENTO\archive\legacy_brain_dump\EAR_OS_MAESTRO_PROMPTS_PARTE_72.md",".md","217686","05/05/2026 15:58:10"
"C:\EAR_OS_V2\BASE_DE_CONOCIMIENTO\archive\legacy_brain_dump\EAR_OS_MAESTRO_PROMPTS_PARTE_73.md",".md","3307335","05/05/2026 15:58:10"
"C:\EAR_OS_V2\BASE_DE_CONOCIMIENTO\archive\legacy_brain_dump\EAR_OS_MAESTRO_PROMPTS_PARTE_74.md",".md","1923607","05/05/2026 15:58:10"
"C:\EAR_OS_V2\BASE_DE_CONOCIMIENTO\archive\legacy_brain_dump\EAR_OS_MAESTRO_PROMPTS_PARTE_75.md",".md","64794638","05/05/2026 15:58:10"
"C:\EAR_OS_V2\BASE_DE_CONOCIMIENTO\archive\legacy_brain_dump\EAR_OS_MAESTRO_PROMPTS_PARTE_76.md",".md","15609","05/05/2026 15:58:11"
"C:\EAR_OS_V2\BASE_DE_CONOCIMIENTO\archive\legacy_brain_dump\EAR_OS_MAESTRO_PROMPTS_PARTE_77.md",".md","30573975","05/05/2026 15:58:11"
"C:\EAR_OS_V2\BASE_DE_CONOCIMIENTO\archive\legacy_brain_dump\EAR_OS_MAESTRO_PROMPTS_PARTE_78.md",".md","1003843","05/05/2026 15:58:12"
"C:\EAR_OS_V2\BASE_DE_CONOCIMIENTO\archive\legacy_brain_dump\EAR_OS_MAESTRO_PROMPTS_PARTE_79.md",".md","64794595","05/05/2026 15:58:12"
"C:\EAR_OS_V2\BASE_DE_CONOCIMIENTO\archive\legacy_brain_dump\EAR_OS_MAESTRO_PROMPTS_PARTE_8.md",".md","169695","05/05/2026 15:57:55"
"C:\EAR_OS_V2\BASE_DE_CONOCIMIENTO\archive\legacy_brain_dump\EAR_OS_MAESTRO_PROMPTS_PARTE_80.md",".md","30573932","05/05/2026 15:58:12"
"C:\EAR_OS_V2\BASE_DE_CONOCIMIENTO\archive\legacy_brain_dump\EAR_OS_MAESTRO_PROMPTS_PARTE_81.md",".md","30574001","05/05/2026 15:58:12"
"C:\EAR_OS_V2\BASE_DE_CONOCIMIENTO\archive\legacy_brain_dump\EAR_OS_MAESTRO_PROMPTS_PARTE_82.md",".md","30573992","05/05/2026 15:58:13"
"C:\EAR_OS_V2\BASE_DE_CONOCIMIENTO\archive\legacy_brain_dump\EAR_OS_MAESTRO_PROMPTS_PARTE_83.md",".md","30573963","05/05/2026 15:58:13"
"C:\EAR_OS_V2\BASE_DE_CONOCIMIENTO\archive\legacy_brain_dump\EAR_OS_MAESTRO_PROMPTS_PARTE_84.md",".md","7229252","05/05/2026 15:58:13"
"C:\EAR_OS_V2\BASE_DE_CONOCIMIENTO\archive\legacy_brain_dump\EAR_OS_MAESTRO_PROMPTS_PARTE_85.md",".md","2152","05/05/2026 15:58:13"
"C:\EAR_OS_V2\BASE_DE_CONOCIMIENTO\archive\legacy_brain_dump\EAR_OS_MAESTRO_PROMPTS_PARTE_86.md",".md","64794636","05/05/2026 15:58:14"
"C:\EAR_OS_V2\BASE_DE_CONOCIMIENTO\archive\legacy_brain_dump\EAR_OS_MAESTRO_PROMPTS_PARTE_87.md",".md","3307353","05/05/2026 15:58:14"
"C:\EAR_OS_V2\BASE_DE_CONOCIMIENTO\archive\legacy_brain_dump\EAR_OS_MAESTRO_PROMPTS_PARTE_88.md",".md","217638","05/05/2026 15:58:14"
"C:\EAR_OS_V2\BASE_DE_CONOCIMIENTO\archive\legacy_brain_dump\EAR_OS_MAESTRO_PROMPTS_PARTE_89.md",".md","3307323","05/05/2026 15:58:14"
"C:\EAR_OS_V2\BASE_DE_CONOCIMIENTO\archive\legacy_brain_dump\EAR_OS_MAESTRO_PROMPTS_PARTE_9.md",".md","63411101","05/05/2026 15:57:55"
"C:\EAR_OS_V2\BASE_DE_CONOCIMIENTO\archive\legacy_brain_dump\EAR_OS_MAESTRO_PROMPTS_PARTE_90.md",".md","1923595","05/05/2026 15:58:14"
"C:\EAR_OS_V2\BASE_DE_CONOCIMIENTO\archive\legacy_brain_dump\EAR_OS_MAESTRO_PROMPTS_PARTE_91.md",".md","64794626","05/05/2026 15:58:15"
"C:\EAR_OS_V2\BASE_DE_CONOCIMIENTO\archive\legacy_brain_dump\EAR_OS_MAESTRO_PROMPTS_PARTE_92.md",".md","15597","05/05/2026 15:58:15"
"C:\EAR_OS_V2\BASE_DE_CONOCIMIENTO\archive\legacy_brain_dump\EAR_OS_MAESTRO_PROMPTS_PARTE_93.md",".md","30573963","05/05/2026 15:58:15"
"C:\EAR_OS_V2\BASE_DE_CONOCIMIENTO\archive\legacy_brain_dump\EAR_OS_MAESTRO_PROMPTS_PARTE_94.md",".md","1439094","05/05/2026 15:58:16"
"C:\EAR_OS_V2\BASE_DE_CONOCIMIENTO\archive\legacy_brain_dump\EAR_OS_MAESTRO_PROMPTS_PARTE_95.md",".md","1757644","05/05/2026 15:58:16"
"C:\EAR_OS_V2\BASE_DE_CONOCIMIENTO\archive\legacy_brain_dump\EAR_OS_MAESTRO_PROMPTS_PARTE_96.md",".md","1677610","05/05/2026 15:58:17"
"C:\EAR_OS_V2\BASE_DE_CONOCIMIENTO\archive\legacy_brain_dump\EAR_OS_MAESTRO_PROMPTS_PARTE_97.md",".md","1518494","05/05/2026 15:58:28"
"C:\EAR_OS_V2\BASE_DE_CONOCIMIENTO\archive\legacy_brain_dump\EAR_OS_MAESTRO_PROMPTS_PARTE_98.md",".md","964353","05/05/2026 15:58:29"
"C:\EAR_OS_V2\BASE_DE_CONOCIMIENTO\archive\legacy_brain_dump\EAR_OS_MAESTRO_PROMPTS_PARTE_99.md",".md","1479961","05/05/2026 15:58:30"
"C:\EAR_OS_V2\BASE_DE_CONOCIMIENTO\archive\legacy_brain_dump\firebase.json",".json","193","19/04/2026 17:07:25"
"C:\EAR_OS_V2\BASE_DE_CONOCIMIENTO\archive\legacy_brain_dump\GENOMA_EAR_OS.md",".md","1045118","12/05/2026 10:54:35"
"C:\EAR_OS_V2\BASE_DE_CONOCIMIENTO\archive\legacy_brain_dump\ignicion_rag.ps1",".ps1","4477","04/05/2026 23:23:25"
"C:\EAR_OS_V2\BASE_DE_CONOCIMIENTO\archive\legacy_brain_dump\ignicion.ps1",".ps1","3078","29/04/2026 19:48:40"
"C:\EAR_OS_V2\BASE_DE_CONOCIMIENTO\archive\legacy_brain_dump\informe_auditoria_urls.json",".json","153241","24/04/2026 23:05:45"
"C:\EAR_OS_V2\BASE_DE_CONOCIMIENTO\archive\legacy_brain_dump\infra_scanner.py",".py","951","11/05/2026 15:11:47"
"C:\EAR_OS_V2\BASE_DE_CONOCIMIENTO\archive\legacy_brain_dump\Modelfile","","94","22/04/2026 20:43:05"
"C:\EAR_OS_V2\BASE_DE_CONOCIMIENTO\archive\legacy_brain_dump\omni_extractor.js",".js","6275","24/04/2026 13:20:12"
"C:\EAR_OS_V2\BASE_DE_CONOCIMIENTO\archive\legacy_brain_dump\setup_sclass.ps1",".ps1","1898","20/04/2026 14:32:40"
"C:\EAR_OS_V2\BASE_DE_CONOCIMIENTO\archive\legacy_brain_dump\SUPABASE_DEPLOYMENT_SETUP.sql",".sql","1946","29/04/2026 19:44:07"
"C:\EAR_OS_V2\BASE_DE_CONOCIMIENTO\archive\legacy_brain_dump\SUPABASE_KNOWLEDGE_BASE.sql",".sql","1653","05/05/2026 9:57:16"
"C:\EAR_OS_V2\BASE_DE_CONOCIMIENTO\archive\legacy_brain_dump\supabase_schema.sql",".sql","1045","23/04/2026 8:10:56"
"C:\EAR_OS_V2\BASE_DE_CONOCIMIENTO\archive\legacy_brain_dump\SUPABASE_SECURITY_RULES.sql",".sql","1517","24/04/2026 20:19:49"
"C:\EAR_OS_V2\BASE_DE_CONOCIMIENTO\archive\legacy_brain_dump\verify-swarm.mjs",".mjs","6059","24/04/2026 23:02:15"
"C:\EAR_OS_V2\BASE_DE_CONOCIMIENTO\ESTRATEGIA\LOCAL_SEO_DOMINANCE_GUIDE.md",".md","2062","13/05/2026 10:53:49"
"C:\EAR_OS_V2\BASE_DE_CONOCIMIENTO\INDICACIONES_MAESTRAS\119_HISTORIA_Y_VISION.md",".md","2009","11/05/2026 13:08:51"
"C:\EAR_OS_V2\BASE_DE_CONOCIMIENTO\INFERENCIA_IA\BarComponent.tsx",".tsx","20","13/11/2025 16:31:36"
"C:\EAR_OS_V2\CHAT CON AI STUDIO PARA EAR OS\con perplexity pro usando modelo kimi k3.txt",".txt","88579","01/08/2026 20:46:23"
"C:\EAR_OS_V2\CHAT CON AI STUDIO PARA EAR OS\CONTEXTO DE CONFIGURACION . CON CLINE Y ANYTHING LLM.txt",".txt","119158","30/07/2026 12:36:48"
"C:\EAR_OS_V2\config\seo-matrix.ts",".ts","86","30/07/2026 10:57:33"
"C:\EAR_OS_V2\data_vault\auction_data.json",".json","72","13/02/2026 15:50:55"
"C:\EAR_OS_V2\data_vault\EAR_BRAIN_KNOWLEDGE.json",".json","38878","08/02/2026 15:47:16"
"C:\EAR_OS_V2\data_vault\ear_os_infra_inventory.json",".json","514109","11/05/2026 15:11:52"
"C:\EAR_OS_V2\data_vault\hallazgos_god_mode.txt",".txt","23178109","05/05/2026 14:11:58"
"C:\EAR_OS_V2\data_vault\LOGS_MASTER_RAG.json",".json","64713621","06/03/2026 22:45:04"
"C:\EAR_OS_V2\data_vault\omni_audit_manifest.csv",".csv","89268313","05/05/2026 15:43:20"
"C:\EAR_OS_V2\data_vault\SESSION_OMEGA_RAG.json",".json","60638152","11/09/2025 11:15:19"
"C:\EAR_OS_V2\data_vault\tsx_audit_manifest.csv",".csv","10609740","05/05/2026 12:32:08"
"C:\EAR_OS_V2\data_vault\VIMUME_EXTRACTED_KNOWLEDGE.json",".json","1640915","25/04/2026 14:17:05"
"C:\EAR_OS_V2\data_vault\VIMUME_SESSIONS_CLEAN.json",".json","35038","25/04/2026 14:22:20"
"C:\EAR_OS_V2\data_vault\VIMUME_SESSIONS_EXTRACTED.json",".json","39510","25/04/2026 14:20:44"
"C:\EAR_OS_V2\data_vault\VIMUME_SESSIONS_PROTOCOL.json",".json","6777","25/04/2026 14:17:43"
"C:\EAR_OS_V2\data_vault\audits\auditoria_forense_files.csv",".csv","29270958","13/05/2026 16:58:22"
"C:\EAR_OS_V2\data_vault\backups\arsenalcompleto.json",".json","7837298","06/03/2026 22:44:21"
"C:\EAR_OS_V2\data_vault\backups\arsenalenriched.json",".json","19273777","06/03/2026 22:44:26"
"C:\EAR_OS_V2\data_vault\backups\fincas.json",".json","1548093","06/03/2026 22:44:44"
"C:\EAR_OS_V2\data_vault\backups\knowledgegraph.json",".json","64713621","06/03/2026 22:45:04"
"C:\EAR_OS_V2\data_vault\backups\legacyproviders.json",".json","23383355","03/03/2026 16:56:47"
"C:\EAR_OS_V2\data_vault\docs\ASTRA_BUSINESS_MODEL.md",".md","1685","15/02/2026 11:03:21"
"C:\EAR_OS_V2\data_vault\docs\DEPLOY_GUIDE.md",".md","4832","10/02/2026 21:13:14"
"C:\EAR_OS_V2\data_vault\docs\EAR_CORE_DIRECTIVES.md",".md","5096","15/02/2026 11:00:22"
"C:\EAR_OS_V2\data_vault\docs\EAR_CORE_OBJECTIVES.md",".md","1962","15/02/2026 10:13:19"
"C:\EAR_OS_V2\data_vault\docs\EAR_FIREBASE_RULES.md",".md","2142","15/02/2026 11:38:48"
"C:\EAR_OS_V2\data_vault\docs\EAR_PRODUCT_DEFINITION.md",".md","1446","15/02/2026 11:03:18"
"C:\EAR_OS_V2\data_vault\docs\EAR_QA_OPERATIONS_MANUAL.md",".md","3006","15/02/2026 10:08:18"
"C:\EAR_OS_V2\data_vault\docs\EAR_RECOVERY_PROTOCOL.md",".md","2108","15/02/2026 11:00:24"
"C:\EAR_OS_V2\data_vault\docs\EAR_SOURCE_INDEX.md",".md","1849","15/02/2026 11:20:45"
"C:\EAR_OS_V2\data_vault\docs\FREEZE_v2.1_REPORT.md",".md","1061","12/02/2026 17:24:47"
"C:\EAR_OS_V2\data_vault\docs\INFORME_FINAL_SKILL_CHAIN.md",".md","2604","12/02/2026 19:37:54"
"C:\EAR_OS_V2\data_vault\docs\NAV_MAP_EAR.md",".md","2947","15/02/2026 10:08:33"
"C:\EAR_OS_V2\data_vault\docs\README.md",".md","1707","04/02/2026 16:14:47"
"C:\EAR_OS_V2\data_vault\docs\TASK_BATCH_01.md",".md","2022","15/02/2026 11:43:41"
"C:\EAR_OS_V2\data_vault\docs\TASKS.md",".md","1425","14/02/2026 22:37:34"
"C:\EAR_OS_V2\design-vault\reports\StitchRegistry.json",".json","22992","11/05/2026 22:38:08"
"C:\EAR_OS_V2\design-vault\stitch\categorize_screens.py",".py","1847","11/05/2026 22:38:04"
"C:\EAR_OS_V2\design-vault\stitch\screens_raw.json",".json","145365","11/05/2026 22:37:31"
"C:\EAR_OS_V2\docs\continuity_node.md",".md","2116","06/05/2026 18:53:09"
"C:\EAR_OS_V2\docs\EAR_OS_DESIGN_TOKENS.md",".md","1503","15/05/2026 22:08:00"
"C:\EAR_OS_V2\docs\EAR_OS_STYLE_AND_VERCEL_PREFLIGHT.md",".md","2496","15/05/2026 22:06:36"
"C:\EAR_OS_V2\docs\EAR_OS_VERCEL_CHECKLIST.md",".md","1462","17/05/2026 21:30:26"
"C:\EAR_OS_V2\docs\security-smoke-test.md",".md","2454","13/05/2026 19:46:52"
"C:\EAR_OS_V2\docs\V207_WEBHOOK_SECRETS.md",".md","618","26/07/2026 2:13:27"
"C:\EAR_OS_V2\docs\architecture\fleet-os\fleet-db-schema.sql",".sql","3778","15/05/2026 16:55:20"
"C:\EAR_OS_V2\docs\architecture\logistics\supabase-postgis-init.sql",".sql","2319","15/05/2026 18:10:21"
"C:\EAR_OS_V2\docs\architecture\vertical-artistas\talent-api-contracts.js",".js","2608","28/07/2026 8:51:41"
"C:\EAR_OS_V2\docs\architecture\vertical-artistas\talent-api-contracts.ts",".ts","2985","15/05/2026 17:16:58"
"C:\EAR_OS_V2\docs\architecture\vertical-artistas\talent-db-schema.sql",".sql","4766","15/05/2026 15:18:13"
"C:\EAR_OS_V2\docs\architecture\vertical-artistas\talent-router-matrix.csv",".csv","836","15/05/2026 15:18:28"
"C:\EAR_OS_V2\docs\architecture\vertical-artistas\vertical-artists-manifest.md",".md","1963","15/05/2026 15:42:04"
"C:\EAR_OS_V2\docs\artists\firestore-schema.md",".md","3336","17/05/2026 11:21:34"
"C:\EAR_OS_V2\docs\artists\firestore.rules",".rules","1136","17/05/2026 11:21:38"
"C:\EAR_OS_V2\docs\artists\manual-admin.docx",".docx","670","17/05/2026 11:16:19"
"C:\EAR_OS_V2\docs\artists\manual-admin.html",".html","6275","17/05/2026 11:16:12"
"C:\EAR_OS_V2\docs\artists\manual-admin.md",".md","3348","17/05/2026 11:16:00"
"C:\EAR_OS_V2\docs\artists\manual-usuario.docx",".docx","581","17/05/2026 11:16:15"
"C:\EAR_OS_V2\docs\artists\manual-usuario.html",".html","7893","17/05/2026 11:16:06"
"C:\EAR_OS_V2\docs\artists\manual-usuario.md",".md","3039","17/05/2026 11:15:54"
"C:\EAR_OS_V2\docs\contexto_historico\05 05 2026 10 05 h  Deploying EAR OS S-Class.md",".md","27779","05/05/2026 10:05:22"
"C:\EAR_OS_V2\docs\contexto_historico\05 05 2026 10 23 h  Deploying EAR OS S-Class.md",".md","32320","05/05/2026 10:23:46"
"C:\EAR_OS_V2\docs\contexto_historico\05 05 2026 10 40 h  Deploying EAR OS S-Class.md",".md","32522","05/05/2026 10:40:37"
"C:\EAR_OS_V2\docs\contexto_historico\05 05 2026 10 59h  Deploying EAR OS S-Class.md",".md","20217","05/05/2026 10:59:29"
"C:\EAR_OS_V2\docs\contexto_historico\05 05 2026 11  19 h Deploying EAR OS S-Class.md",".md","22162","05/05/2026 11:19:49"
"C:\EAR_OS_V2\docs\contexto_historico\05 05 2026 12 01 h Deploying EAR OS S-Class.md",".md","9566","05/05/2026 12:01:28"
"C:\EAR_OS_V2\docs\contexto_historico\05 05 2026 9 40 h  Deploying EAR OS S-Class.md",".md","21228","05/05/2026 9:40:48"
"C:\EAR_OS_V2\docs\contexto_historico\05 05 2026 Deploying EAR OS S-Class.md",".md","12746","05/05/2026 8:54:03"
"C:\EAR_OS_V2\docs\contexto_historico\06 05 2026  18 48 Resuming Supabase Infrastructure Sovereignty.md",".md","20203","06/05/2026 18:48:42"
"C:\EAR_OS_V2\docs\contexto_historico\06 05 21 17 hResuming Supabase Infrastructure Sovereignty.md",".md","46745","06/05/2026 21:17:08"
"C:\EAR_OS_V2\docs\contexto_historico\07 05 2026  10 48 Resuming Supabase Infrastructure Sovereignty.md",".md","965","07/05/2026 10:50:35"
"C:\EAR_OS_V2\docs\contexto_historico\07 05 2026  11  36 h Resuming Supabase Infrastructure Sovereignty.md",".md","2514","07/05/2026 11:37:06"
"C:\EAR_OS_V2\docs\contexto_historico\07 05 2026  12 10 h Resuming Supabase Infrastructure Sovereignty.md",".md","9656","07/05/2026 12:10:57"
"C:\EAR_OS_V2\docs\contexto_historico\07 05 2026  12 43 h Resuming Supabase Infrastructure Sovereignty.md",".md","15319","07/05/2026 12:43:41"
"C:\EAR_OS_V2\docs\contexto_historico\07 05 2026  13 58 h Resuming Supabase Infrastructure Sovereignty.md",".md","29664","07/05/2026 13:38:31"
"C:\EAR_OS_V2\docs\contexto_historico\08 05 2026  00 19 h Resuming Supabase Infrastructure Sovereignty.md",".md","22439","08/05/2026 0:19:43"
"C:\EAR_OS_V2\docs\contexto_historico\08 05 2026  23 02 h Resuming Supabase Infrastructure Sovereignty.md",".md","25204","08/05/2026 23:04:45"
"C:\EAR_OS_V2\docs\contexto_historico\08 05 2026  9 02 h Resuming Supabase Infrastructure Sovereignty.md",".md","25920","08/05/2026 9:02:48"
"C:\EAR_OS_V2\docs\contexto_historico\09  05 2026  08 02 h Resuming Supabase Infrastructure Sovereignty.md",".md","30839","09/05/2026 8:16:56"
"C:\EAR_OS_V2\docs\contexto_historico\11 05 2026  11 40 h Resuming Supabase Infrastructure Sovereignty.md",".md","15375","11/05/2026 11:40:37"
"C:\EAR_OS_V2\docs\contexto_historico\11 05 2026  11 47 h Resuming Supabase Infrastructure Sovereignty.md",".md","24404","11/05/2026 11:47:21"
"C:\EAR_OS_V2\docs\contexto_historico\11 05 2026  12 09 h Resuming Supabase Infrastructure Sovereignty.md",".md","34567","11/05/2026 12:10:04"
"C:\EAR_OS_V2\docs\contexto_historico\11 05 2026  12 39 h Resuming Supabase Infrastructure Sovereignty.md",".md","43270","11/05/2026 12:39:48"
"C:\EAR_OS_V2\docs\contexto_historico\11 05 2026  12 48 h Resuming Supabase Infrastructure Sovereignty.md",".md","55039","11/05/2026 12:48:39"
"C:\EAR_OS_V2\docs\contexto_historico\11 05 2026  13 02 h Resuming Supabase Infrastructure Sovereignty.md",".md","62332","11/05/2026 13:03:02"
"C:\EAR_OS_V2\docs\contexto_historico\11 05 2026  13 34 h Resuming Supabase Infrastructure Sovereignty.md",".md","76636","11/05/2026 13:34:49"
"C:\EAR_OS_V2\docs\contexto_historico\11 05 2026  13 42 h Resuming Supabase Infrastructure Sovereignty.md",".md","85546","11/05/2026 13:42:55"
"C:\EAR_OS_V2\docs\contexto_historico\11 05 2026  13 57 h Resuming Supabase Infrastructure Sovereignty.md",".md","109497","11/05/2026 13:57:38"
"C:\EAR_OS_V2\docs\contexto_historico\11 05 2026  14 31 h Resuming Supabase Infrastructure Sovereignty.md",".md","176305","11/05/2026 14:31:56"
"C:\EAR_OS_V2\docs\contexto_historico\11 05 2026  15 21 h Resuming Supabase Infrastructure Sovereignty.md",".md","211831","11/05/2026 15:21:22"
"C:\EAR_OS_V2\docs\contexto_historico\11 05 2026  17 21 h Resuming Supabase Infrastructure Sovereignty.md",".md","268747","11/05/2026 17:29:12"
"C:\EAR_OS_V2\docs\contexto_historico\11 05 2026  18 01 h Resuming Supabase Infrastructure Sovereignty.md",".md","288200","11/05/2026 18:02:06"
"C:\EAR_OS_V2\docs\contexto_historico\11 05 2026  18 18 h Resuming Supabase Infrastructure Sovereignty.md",".md","311390","11/05/2026 18:19:04"
"C:\EAR_OS_V2\docs\contexto_historico\11 05 2026  18 33 h Resuming Supabase Infrastructure Sovereignty.md",".md","322968","11/05/2026 18:33:16"
"C:\EAR_OS_V2\docs\contexto_historico\11 05 2026  23 29 h Resuming Supabase Infrastructure Sovereignty.md",".md","178346","11/05/2026 23:29:47"
"C:\EAR_OS_V2\docs\contexto_historico\12 05 2026  10 59  h Resuming Supabase Infrastructure Sovereignty.md",".md","15259","12/05/2026 10:59:33"
"C:\EAR_OS_V2\docs\contexto_historico\12 05 2026  14 31 h Resuming Supabase Infrastructure Sovereignty.md",".md","20788","12/05/2026 14:31:39"
"C:\EAR_OS_V2\docs\contexto_historico\12 05 2026  15 0 3 h Resuming Supabase Infrastructure Sovereignty.md",".md","36913","12/05/2026 15:03:05"
"C:\EAR_OS_V2\docs\contexto_historico\12 05 2026  16 30 h Resuming Supabase Infrastructure Sovereignty.md",".md","93187","12/05/2026 16:31:00"
"C:\EAR_OS_V2\docs\contexto_historico\12 05 2026  17 21 h Resuming Supabase Infrastructure Sovereignty.md",".md","124079","12/05/2026 17:22:09"
"C:\EAR_OS_V2\docs\contexto_historico\12 05 2026  19 21 h Resuming Supabase Infrastructure Sovereignty.md",".md","7664","12/05/2026 19:24:05"
"C:\EAR_OS_V2\docs\contexto_historico\13 05 2026  07  21 h Resuming Supabase Infrastructure Sovereignty.md",".md","6520","13/05/2026 7:42:14"
"C:\EAR_OS_V2\docs\contexto_historico\13 05 2026  08 21 h Resuming Supabase Infrastructure Sovereignty.md",".md","52250","13/05/2026 8:21:06"
"C:\EAR_OS_V2\docs\contexto_historico\13 05 2026  10 06  h Resuming Supabase Infrastructure Sovereignty.md",".md","125236","13/05/2026 10:06:56"
"C:\EAR_OS_V2\docs\contexto_historico\13 05 2026  10 43 h Resuming Supabase Infrastructure Sovereignty.md",".md","155989","13/05/2026 10:43:14"
"C:\EAR_OS_V2\docs\contexto_historico\13 05 2026  11 24 h Resuming Supabase Infrastructure Sovereignty.md",".md","206011","13/05/2026 11:24:25"
"C:\EAR_OS_V2\docs\contexto_historico\13 05 2026  11 33 h Resuming Supabase Infrastructure Sovereignty.md",".md","209695","13/05/2026 11:33:53"
"C:\EAR_OS_V2\docs\contexto_historico\13 05 2026  12 09 h Resuming Supabase Infrastructure Sovereignty.md",".md","263466","13/05/2026 12:09:21"
"C:\EAR_OS_V2\docs\contexto_historico\13 05 2026  14 33 h Resuming Supabase Infrastructure Sovereignty.md",".md","333145","13/05/2026 14:31:36"
"C:\EAR_OS_V2\docs\contexto_historico\13 05 2026  20 03 h Resuming Supabase Infrastructure Sovereignty.md",".md","78717","13/05/2026 20:03:58"
"C:\EAR_OS_V2\docs\contexto_historico\13 05 2026  20 15 h Resuming Supabase Infrastructure Sovereignty.md",".md","106276","13/05/2026 20:15:48"
"C:\EAR_OS_V2\docs\contexto_historico\13 05 2026  20 24 h Resuming Supabase Infrastructure Sovereignty.md",".md","127196","13/05/2026 20:24:31"
"C:\EAR_OS_V2\docs\contexto_historico\13 05 2026  22 42  h Resuming Supabase Infrastructure Sovereignty.md",".md","161242","13/05/2026 22:43:36"
"C:\EAR_OS_V2\docs\contexto_historico\14 05 2026  12 42  h Resuming Supabase Infrastructure Sovereignty.md",".md","140950","14/05/2026 12:55:25"
"C:\EAR_OS_V2\docs\contexto_historico\14 05 2026  19 42  h Resuming Supabase Infrastructure Sovereignty.md",".md","11576","14/05/2026 19:40:21"
"C:\EAR_OS_V2\docs\contexto_historico\15 05  13 07 Forensic Audit Of VIMUME Corpus.md",".md","383766","15/05/2026 13:07:36"
"C:\EAR_OS_V2\docs\contexto_historico\15 05 2026  10 22  h Resuming Supabase Infrastructure Sovereignty.md",".md","13763","15/05/2026 10:22:31"
"C:\EAR_OS_V2\docs\contexto_historico\15 05 2026  10 27 h Resuming Supabase Infrastructure Sovereignty - copia.md",".md","75322","15/05/2026 10:27:57"
"C:\EAR_OS_V2\docs\contexto_historico\15 05 2026  10 27 h Resuming Supabase Infrastructure Sovereignty.md",".md","75322","15/05/2026 10:27:57"
"C:\EAR_OS_V2\docs\contexto_historico\15 05 2026  17 05 h Resuming Supabase Infrastructure Sovereignty - copia - copia.md",".md","470830","15/05/2026 17:05:30"
"C:\EAR_OS_V2\docs\contexto_historico\15 05 2026  17 05 h Resuming Supabase Infrastructure Sovereignty - copia.md",".md","470830","15/05/2026 17:05:30"
"C:\EAR_OS_V2\docs\contexto_historico\15 05 2026  17 05 h Resuming Supabase Infrastructure Sovereignty.md",".md","470830","15/05/2026 17:05:30"
"C:\EAR_OS_V2\docs\contexto_historico\15 05 2026  22 05 h Resuming Supabase Infrastructure Sovereignty - copia - copia.md",".md","546868","15/05/2026 22:15:18"
"C:\EAR_OS_V2\docs\contexto_historico\15 05 2026  22 05 h Resuming Supabase Infrastructure Sovereignty - copia.md",".md","546868","15/05/2026 22:15:18"
"C:\EAR_OS_V2\docs\contexto_historico\15 05 2026  22 05 h Resuming Supabase Infrastructure Sovereignty.md",".md","546868","15/05/2026 22:15:18"
"C:\EAR_OS_V2\docs\contexto_historico\17 05 2026  10 40 h Resuming Supabase Infrastructure Sovereignty - copia - copia.md",".md","16429","17/05/2026 10:40:57"
"C:\EAR_OS_V2\docs\contexto_historico\17 05 2026  10 40 h Resuming Supabase Infrastructure Sovereignty - copia.md",".md","16429","17/05/2026 10:40:57"
"C:\EAR_OS_V2\docs\contexto_historico\17 05 2026  10 40 h Resuming Supabase Infrastructure Sovereignty.md",".md","16429","17/05/2026 10:40:57"
"C:\EAR_OS_V2\docs\contexto_historico\17 05 2026  19 40 h Resuming Supabase Infrastructure Sovereignty - copia - copia.md",".md","217591","17/05/2026 19:47:14"
"C:\EAR_OS_V2\docs\contexto_historico\17 05 2026  19 40 h Resuming Supabase Infrastructure Sovereignty - copia.md",".md","217591","17/05/2026 19:47:14"
"C:\EAR_OS_V2\docs\contexto_historico\17 05 2026  19 40 h Resuming Supabase Infrastructure Sovereignty.md",".md","217591","17/05/2026 19:47:14"
"C:\EAR_OS_V2\docs\contexto_historico\17 05 2026  21 00 h Resuming Supabase Infrastructure Sovereignty.md",".md","362411","17/05/2026 21:00:49"
"C:\EAR_OS_V2\docs\contexto_historico\17 05 2026  21 32 h Resuming Supabase Infrastructure Sovereignty.md",".md","365089","17/05/2026 21:32:45"
"C:\EAR_OS_V2\docs\contexto_historico\18 05 2026  11 22 h Resuming Supabase Infrastructure Sovereignty.md",".md","309820","18/05/2026 11:25:35"
"C:\EAR_OS_V2\docs\contexto_historico\18 05 2026  11 28 h Resuming Supabase Infrastructure Sovereignty.md",".md","316595","18/05/2026 11:28:55"
"C:\EAR_OS_V2\docs\contexto_historico\2 Ensamblaje Atómico EAR OS V2.md",".md","26167","04/05/2026 13:33:35"
"C:\EAR_OS_V2\docs\contexto_historico\3 Ensamblaje Atómico EAR OS V2.md",".md","88471","04/05/2026 15:45:50"
"C:\EAR_OS_V2\docs\contexto_historico\4 Ensamblaje Atómico EAR OS V2.md",".md","89091","04/05/2026 15:53:15"
"C:\EAR_OS_V2\docs\contexto_historico\CLINE_OMEGA_LOCAL_100_PROMPTS_RX7900XTX.md",".md","12935","13/05/2026 17:31:26"
"C:\EAR_OS_V2\docs\contexto_historico\ear-antigravity-fleet-simulation.html",".html","21267","15/05/2026 18:42:53"
"C:\EAR_OS_V2\docs\contexto_historico\landings-200 - copia - copia.csv",".csv","14114","17/05/2026 19:39:13"
"C:\EAR_OS_V2\docs\contexto_historico\landings-200 - copia.csv",".csv","14114","17/05/2026 19:39:13"
"C:\EAR_OS_V2\docs\contexto_historico\landings-200.csv",".csv","14114","17/05/2026 19:39:13"
"C:\EAR_OS_V2\docs\contexto_historico\Lee el índice del SSOT y dime la fa.txt",".txt","9801","13/05/2026 17:48:50"
"C:\EAR_OS_V2\docs\contexto_historico\manual-admin - copia - copia.html",".html","1494","17/05/2026 10:58:51"
"C:\EAR_OS_V2\docs\contexto_historico\manual-admin - copia.html",".html","1494","17/05/2026 10:58:51"
"C:\EAR_OS_V2\docs\contexto_historico\manual-admin.html",".html","1494","17/05/2026 10:58:51"
"C:\EAR_OS_V2\docs\contexto_historico\manual-usuario - copia - copia.html",".html","1577","17/05/2026 10:59:30"
"C:\EAR_OS_V2\docs\contexto_historico\manual-usuario - copia.html",".html","1577","17/05/2026 10:59:30"
"C:\EAR_OS_V2\docs\contexto_historico\manual-usuario.html",".html","1577","17/05/2026 10:59:30"
"C:\EAR_OS_V2\docs\forensics\hermes-vimume\inventory.md",".md","2106","15/05/2026 11:13:06"
"C:\EAR_OS_V2\docs\forensics\hermes-vimume\knowledge-vault-map.md",".md","1454","15/05/2026 11:03:24"
"C:\EAR_OS_V2\docs\forensics\hermes-vimume\manifest.json",".json","1058","15/05/2026 11:13:15"
"C:\EAR_OS_V2\docs\forensics\hermes-vimume\navigation-matrix.csv",".csv","809","15/05/2026 11:03:32"
"C:\EAR_OS_V2\docs\forensics\hermes-vimume\reconciliation.md",".md","1282","15/05/2026 11:13:13"
"C:\EAR_OS_V2\docs\forensics\hermes-vimume\runtime-reality-check.md",".md","1440","15/05/2026 11:13:11"
"C:\EAR_OS_V2\docs\forensics\hermes-vimume\security-audit.md",".md","988","15/05/2026 11:03:28"
"C:\EAR_OS_V2\docs\forensics\hermes-vimume\trace.md",".md","1449","15/05/2026 11:13:09"
"C:\EAR_OS_V2\docs\forensics\hermes-vimume\v182-audit.md",".md","3481","15/05/2026 11:31:10"
"C:\EAR_OS_V2\docs\forensics\vimume-vertical-lock\final-audit.md",".md","2806","15/05/2026 12:35:32"
"C:\EAR_OS_V2\docs\forensics\vimume-vertical-lock\formal-audit-status.md",".md","2330","15/05/2026 12:51:22"
"C:\EAR_OS_V2\docs\genomas\GENOMA_C.csv",".csv","62130","30/04/2026 15:00:28"
"C:\EAR_OS_V2\docs\genomas\GENOMA_D.csv",".csv","62130","30/04/2026 15:08:49"
"C:\EAR_OS_V2\docs\genomas\GENOMA_H.csv",".csv","29694040","30/04/2026 15:11:14"
"C:\EAR_OS_V2\docs\genomas\GENOMA_C.csv (Operaciones)\GENOMA_C_INTELLIGENCE.csv",".csv","38373","30/04/2026 13:35:20"
"C:\EAR_OS_V2\docs\genomas\GENOMA_D.csv (Resiliencia_Backups)\GENOMA_H_INTELLIGENCE.csv.csv",".csv","41280742","30/04/2026 13:40:46"
"C:\EAR_OS_V2\docs\genomas\GENOMA_H.csv (Inteligencia_Astra)\GENOMA_H_INTELLIGENCE.csv",".csv","39141972","30/04/2026 11:01:49"
"C:\EAR_OS_V2\docs\iniciativas\edwin-birthday-engine\00_brief_producto.md",".md","373","01/08/2026 22:51:39"
"C:\EAR_OS_V2\docs\iniciativas\edwin-birthday-engine\01_estrategia_lanzamiento.md",".md","366","01/08/2026 22:51:39"
"C:\EAR_OS_V2\docs\iniciativas\edwin-birthday-engine\02_funnel_y_crm_consentimiento.md",".md","449","01/08/2026 22:51:39"
"C:\EAR_OS_V2\docs\iniciativas\edwin-birthday-engine\03_produccion_contenido.md",".md","415","01/08/2026 22:51:39"
"C:\EAR_OS_V2\docs\iniciativas\edwin-birthday-engine\04_catalogo_nombres.md",".md","493","01/08/2026 22:51:39"
"C:\EAR_OS_V2\docs\iniciativas\edwin-birthday-engine\05_legal_privacidad_sorteo.md",".md","440","01/08/2026 22:51:39"
"C:\EAR_OS_V2\docs\iniciativas\edwin-birthday-engine\06_metricas_y_experimentos.md",".md","392","01/08/2026 22:51:39"
"C:\EAR_OS_V2\docs\iniciativas\edwin-birthday-engine\07_backlog_aprobacion.md",".md","462","01/08/2026 22:51:39"
"C:\EAR_OS_V2\docs\interconexiones\EAR_OS_BIT_GENOME.md",".md","304","28/07/2026 7:57:36"
"C:\EAR_OS_V2\docs\interconexiones\EAR_OS_GENOMA_GRAPH.md",".md","297","28/07/2026 0:00:01"
"C:\EAR_OS_V2\docs\interconexiones\SYNC_STATE.json",".json","54","29/07/2026 9:50:43"
"C:\EAR_OS_V2\docs\marketing\google_business_posts_drafts.md",".md","1804","13/05/2026 13:28:49"
"C:\EAR_OS_V2\docs\memoria EAR OS\00-Index\Indice Central.md",".md","2040","18/05/2026 17:08:28"
"C:\EAR_OS_V2\docs\memoria EAR OS\01-Arquitectura\Esquema General.md",".md","2176","18/05/2026 17:08:32"
"C:\EAR_OS_V2\docs\memoria EAR OS\01-Arquitectura\Matriz de Permisos.md",".md","1943","18/05/2026 17:08:40"
"C:\EAR_OS_V2\docs\memoria EAR OS\01-Arquitectura\Webhook de Stripe Connect.md",".md","2459","18/05/2026 17:08:36"
"C:\EAR_OS_V2\docs\memoria EAR OS\02-Seguridad_y_Hardening\Checklist de Hardening.md",".md","1596","18/05/2026 17:08:44"
"C:\EAR_OS_V2\docs\memoria EAR OS\03-Roadmap_y_Fases\EAR OS Strategic Roadmap.md",".md","1650","18/05/2026 17:08:48"
"C:\EAR_OS_V2\docs\memoria EAR OS\04-Runbooks_y_Despliegues\Runbook de Deploy a Vercel.md",".md","1542","18/05/2026 17:08:53"
"C:\EAR_OS_V2\docs\memoria EAR OS\04-Runbooks_y_Despliegues\Runbook de Rollback.md",".md","1463","18/05/2026 17:08:57"
"C:\EAR_OS_V2\docs\memoria EAR OS\05-Registros_y_Decisiones\ADR Plantilla.md",".md","1398","18/05/2026 17:09:06"
"C:\EAR_OS_V2\docs\memoria EAR OS\05-Registros_y_Decisiones\Postmortem Plantilla.md",".md","1646","18/05/2026 17:09:11"
"C:\EAR_OS_V2\docs\memoria EAR OS\05-Registros_y_Decisiones\Release v1.0.0.md",".md","1408","18/05/2026 17:09:01"
"C:\EAR_OS_V2\docs\memoria EAR OS\06-Legado_y_Contexto\Historia de Edwin Agudelo.md",".md","2234","18/05/2026 17:09:16"
"C:\EAR_OS_V2\docs\release\ANTIGRAVITY_OMEGA_V2_1_PROPOSED.md",".md","17113","03/08/2026 9:55:30"
"C:\EAR_OS_V2\docs\release\CLINE_MVP_RULES.md",".md","1556","03/08/2026 10:51:05"
"C:\EAR_OS_V2\docs\release\FORENSIC_AUDIT_EVIDENCE.md",".md","1498","03/08/2026 10:20:01"
"C:\EAR_OS_V2\docs\release\MVP_EXECUTION_QUEUE.md",".md","4716","03/08/2026 10:51:03"
"C:\EAR_OS_V2\docs\release\MVP_GO_NO_GO_CHECKLIST.md",".md","1415","03/08/2026 10:02:21"
"C:\EAR_OS_V2\docs\release\MVP_RELEASE_DOSSIER.md",".md","2677","03/08/2026 10:51:07"
"C:\EAR_OS_V2\docs\release\OMEGA_V2_1_SSOT_DIFF.md",".md","820","03/08/2026 10:02:40"
"C:\EAR_OS_V2\docs\release\ROUTE_AUTH_MATRIX.md",".md","1842","03/08/2026 10:50:57"
"C:\EAR_OS_V2\docs\release\TECHNICAL_DEBT_REGISTER.md",".md","1465","03/08/2026 10:01:55"
"C:\EAR_OS_V2\docs\security\HARDENING_CHECKLIST_SCLASS.md",".md","8525","18/05/2026 16:48:29"
"C:\EAR_OS_V2\e2e\checkout-flow.spec.js",".js","1500","28/07/2026 8:51:41"
"C:\EAR_OS_V2\e2e\checkout-flow.spec.ts",".ts","1396","18/05/2026 17:26:47"
"C:\EAR_OS_V2\incubadora\2026-05-18_firebase_functions_sitemap.json",".json","142992","21/03/2026 12:28:50"
"C:\EAR_OS_V2\incubadora\2026-05-18_firebase_hosting_sitemap.json",".json","142992","21/03/2026 12:28:50"
"C:\EAR_OS_V2\incubadora\2026-05-18_firebase_hosting.cache",".cache","274607","29/04/2026 14:21:39"
"C:\EAR_OS_V2\incubadora\2026-05-18_firebase_sitemap.xml",".xml","413358","29/04/2026 14:20:07"
"C:\EAR_OS_V2\incubadora\2026-05-18_incubadora.html",".html","52587","29/04/2026 14:20:05"
"C:\EAR_OS_V2\incubadora\2026-05-18_PROMPTS_PARTE_1.md",".md","879385","05/05/2026 15:57:53"
"C:\EAR_OS_V2\incubadora\2026-05-18_PROMPTS_PARTE_10.md",".md","4684481","05/05/2026 15:57:56"
"C:\EAR_OS_V2\incubadora\AI image generation is now builtin_19cb50df86f43d81.eml",".eml","56897","18/05/2026 17:19:33"
"C:\EAR_OS_V2\incubadora\Create your app from anywhere_199c19ae87933ec8.eml",".eml","26840","18/05/2026 17:19:33"
"C:\EAR_OS_V2\incubadora\knowledge_base.csv",".csv","149257","18/05/2026 15:55:28"
"C:\EAR_OS_V2\incubadora\Turn feedback into product updates in 15 min_19d20782b56d8b21.eml",".eml","49296","18/05/2026 17:19:33"
"C:\EAR_OS_V2\incubadora\UTF8QC2BFSeguimosconectadosedwin3F_19c53f8c3c543d02.eml",".eml","36084","18/05/2026 17:19:33"
"C:\EAR_OS_V2\incubadora\utf8QClaudegoesvoiceF09F93B0NYTjoin utf8QsAmazonF09F92ACTelegramgetsGrok_19736f9d84e2131c.eml",".eml","115117","18/05/2026 17:19:33"
"C:\EAR_OS_V2\incubadora\utf8QF09F92A5Gemini3finallydropped utf8QE280A6astheInternetcrashedF09F94A5_19a9912922e5b6c5.eml",".eml","107997","18/05/2026 17:19:33"
"C:\EAR_OS_V2\incubadora\utf8QF09F94A5MostunderpricedstartupassetC2A0_19a74980516f24ca.eml",".eml","108414","18/05/2026 17:19:33"
"C:\EAR_OS_V2\incubadora\utf8QMillionsquittingGPTovernight3FF09FA790_19cbb67421cfd840.eml",".eml","119303","18/05/2026 17:19:33"
"C:\EAR_OS_V2\incubadora\utf8QNotebookLMGoesPublicF09F9A80ChatGPTGetsC utf8QonnectorsE29A96EFB88FRedditTakesClaudetoCourt_1975af21d20da704.eml",".eml","115615","18/05/2026 17:19:33"
"C:\EAR_OS_V2\incubadora\utf8QOneyesthatmattersE29A96EFB88FxAIvsAppleOpenAI_1990bfb0bdd7fd64.eml",".eml","114780","18/05/2026 17:19:33"
"C:\EAR_OS_V2\incubadora\utf8QTokenRolloversStartJuly1F09F9481 utf8QFreeBoltProforHackathonC2A0_19740b9c51b72a8b.eml",".eml","64739","18/05/2026 17:19:33"
"C:\EAR_OS_V2\infrastructure\supabase\fleet_init.sql",".sql","2847","15/05/2026 21:55:43"
"C:\EAR_OS_V2\lib\constants\seo-data.ts",".ts","148","30/07/2026 10:56:49"
"C:\EAR_OS_V2\logs\inventory_audit.csv",".csv","5472","19/05/2026 17:03:39"
"C:\EAR_OS_V2\logs\rag_ingest.log",".log","0","24/04/2026 10:54:26"
"C:\EAR_OS_V2\logs\compilation_history\tsc_errors.txt",".txt","50212","15/05/2026 17:21:14"
"C:\EAR_OS_V2\output\documentacion-hermes\manual-admin.html",".html","16434","17/05/2026 11:02:05"
"C:\EAR_OS_V2\output\documentacion-hermes\manual-admin.md",".md","8623","17/05/2026 11:01:45"
"C:\EAR_OS_V2\output\documentacion-hermes\manual-usuario.html",".html","18565","17/05/2026 11:01:56"
"C:\EAR_OS_V2\output\documentacion-hermes\manual-usuario.md",".md","8553","17/05/2026 11:01:38"
"C:\EAR_OS_V2\output\documentacion-hermes\README.md",".md","2600","17/05/2026 11:01:29"
"C:\EAR_OS_V2\output\talent-os-seo\landings-200.csv",".csv","14114","17/05/2026 19:38:45"
"C:\EAR_OS_V2\output\talent-os-seo\sitemap-final.js",".js","3961","28/07/2026 8:51:41"
"C:\EAR_OS_V2\output\talent-os-seo\sitemap-final.md",".md","268","17/05/2026 19:46:21"
"C:\EAR_OS_V2\output\talent-os-seo\sitemap-final.ts",".ts","4059","17/05/2026 19:46:21"
"C:\EAR_OS_V2\output\talent-os-seo\talent_os_seo_dominance.md",".md","2004","17/05/2026 19:46:21"
"C:\EAR_OS_V2\output\talent-os-seo\talent_os_seo_inventory.html",".html","133678","17/05/2026 19:54:44"
"C:\EAR_OS_V2\output\talent-os-seo\talent_os_seo_inventory.md",".md","37195","17/05/2026 19:54:44"
"C:\EAR_OS_V2\prisma\prisma.config.js",".js","290","28/07/2026 8:51:41"
"C:\EAR_OS_V2\prisma\prisma.config.ts",".ts","395","02/05/2026 23:22:41"
"C:\EAR_OS_V2\prisma\schema.prisma",".prisma","19075","18/05/2026 20:14:23"
"C:\EAR_OS_V2\prisma\seed-vampire.js",".js","5938","28/07/2026 8:51:41"
"C:\EAR_OS_V2\prisma\seed-vampire.ts",".ts","5335","18/05/2026 10:49:40"
"C:\EAR_OS_V2\public\favicon.ico",".ico","0","06/05/2026 8:58:38"
"C:\EAR_OS_V2\public\favicon.svg",".svg","314","24/04/2026 23:10:43"
"C:\EAR_OS_V2\public\index.html",".html","5174","05/04/2026 7:30:12"
"C:\EAR_OS_V2\public\robots.txt",".txt","109","24/04/2026 21:48:21"
"C:\EAR_OS_V2\public\assets\docs\edwin-rider.pdf",".pdf","45","26/07/2026 21:59:18"
"C:\EAR_OS_V2\public\brand\vimume-logo-horizontal-light-blue.svg",".svg","6992","31/03/2025 14:16:31"
"C:\EAR_OS_V2\public\data\urls_sitemap.json",".json","142992","21/03/2026 12:28:50"
"C:\EAR_OS_V2\public\images\logistics.png",".png","842508","13/05/2026 20:44:06"
"C:\EAR_OS_V2\public\images\mariachi.png",".png","1045476","13/05/2026 20:43:47"
"C:\EAR_OS_V2\public\images\wedding.png",".png","849116","13/05/2026 20:44:21"
"C:\EAR_OS_V2\public\images\vimume\hands.png",".png","716077","08/05/2026 8:56:46"
"C:\EAR_OS_V2\public\images\vimume\hero_bg.png",".png","1165256","08/05/2026 8:56:28"
"C:\EAR_OS_V2\public\simulations\mariachi-dispatch-v2.html",".html","7638","15/05/2026 18:27:14"
"C:\EAR_OS_V2\public\simulations\mariachi-marketplace.html",".html","9997","15/05/2026 18:26:58"
"C:\EAR_OS_V2\quarantine\db_legacy.ts.legacy",".legacy","10114","01/01/1980 0:00:00"
"C:\EAR_OS_V2\quarantine\EarFleetMap_legacy_v2.tsx.legacy",".legacy","5048","01/01/1980 0:00:00"
"C:\EAR_OS_V2\quarantine\EarFleetMap_legacy.tsx.legacy",".legacy","24505","02/03/2026 14:40:17"
"C:\EAR_OS_V2\quarantine\firebase.ts.legacy",".legacy","1009","04/05/2026 15:57:29"
"C:\EAR_OS_V2\quarantine\schema_legacy.ts.legacy",".legacy","7559","01/01/1980 0:00:00"
"C:\EAR_OS_V2\quarantine\legacy_html\waybill_legacy.html",".html","14175","17/03/2026 16:21:04"
"C:\EAR_OS_V2\scripts\01_ESCANER_FORENSE_ADN.py",".py","3244","04/04/2026 15:41:13"
"C:\EAR_OS_V2\scripts\03_configurar_supabase_env_seguro.ps1",".ps1","0","01/08/2026 20:00:58"
"C:\EAR_OS_V2\scripts\04_verificar_supabase_env_seguro.ps1",".ps1","0","01/08/2026 20:03:08"
"C:\EAR_OS_V2\scripts\7179a7d0c0dbabf7c4a090c75a02a329_organizer.py",".py","5250","25/02/2026 12:33:13"
"C:\EAR_OS_V2\scripts\8b48933ad7b2bfea44ce4a33cb2e648a_move_dups.py",".py","7054","25/02/2026 8:43:25"
"C:\EAR_OS_V2\scripts\99831ff239497eeb6cb3b0fa6b4327c1_database.py",".py","2261","25/02/2026 12:32:47"
"C:\EAR_OS_V2\scripts\audit_links.mjs",".mjs","4913","18/05/2026 16:14:26"
"C:\EAR_OS_V2\scripts\Buscador avanzado.py",".py","4333","08/03/2026 19:15:45"
"C:\EAR_OS_V2\scripts\cazador_fantasma.js",".js","5145","28/07/2026 8:51:41"
"C:\EAR_OS_V2\scripts\cazador_fantasma.ts",".ts","5366","16/04/2026 17:20:03"
"C:\EAR_OS_V2\scripts\ClasificadorForense.py",".py","10178","04/12/2025 9:18:49"
"C:\EAR_OS_V2\scripts\CLI windows.py",".py","1392","01/05/2026 10:38:15"
"C:\EAR_OS_V2\scripts\credentials.json",".json","459","18/05/2026 15:44:08"
"C:\EAR_OS_V2\scripts\eml_parser.py",".py","3678","18/05/2026 15:55:28"
"C:\EAR_OS_V2\scripts\IGNICION_EAR.PS1",".PS1","2867","01/05/2026 14:50:18"
"C:\EAR_OS_V2\scripts\indexador_forense.js",".js","2129","28/07/2026 8:51:41"
"C:\EAR_OS_V2\scripts\indexador_forense.ts",".ts","2252","04/05/2026 15:52:31"
"C:\EAR_OS_V2\scripts\Iniciar_obsidian_earos.ps1",".ps1","2516","19/05/2026 16:57:52"
"C:\EAR_OS_V2\scripts\intelligence_scan_route.js",".js","3512","28/07/2026 8:51:41"
"C:\EAR_OS_V2\scripts\intelligence_scan_route.ts",".ts","603","30/07/2026 17:23:36"
"C:\EAR_OS_V2\scripts\inventory_audit.ps1",".ps1","4578","19/05/2026 17:03:34"
"C:\EAR_OS_V2\scripts\knowledge-ingestion.js",".js","2462","28/07/2026 8:51:41"
"C:\EAR_OS_V2\scripts\knowledge-ingestion.ts",".ts","2831","21/03/2026 15:10:34"
"C:\EAR_OS_V2\scripts\list_models.js",".js","815","28/07/2026 8:51:41"
"C:\EAR_OS_V2\scripts\list_models.ts",".ts","784","08/05/2026 22:12:02"
"C:\EAR_OS_V2\scripts\optimizar_ia_gpu.bat",".bat","1570","14/05/2026 18:28:35"
"C:\EAR_OS_V2\scripts\purge_v207_b1_fixed.mjs",".mjs","2401","19/05/2026 16:26:36"
"C:\EAR_OS_V2\scripts\purge_v207_b1.mjs",".mjs","3084","19/05/2026 16:21:44"
"C:\EAR_OS_V2\scripts\safe_gmail_extractor.py",".py","3571","18/05/2026 15:46:04"
"C:\EAR_OS_V2\scripts\security-smoke-test.sql",".sql","4268","13/05/2026 19:46:42"
"C:\EAR_OS_V2\scripts\stress-test-pricing.js",".js","1856","28/07/2026 8:51:41"
"C:\EAR_OS_V2\scripts\stress-test-pricing.ts",".ts","48","29/07/2026 22:53:41"
"C:\EAR_OS_V2\scripts\stress-test-tsconfig.json",".json","48","29/07/2026 22:55:42"
"C:\EAR_OS_V2\scripts\telegramService.js",".js","961","28/07/2026 8:51:41"
"C:\EAR_OS_V2\scripts\telegramService.ts",".ts","1176","23/03/2026 14:13:20"
"C:\EAR_OS_V2\scripts\test-memory-persistence.js",".js","491","28/07/2026 8:51:41"
"C:\EAR_OS_V2\scripts\test-memory-persistence.ts",".ts","48","29/07/2026 22:57:30"
"C:\EAR_OS_V2\scripts\token.json",".json","734","18/05/2026 15:46:34"
"C:\EAR_OS_V2\scripts\vantage-registry.js",".js","2482","28/07/2026 8:51:41"
"C:\EAR_OS_V2\scripts\vantage-registry.ts",".ts","2325","16/03/2026 18:11:01"
"C:\EAR_OS_V2\scripts\Vimume_Deep_Scanner.py",".py","5230","11/04/2026 10:16:41"
"C:\EAR_OS_V2\scripts\Whisper_Wisdom_Injection.py",".py","1752","11/04/2026 12:23:01"
"C:\EAR_OS_V2\scripts\database\check_tables.mjs",".mjs","864","29/04/2026 19:48:40"
"C:\EAR_OS_V2\scripts\database\check_vector_support.mjs",".mjs","1117","29/04/2026 19:48:40"
"C:\EAR_OS_V2\scripts\database\codex_ingestion.js",".js","1923","29/04/2026 19:48:40"
"C:\EAR_OS_V2\scripts\database\find_rag_content.mjs",".mjs","988","29/04/2026 19:48:40"
"C:\EAR_OS_V2\scripts\database\find_table.mjs",".mjs","993","29/04/2026 19:48:40"
"C:\EAR_OS_V2\scripts\database\inspect_table.mjs",".mjs","697","29/04/2026 19:48:40"
"C:\EAR_OS_V2\scripts\database\leviatan_ingest.mjs",".mjs","4039","29/04/2026 19:48:40"
"C:\EAR_OS_V2\scripts\database\try_sql.mjs",".mjs","855","29/04/2026 19:48:40"
"C:\EAR_OS_V2\scripts\database\vimume_deep_ingestion.mjs",".mjs","2188","29/04/2026 19:48:40"
"C:\EAR_OS_V2\scripts\ingestion\omega_indexer.js",".js","1791","28/07/2026 8:51:41"
"C:\EAR_OS_V2\scripts\ingestion\omega_indexer.ts",".ts","1771","05/05/2026 10:23:05"
"C:\EAR_OS_V2\scripts\ingestion\omega_ingestor.js",".js","4228","28/07/2026 8:51:41"
"C:\EAR_OS_V2\scripts\ingestion\omega_ingestor.ts",".ts","3973","11/05/2026 12:22:00"
"C:\EAR_OS_V2\scripts\tools\clean_sessions.mjs",".mjs","1379","29/04/2026 19:48:40"
"C:\EAR_OS_V2\scripts\tools\debug_embeddings.mjs",".mjs","1536","29/04/2026 19:48:40"
"C:\EAR_OS_V2\scripts\tools\extract_sessions.mjs",".mjs","1347","29/04/2026 19:48:40"
"C:\EAR_OS_V2\scripts\tools\extract_vimume_sessions.mjs",".mjs","1270","29/04/2026 19:48:40"
"C:\EAR_OS_V2\scripts\tools\list_available_models.mjs",".mjs","740","29/04/2026 19:48:40"
"C:\EAR_OS_V2\scripts\tools\list_models.mjs",".mjs","571","29/04/2026 19:48:40"
"C:\EAR_OS_V2\scripts\tools\mine_vimume_protocol.mjs",".mjs","948","29/04/2026 19:48:40"
"C:\EAR_OS_V2\scripts\tools\test_api.mjs",".mjs","823","29/04/2026 19:48:40"
"C:\EAR_OS_V2\scripts\tools\test_astra_rag.mjs",".mjs","2254","29/04/2026 19:48:40"
"C:\EAR_OS_V2\scripts\tools\test_fetch.mjs",".mjs","892","29/04/2026 19:48:40"
"C:\EAR_OS_V2\scripts\tools\test_insert.mjs",".mjs","745","29/04/2026 19:48:40"
"C:\EAR_OS_V2\scripts\vampire_scrapers\competitor_vampire.py",".py","3658","24/04/2026 10:54:45"
"C:\EAR_OS_V2\scripts\vampirization\seed_products.js",".js","3302","28/07/2026 8:51:41"
"C:\EAR_OS_V2\scripts\vampirization\seed_products.ts",".ts","47","29/07/2026 22:59:29"
"C:\EAR_OS_V2\src\constants.js",".js","296","28/07/2026 8:51:41"
"C:\EAR_OS_V2\src\constants.ts",".ts","291","06/05/2026 8:28:23"
"C:\EAR_OS_V2\src\proxy.js",".js","3414","28/07/2026 8:51:41"
"C:\EAR_OS_V2\src\proxy.ts",".ts","3282","18/05/2026 15:52:27"
"C:\EAR_OS_V2\src\types.js",".js","11","28/07/2026 8:51:41"
"C:\EAR_OS_V2\src\types.ts",".ts","1127","05/04/2026 7:30:12"
"C:\EAR_OS_V2\src\app\globals.css",".css","4111","18/05/2026 10:24:32"
"C:\EAR_OS_V2\src\app\layout.tsx",".tsx","3165","25/07/2026 22:39:05"
"C:\EAR_OS_V2\src\app\not-found.tsx",".tsx","231","07/05/2026 18:56:23"
"C:\EAR_OS_V2\src\app\robots.js",".js","1007","28/07/2026 8:51:41"
"C:\EAR_OS_V2\src\app\robots.ts",".ts","872","14/05/2026 12:56:40"
"C:\EAR_OS_V2\src\app\sitemap.js",".js","4536","28/07/2026 8:51:41"
"C:\EAR_OS_V2\src\app\sitemap.ts",".ts","4562","26/07/2026 22:47:01"
"C:\EAR_OS_V2\src\app\template.tsx",".tsx","504","12/05/2026 14:35:18"
"C:\EAR_OS_V2\src\app\(artist)\artistas\analytics\page.tsx",".tsx","927","17/05/2026 11:19:23"
"C:\EAR_OS_V2\src\app\(artist)\artistas\bio\page.tsx",".tsx","767","17/05/2026 11:19:04"
"C:\EAR_OS_V2\src\app\(artist)\artistas\bookings\page.tsx",".tsx","1032","17/05/2026 11:19:12"
"C:\EAR_OS_V2\src\app\(artist)\artistas\contracts\page.tsx",".tsx","933","17/05/2026 11:19:15"
"C:\EAR_OS_V2\src\app\(artist)\artistas\dashboard\page.tsx",".tsx","159","17/05/2026 11:18:50"
"C:\EAR_OS_V2\src\app\(artist)\artistas\media\page.tsx",".tsx","789","17/05/2026 11:18:59"
"C:\EAR_OS_V2\src\app\(artist)\artistas\pricing\page.tsx",".tsx","804","17/05/2026 11:19:19"
"C:\EAR_OS_V2\src\app\(artist)\artistas\profile\page.tsx",".tsx","1072","17/05/2026 11:18:55"
"C:\EAR_OS_V2\src\app\(artist)\artistas\repertoire\page.tsx",".tsx","798","17/05/2026 11:19:08"
"C:\EAR_OS_V2\src\app\(artist)\artistas\settings\page.tsx",".tsx","1656","17/05/2026 11:19:33"
"C:\EAR_OS_V2\src\app\(dashboard)\giras\page.tsx",".tsx","9997","15/05/2026 16:56:07"
"C:\EAR_OS_V2\src\app\(label)\artists\dashboard\page.tsx",".tsx","14749","17/05/2026 19:24:37"
"C:\EAR_OS_V2\src\app\(nexus)\(admin)\analytics\page.tsx",".tsx","779","13/05/2026 20:21:40"
"C:\EAR_OS_V2\src\app\(nexus)\(admin)\artistas-auditoria\page.tsx",".tsx","511","06/05/2026 21:22:42"
"C:\EAR_OS_V2\src\app\(nexus)\(admin)\command-center\page.tsx",".tsx","495","30/07/2026 13:01:37"
"C:\EAR_OS_V2\src\app\(nexus)\(admin)\control\page.tsx",".tsx","500","06/05/2026 21:22:42"
"C:\EAR_OS_V2\src\app\(nexus)\(dashboard)\layout.tsx",".tsx","216","07/05/2026 16:34:00"
"C:\EAR_OS_V2\src\app\(nexus)\(dashboard)\giras\[id]\page.js",".js","233","28/07/2026 8:51:41"
"C:\EAR_OS_V2\src\app\(nexus)\(dashboard)\giras\[id]\page.tsx",".tsx","235","06/05/2026 21:22:42"
"C:\EAR_OS_V2\src\app\(nexus)\(dashboard)\studio\page.tsx",".tsx","192","11/05/2026 23:20:38"
"C:\EAR_OS_V2\src\app\(nexus)\(dashboard)\studio\[lessonId]\page.js",".js","233","28/07/2026 8:51:41"
"C:\EAR_OS_V2\src\app\(nexus)\(dashboard)\studio\[lessonId]\page.tsx",".tsx","235","06/05/2026 21:22:42"
"C:\EAR_OS_V2\src\app\(nexus)\(dashboard)\vault\page.tsx",".tsx","498","06/05/2026 21:22:42"
"C:\EAR_OS_V2\src\app\(nexus)\admin\layout.tsx",".tsx","1399","31/07/2026 17:10:58"
"C:\EAR_OS_V2\src\app\(nexus)\admin\page.tsx",".tsx","201","06/05/2026 21:22:42"
"C:\EAR_OS_V2\src\app\(nexus)\admin\configurador\page.tsx",".tsx","386","06/05/2026 21:22:42"
"C:\EAR_OS_V2\src\app\(nexus)\admin\crm\page.tsx",".tsx","236","06/05/2026 21:22:42"
"C:\EAR_OS_V2\src\app\(nexus)\admin\crm-vulnerable\page.tsx",".tsx","3577","06/05/2026 21:22:42"
"C:\EAR_OS_V2\src\app\(nexus)\admin\estado\page.tsx",".tsx","230","06/05/2026 21:22:42"
"C:\EAR_OS_V2\src\app\(nexus)\admin\flota\page.tsx",".tsx","568","06/05/2026 21:22:42"
"C:\EAR_OS_V2\src\app\(nexus)\admin\hunter\page.tsx",".tsx","12803","07/05/2026 12:00:46"
"C:\EAR_OS_V2\src\app\(nexus)\admin\oraculo\page.tsx",".tsx","602","06/05/2026 21:22:42"
"C:\EAR_OS_V2\src\app\(nexus)\admin\vimume\page.tsx",".tsx","12226","07/05/2026 12:24:35"
"C:\EAR_OS_V2\src\app\(nexus)\centro-mando\page.tsx",".tsx","409","12/05/2026 1:13:52"
"C:\EAR_OS_V2\src\app\(nexus)\dashboard\EarCommandCenter.tsx",".tsx","8072","11/05/2026 14:30:26"
"C:\EAR_OS_V2\src\app\(nexus)\dashboard\NexusMissionTracker.tsx",".tsx","12788","11/05/2026 14:40:08"
"C:\EAR_OS_V2\src\app\(nexus)\dashboard\page.tsx",".tsx","2287","11/05/2026 14:30:04"
"C:\EAR_OS_V2\src\app\(nexus)\dashboard\operaciones\[tourId]\page.js",".js","661","28/07/2026 8:51:41"
"C:\EAR_OS_V2\src\app\(nexus)\dashboard\operaciones\[tourId]\page.tsx",".tsx","698","13/05/2026 10:01:52"
"C:\EAR_OS_V2\src\app\(nexus)\dashboard\vault\page.tsx",".tsx","423","13/05/2026 10:06:08"
"C:\EAR_OS_V2\src\app\(nexus)\nexus\[role]\[id]\page.js",".js","8925","28/07/2026 8:51:41"
"C:\EAR_OS_V2\src\app\(nexus)\nexus\[role]\[id]\page.tsx",".tsx","9151","06/05/2026 21:22:42"
"C:\EAR_OS_V2\src\app\(nexus)\portal\page.tsx",".tsx","4007","13/05/2026 9:07:30"
"C:\EAR_OS_V2\src\app\(public)\error.tsx",".tsx","2191","18/05/2026 17:15:49"
"C:\EAR_OS_V2\src\app\(public)\layout.tsx",".tsx","1178","15/05/2026 13:04:58"
"C:\EAR_OS_V2\src\app\(public)\loading.tsx",".tsx","740","18/05/2026 17:15:59"
"C:\EAR_OS_V2\src\app\(public)\page.tsx",".tsx","12501","18/05/2026 11:23:12"
"C:\EAR_OS_V2\src\app\(public)\(auth)\auditoria\page.tsx",".tsx","502","06/05/2026 21:22:42"
"C:\EAR_OS_V2\src\app\(public)\(auth)\login\page.tsx",".tsx","161","06/05/2026 21:22:42"
"C:\EAR_OS_V2\src\app\(public)\(auth)\register\page.tsx",".tsx","173","30/05/2026 8:29:34"
"C:\EAR_OS_V2\src\app\(public)\about\page.tsx",".tsx","526","11/05/2026 13:40:57"
"C:\EAR_OS_V2\src\app\(public)\arsenal\page.tsx",".tsx","481","17/05/2026 20:51:31"
"C:\EAR_OS_V2\src\app\(public)\artistas\page.tsx",".tsx","5505","15/05/2026 15:27:54"
"C:\EAR_OS_V2\src\app\(public)\artistas\aniversarios\page.tsx",".tsx","3088","17/05/2026 11:20:09"
"C:\EAR_OS_V2\src\app\(public)\artistas\bodas\page.tsx",".tsx","2967","17/05/2026 11:19:42"
"C:\EAR_OS_V2\src\app\(public)\artistas\ciudades\page.tsx",".tsx","2402","17/05/2026 11:19:56"
"C:\EAR_OS_V2\src\app\(public)\artistas\cumpleaños\page.tsx",".tsx","3008","17/05/2026 11:20:14"
"C:\EAR_OS_V2\src\app\(public)\artistas\djs\page.tsx",".tsx","9465","18/05/2026 9:54:05"
"C:\EAR_OS_V2\src\app\(public)\artistas\edwin-agudelo\page.tsx",".tsx","641","14/05/2026 13:54:56"
"C:\EAR_OS_V2\src\app\(public)\artistas\eventos\page.tsx",".tsx","3364","17/05/2026 11:19:38"
"C:\EAR_OS_V2\src\app\(public)\artistas\ferias\page.tsx",".tsx","3038","17/05/2026 11:19:47"
"C:\EAR_OS_V2\src\app\(public)\artistas\festivales\page.tsx",".tsx","3001","17/05/2026 11:19:51"
"C:\EAR_OS_V2\src\app\(public)\artistas\municipios\page.tsx",".tsx","2475","17/05/2026 11:20:05"
"C:\EAR_OS_V2\src\app\(public)\artistas\orquestas\page.tsx",".tsx","11511","18/05/2026 9:53:51"
"C:\EAR_OS_V2\src\app\(public)\artistas\provincias\page.tsx",".tsx","1977","17/05/2026 11:20:00"
"C:\EAR_OS_V2\src\app\(public)\artistas\shows\page.tsx",".tsx","12116","18/05/2026 9:53:58"
"C:\EAR_OS_V2\src\app\(public)\artistas\solistas\page.tsx",".tsx","13191","18/05/2026 10:36:04"
"C:\EAR_OS_V2\src\app\(public)\artistas\[slug]\page.js",".js","16556","28/07/2026 8:51:41"
"C:\EAR_OS_V2\src\app\(public)\artistas\[slug]\page.tsx",".tsx","16825","17/05/2026 19:23:52"
"C:\EAR_OS_V2\src\app\(public)\artistas\[slug]\booking\page.js",".js","4058","28/07/2026 8:51:41"
"C:\EAR_OS_V2\src\app\(public)\artistas\[slug]\booking\page.tsx",".tsx","4112","15/05/2026 15:28:31"
"C:\EAR_OS_V2\src\app\(public)\artists\page.tsx",".tsx","125","17/05/2026 11:15:30"
"C:\EAR_OS_V2\src\app\(public)\artists\press\page.tsx",".tsx","3709","17/05/2026 11:15:49"
"C:\EAR_OS_V2\src\app\(public)\artists\releases\page.tsx",".tsx","3354","17/05/2026 11:15:44"
"C:\EAR_OS_V2\src\app\(public)\artists\roster\page.tsx",".tsx","2803","17/05/2026 11:15:39"
"C:\EAR_OS_V2\src\app\(public)\artists\[slug]\page.js",".js","189","28/07/2026 8:51:41"
"C:\EAR_OS_V2\src\app\(public)\artists\[slug]\page.tsx",".tsx","190","17/05/2026 11:15:35"
"C:\EAR_OS_V2\src\app\(public)\aviso-legal\page.tsx",".tsx","1406","12/05/2026 15:57:13"
"C:\EAR_OS_V2\src\app\(public)\ayuntamientospremium\page.tsx",".tsx","13338","15/05/2026 12:35:52"
"C:\EAR_OS_V2\src\app\(public)\blog\page.tsx",".tsx","6212","14/05/2026 18:48:47"
"C:\EAR_OS_V2\src\app\(public)\blog\b2g\page.tsx",".tsx","1859","15/05/2026 9:36:32"
"C:\EAR_OS_V2\src\app\(public)\blog\casos-clinicos\page.tsx",".tsx","2523","15/05/2026 9:36:11"
"C:\EAR_OS_V2\src\app\(public)\blog\impacto-social\page.tsx",".tsx","1878","15/05/2026 9:36:22"
"C:\EAR_OS_V2\src\app\(public)\blog\investigacion\page.tsx",".tsx","1909","15/05/2026 9:35:58"
"C:\EAR_OS_V2\src\app\(public)\blog\newsletter\page.tsx",".tsx","427","15/05/2026 10:08:52"
"C:\EAR_OS_V2\src\app\(public)\blog\tecnica-sonora\page.tsx",".tsx","1904","15/05/2026 9:36:42"
"C:\EAR_OS_V2\src\app\(public)\blog\[category]\[slug]\page.js",".js","4371","28/07/2026 8:51:41"
"C:\EAR_OS_V2\src\app\(public)\blog\[category]\[slug]\page.tsx",".tsx","4619","15/05/2026 9:44:36"
"C:\EAR_OS_V2\src\app\(public)\bodas\guias\page.tsx",".tsx","5832","13/05/2026 8:57:14"
"C:\EAR_OS_V2\src\app\(public)\calculadora\page.tsx",".tsx","343","08/05/2026 23:18:18"
"C:\EAR_OS_V2\src\app\(public)\categorias\page.tsx",".tsx","4452","12/05/2026 22:14:00"
"C:\EAR_OS_V2\src\app\(public)\contacto\page.tsx",".tsx","10379","18/05/2026 10:40:49"
"C:\EAR_OS_V2\src\app\(public)\contacto\[slug]\page.js",".js","12447","28/07/2026 8:51:41"
"C:\EAR_OS_V2\src\app\(public)\contacto\[slug]\page.tsx",".tsx","12582","18/05/2026 10:40:58"
"C:\EAR_OS_V2\src\app\(public)\cookies\page.tsx",".tsx","3274","08/05/2026 23:18:27"
"C:\EAR_OS_V2\src\app\(public)\cotizador\page.tsx",".tsx","474","12/05/2026 15:56:06"
"C:\EAR_OS_V2\src\app\(public)\dossier\page.tsx",".tsx","15079","14/05/2026 14:10:49"
"C:\EAR_OS_V2\src\app\(public)\dossier\[id]\page.js",".js","5357","28/07/2026 8:51:41"
"C:\EAR_OS_V2\src\app\(public)\dossier\[id]\page.tsx",".tsx","5580","13/05/2026 20:18:03"
"C:\EAR_OS_V2\src\app\(public)\empresarios\page.tsx",".tsx","504","06/05/2026 21:22:42"
"C:\EAR_OS_V2\src\app\(public)\eventos\page.tsx",".tsx","4671","11/05/2026 13:39:47"
"C:\EAR_OS_V2\src\app\(public)\infraestructura\page.tsx",".tsx","9976","14/05/2026 19:02:55"
"C:\EAR_OS_V2\src\app\(public)\infraestructura\mundial-2026\page.tsx",".tsx","4545","13/05/2026 8:56:13"
"C:\EAR_OS_V2\src\app\(public)\journal\page.tsx",".tsx","500","06/05/2026 21:22:42"
"C:\EAR_OS_V2\src\app\(public)\marketplace\page.tsx",".tsx","3149","14/05/2026 13:04:00"
"C:\EAR_OS_V2\src\app\(public)\ocasiones\[slug]\page.js",".js","3600","28/07/2026 8:51:41"
"C:\EAR_OS_V2\src\app\(public)\ocasiones\[slug]\page.tsx",".tsx","3874","13/05/2026 20:11:33"
"C:\EAR_OS_V2\src\app\(public)\precios\page.tsx",".tsx","500","06/05/2026 21:22:42"
"C:\EAR_OS_V2\src\app\(public)\privacidad\page.tsx",".tsx","1525","12/05/2026 15:57:04"
"C:\EAR_OS_V2\src\app\(public)\proyectos\vimume\alzheimer\page.tsx",".tsx","9211","15/05/2026 10:08:35"
"C:\EAR_OS_V2\src\app\(public)\proyectos\vimume\ods-2030\page.tsx",".tsx","9514","15/05/2026 10:08:45"
"C:\EAR_OS_V2\src\app\(public)\proyectos\vimume\protocolo\page.tsx",".tsx","9713","15/05/2026 10:08:40"
"C:\EAR_OS_V2\src\app\(public)\proyectos\vimume\recursos\page.tsx",".tsx","4993","15/05/2026 10:53:00"
"C:\EAR_OS_V2\src\app\(public)\proyectos\vimume\silver-economy\page.tsx",".tsx","8358","15/05/2026 10:08:30"
"C:\EAR_OS_V2\src\app\(public)\reclamar-perfil\page.tsx",".tsx","18266","18/05/2026 10:40:28"
"C:\EAR_OS_V2\src\app\(public)\servicios\page.tsx",".tsx","8787","18/05/2026 10:22:18"
"C:\EAR_OS_V2\src\app\(public)\servicios\[nicho]\page.js",".js","1445","28/07/2026 8:51:41"
"C:\EAR_OS_V2\src\app\(public)\servicios\[nicho]\page.tsx",".tsx","1601","13/05/2026 8:40:01"
"C:\EAR_OS_V2\src\app\(public)\servicios\[nicho]\[ciudad]\page.js",".js","1904","28/07/2026 8:51:41"
"C:\EAR_OS_V2\src\app\(public)\servicios\[nicho]\[ciudad]\page.tsx",".tsx","2063","13/05/2026 7:49:08"
"C:\EAR_OS_V2\src\app\(public)\soberania-tecnica\page.tsx",".tsx","6360","14/05/2026 11:44:32"
"C:\EAR_OS_V2\src\app\(public)\social\page.tsx",".tsx","499","06/05/2026 21:22:42"
"C:\EAR_OS_V2\src\app\(public)\the-signal\page.tsx",".tsx","457","17/05/2026 20:51:35"
"C:\EAR_OS_V2\src\app\(public)\vimume\page.tsx",".tsx","5524","15/05/2026 22:09:37"
"C:\EAR_OS_V2\src\app\(public)\vimume\centros\page.tsx",".tsx","8683","15/05/2026 17:21:43"
"C:\EAR_OS_V2\src\app\(public)\vimume\conocimiento\[nicho]\page.js",".js","5965","28/07/2026 8:51:41"
"C:\EAR_OS_V2\src\app\(public)\vimume\conocimiento\[nicho]\page.tsx",".tsx","5961","18/05/2026 15:53:05"
"C:\EAR_OS_V2\src\app\(public)\vimume\consorcios\page.tsx",".tsx","5247","15/05/2026 17:21:43"
"C:\EAR_OS_V2\src\app\(public)\vimume\contacto\page.tsx",".tsx","13298","15/05/2026 17:21:43"
"C:\EAR_OS_V2\src\app\(public)\vimume\eventos\page.tsx",".tsx","7884","15/05/2026 17:21:43"
"C:\EAR_OS_V2\src\app\(public)\vimume\faq\page.tsx",".tsx","15225","15/05/2026 17:21:43"
"C:\EAR_OS_V2\src\app\(public)\vimume\fondos-europeos\page.tsx",".tsx","5330","15/05/2026 17:21:43"
"C:\EAR_OS_V2\src\app\(public)\vimume\fundacion\page.tsx",".tsx","5569","15/05/2026 17:21:43"
"C:\EAR_OS_V2\src\app\(public)\vimume\gobernanza-del-dato\page.tsx",".tsx","4948","15/05/2026 17:21:43"
"C:\EAR_OS_V2\src\app\(public)\vimume\hermes\page.tsx",".tsx","14805","17/05/2026 10:38:46"
"C:\EAR_OS_V2\src\app\(public)\vimume\hermes\dashboard\page.tsx",".tsx","127339","17/05/2026 11:03:17"
"C:\EAR_OS_V2\src\app\(public)\vimume\inversion\page.tsx",".tsx","10978","15/05/2026 17:21:43"
"C:\EAR_OS_V2\src\app\(public)\vimume\investigacion\page.tsx",".tsx","13280","15/05/2026 17:21:43"
"C:\EAR_OS_V2\src\app\(public)\vimume\nosotros\page.tsx",".tsx","11784","15/05/2026 17:21:43"
"C:\EAR_OS_V2\src\app\(public)\vimume\piloto-5-centros\page.tsx",".tsx","6309","15/05/2026 17:21:43"
"C:\EAR_OS_V2\src\app\(public)\vimume\prensa\page.tsx",".tsx","7639","15/05/2026 17:21:43"
"C:\EAR_OS_V2\src\app\(public)\vimume\protocolo\page.tsx",".tsx","5508","15/05/2026 17:21:43"
"C:\EAR_OS_V2\src\app\(public)\vimume\roadmap\page.tsx",".tsx","10980","15/05/2026 17:21:43"
"C:\EAR_OS_V2\src\app\(public)\vimume\terapia-ocupacional\page.tsx",".tsx","5972","15/05/2026 17:21:43"
"C:\EAR_OS_V2\src\app\actions\backupActions.js",".js","1344","28/07/2026 8:51:41"
"C:\EAR_OS_V2\src\app\actions\backupActions.ts",".ts","1331","17/05/2026 20:50:03"
"C:\EAR_OS_V2\src\app\actions\checkoutActions.js",".js","5976","28/07/2026 8:51:41"
"C:\EAR_OS_V2\src\app\actions\checkoutActions.ts",".ts","5951","18/05/2026 17:26:53"
"C:\EAR_OS_V2\src\app\actions\commandCenterActions.js",".js","6193","28/07/2026 8:51:41"
"C:\EAR_OS_V2\src\app\actions\commandCenterActions.ts",".ts","6623","18/05/2026 20:54:18"
"C:\EAR_OS_V2\src\app\actions\dossierActions.js",".js","4366","28/07/2026 8:51:41"
"C:\EAR_OS_V2\src\app\actions\dossierActions.ts",".ts","4278","14/05/2026 11:31:34"
"C:\EAR_OS_V2\src\app\actions\matcherActions.js",".js","9832","28/07/2026 8:51:41"
"C:\EAR_OS_V2\src\app\actions\matcherActions.ts",".ts","9199","18/05/2026 17:26:29"
"C:\EAR_OS_V2\src\app\actions\stripeConnectActions.js",".js","3935","28/07/2026 8:51:41"
"C:\EAR_OS_V2\src\app\actions\stripeConnectActions.ts",".ts","3668","18/05/2026 17:36:42"
"C:\EAR_OS_V2\src\app\api\admin\demand-map\route.js",".js","429","28/07/2026 8:51:41"
"C:\EAR_OS_V2\src\app\api\admin\demand-map\route.ts",".ts","452","28/07/2026 8:55:53"
"C:\EAR_OS_V2\src\app\api\astra\route.js",".js","3939","28/07/2026 8:51:41"
"C:\EAR_OS_V2\src\app\api\astra\route.ts",".ts","4096","11/05/2026 16:26:02"
"C:\EAR_OS_V2\src\app\api\astra\systemPrompt.js",".js","3384","28/07/2026 8:51:41"
"C:\EAR_OS_V2\src\app\api\astra\systemPrompt.ts",".ts","3384","07/05/2026 20:54:13"
"C:\EAR_OS_V2\src\app\api\astra\query\route.js",".js","1276","28/07/2026 8:51:41"
"C:\EAR_OS_V2\src\app\api\astra\query\route.ts",".ts","1310","15/05/2026 9:34:18"
"C:\EAR_OS_V2\src\app\api\contracts\generate\route.js",".js","1160","28/07/2026 8:51:41"
"C:\EAR_OS_V2\src\app\api\contracts\generate\route.ts",".ts","1096","26/07/2026 21:58:47"
"C:\EAR_OS_V2\src\app\api\cron\obsidian-sync\route.js",".js","2419","28/07/2026 8:51:41"
"C:\EAR_OS_V2\src\app\api\cron\obsidian-sync\route.ts",".ts","2329","18/05/2026 17:26:09"
"C:\EAR_OS_V2\src\app\api\fleet\map\route.js",".js","788","28/07/2026 8:51:41"
"C:\EAR_OS_V2\src\app\api\fleet\map\route.ts",".ts","682","17/05/2026 20:35:39"
"C:\EAR_OS_V2\src\app\api\fleet\waybills\[id]\route.js",".js","1236","28/07/2026 8:51:41"
"C:\EAR_OS_V2\src\app\api\fleet\waybills\[id]\route.ts",".ts","1069","18/05/2026 15:51:47"
"C:\EAR_OS_V2\src\app\api\health\route.js",".js","1880","28/07/2026 8:51:41"
"C:\EAR_OS_V2\src\app\api\health\route.ts",".ts","1744","18/05/2026 16:38:20"
"C:\EAR_OS_V2\src\app\api\hunter\execute\route.js",".js","1640","28/07/2026 8:51:41"
"C:\EAR_OS_V2\src\app\api\hunter\execute\route.ts",".ts","1710","04/05/2026 15:57:28"
"C:\EAR_OS_V2\src\app\api\hunter\ingest\route.js",".js","1637","28/07/2026 8:51:41"
"C:\EAR_OS_V2\src\app\api\hunter\ingest\route.ts",".ts","1581","04/05/2026 15:57:28"
"C:\EAR_OS_V2\src\app\api\hunter\phantom\route.js",".js","1440","28/07/2026 8:51:41"
"C:\EAR_OS_V2\src\app\api\hunter\phantom\route.ts",".ts","1509","04/05/2026 15:57:28"
"C:\EAR_OS_V2\src\app\api\nexus\user\sync\route.js",".js","946","28/07/2026 8:51:41"
"C:\EAR_OS_V2\src\app\api\nexus\user\sync\route.ts",".ts","866","11/05/2026 23:44:52"
"C:\EAR_OS_V2\src\app\api\oracle\infer\route.js",".js","1963","28/07/2026 8:51:41"
"C:\EAR_OS_V2\src\app\api\oracle\infer\route.ts",".ts","2037","05/05/2026 9:57:25"
"C:\EAR_OS_V2\src\app\api\oracle\simulator\route.js",".js","1407","28/07/2026 8:51:41"
"C:\EAR_OS_V2\src\app\api\oracle\simulator\route.ts",".ts","1425","12/05/2026 14:06:36"
"C:\EAR_OS_V2\src\app\api\payments\checkout\route.js",".js","2027","28/07/2026 8:51:41"
"C:\EAR_OS_V2\src\app\api\payments\checkout\route.ts",".ts","1776","12/05/2026 17:09:59"
"C:\EAR_OS_V2\src\app\api\payments\create-session\route.js",".js","1255","28/07/2026 8:51:41"
"C:\EAR_OS_V2\src\app\api\payments\create-session\route.ts",".ts","1214","11/05/2026 12:38:04"
"C:\EAR_OS_V2\src\app\api\payments\liquidate\route.js",".js","1428","28/07/2026 8:51:41"
"C:\EAR_OS_V2\src\app\api\payments\liquidate\route.ts",".ts","1369","04/05/2026 15:57:28"
"C:\EAR_OS_V2\src\app\api\payments\webhook\route.js",".js","15118","28/07/2026 8:51:41"
"C:\EAR_OS_V2\src\app\api\payments\webhook\route.ts",".ts","1705","30/07/2026 10:46:18"
"C:\EAR_OS_V2\src\app\api\profiles\route.js",".js","311","28/07/2026 8:51:41"
"C:\EAR_OS_V2\src\app\api\profiles\route.ts",".ts","308","26/07/2026 2:18:13"
"C:\EAR_OS_V2\src\app\api\profiles\claim\route.js",".js","2995","28/07/2026 8:51:41"
"C:\EAR_OS_V2\src\app\api\profiles\claim\route.ts",".ts","2851","18/05/2026 10:42:27"
"C:\EAR_OS_V2\src\app\api\profiles\search\route.js",".js","1688","28/07/2026 8:51:41"
"C:\EAR_OS_V2\src\app\api\profiles\search\route.ts",".ts","1526","18/05/2026 16:46:55"
"C:\EAR_OS_V2\src\app\api\rag\query\route.js",".js","1234","28/07/2026 8:51:41"
"C:\EAR_OS_V2\src\app\api\rag\query\route.ts",".ts","1199","04/05/2026 15:57:28"
"C:\EAR_OS_V2\src\app\api\system\read-file\route.js",".js","937","28/07/2026 8:51:41"
"C:\EAR_OS_V2\src\app\api\system\read-file\route.ts",".ts","884","18/05/2026 18:28:46"
"C:\EAR_OS_V2\src\app\api\telemetry\marketplace\route.js",".js","2197","28/07/2026 8:51:41"
"C:\EAR_OS_V2\src\app\api\telemetry\marketplace\route.ts",".ts","2006","13/05/2026 21:51:49"
"C:\EAR_OS_V2\src\app\api\test-telegram\route.js",".js","994","28/07/2026 8:51:41"
"C:\EAR_OS_V2\src\app\api\test-telegram\route.ts",".ts","1066","04/05/2026 15:57:28"
"C:\EAR_OS_V2\src\app\api\tripwire\route.js",".js","1334","28/07/2026 8:51:41"
"C:\EAR_OS_V2\src\app\api\tripwire\route.ts",".ts","1381","04/05/2026 15:57:28"
"C:\EAR_OS_V2\src\app\api\vampire\transmute\route.js",".js","846","28/07/2026 8:51:41"
"C:\EAR_OS_V2\src\app\api\vampire\transmute\route.ts",".ts","889","04/05/2026 15:57:28"
"C:\EAR_OS_V2\src\app\api\webhooks\stripe\route.js",".js","5746","28/07/2026 8:51:41"
"C:\EAR_OS_V2\src\app\api\webhooks\stripe\route.ts",".ts","4970","17/05/2026 21:06:26"
"C:\EAR_OS_V2\src\app\components\AllianceNetwork.tsx",".tsx","251","06/05/2026 21:30:28"
"C:\EAR_OS_V2\src\app\components\AstraNeuralTwin.tsx",".tsx","256","06/05/2026 21:30:28"
"C:\EAR_OS_V2\src\app\components\AutonomousOrchestrator.tsx",".tsx","272","06/05/2026 21:30:28"
"C:\EAR_OS_V2\src\app\components\BucleAprendizaje.tsx",".tsx","259","06/05/2026 21:30:28"
"C:\EAR_OS_V2\src\app\components\CostCalculator.tsx",".tsx","10891","12/05/2026 14:38:12"
"C:\EAR_OS_V2\src\app\components\DemandEngine.tsx",".tsx","1335","11/05/2026 14:35:42"
"C:\EAR_OS_V2\src\app\components\DiscoveryHero.tsx",".tsx","4197","17/05/2026 20:59:17"
"C:\EAR_OS_V2\src\app\components\EarCommandCenter.tsx",".tsx","11857","11/05/2026 11:34:38"
"C:\EAR_OS_V2\src\app\components\EarOS_Reconstructor.tsx",".tsx","3067","06/05/2026 21:30:28"
"C:\EAR_OS_V2\src\app\components\EventsSection.tsx",".tsx","6863","27/07/2026 20:33:33"
"C:\EAR_OS_V2\src\app\components\Footer.tsx",".tsx","55","11/05/2026 17:54:25"
"C:\EAR_OS_V2\src\app\components\Home.tsx",".tsx","3982","28/07/2026 8:58:01"
"C:\EAR_OS_V2\src\app\components\ImpactSystems.tsx",".tsx","6829","14/05/2026 11:41:15"
"C:\EAR_OS_V2\src\app\components\MotorTactico.tsx",".tsx","1843","13/05/2026 8:39:20"
"C:\EAR_OS_V2\src\app\components\Navbar.tsx",".tsx","55","11/05/2026 17:54:25"
"C:\EAR_OS_V2\src\app\components\NeuralFilter.tsx",".tsx","4798","06/05/2026 21:30:28"
"C:\EAR_OS_V2\src\app\components\OmnibusTracker.tsx",".tsx","255","06/05/2026 21:30:28"
"C:\EAR_OS_V2\src\app\components\OracleMatrix.tsx",".tsx","7964","06/05/2026 21:30:28"
"C:\EAR_OS_V2\src\app\components\OracleSearch.tsx",".tsx","2522","06/05/2026 21:30:28"
"C:\EAR_OS_V2\src\app\components\PaymentModal.tsx",".tsx","5513","06/05/2026 21:30:28"
"C:\EAR_OS_V2\src\app\components\Privacy.tsx",".tsx","2313","06/05/2026 21:30:28"
"C:\EAR_OS_V2\src\app\components\ProveedorDirectory.tsx",".tsx","802","06/05/2026 21:30:28"
"C:\EAR_OS_V2\src\app\components\ReservationSystem.tsx",".tsx","17880","06/05/2026 21:30:28"
"C:\EAR_OS_V2\src\app\components\SimuladorEscenarios.tsx",".tsx","268","06/05/2026 21:30:28"
"C:\EAR_OS_V2\src\app\components\SovereignMemoryTest.tsx",".tsx","881","06/05/2026 21:30:28"
"C:\EAR_OS_V2\src\app\components\SovereignNav.tsx",".tsx","1263","13/05/2026 8:39:50"
"C:\EAR_OS_V2\src\app\components\SovereignSkeleton.tsx",".tsx","627","06/05/2026 21:30:28"
"C:\EAR_OS_V2\src\app\components\TheEarSignal.tsx",".tsx","15009","07/05/2026 13:22:14"
"C:\EAR_OS_V2\src\app\components\ThreeDoors.tsx",".tsx","5385","12/05/2026 14:36:52"
"C:\EAR_OS_V2\src\app\components\artists\ArtistAnalytics.tsx",".tsx","3633","17/05/2026 11:15:10"
"C:\EAR_OS_V2\src\app\components\artists\ArtistBio.tsx",".tsx","3333","17/05/2026 11:18:22"
"C:\EAR_OS_V2\src\app\components\artists\ArtistBioEditor.tsx",".tsx","5492","17/05/2026 11:14:58"
"C:\EAR_OS_V2\src\app\components\artists\ArtistBookingFlow.tsx",".tsx","12968","19/05/2026 22:13:24"
"C:\EAR_OS_V2\src\app\components\artists\ArtistCarousel.tsx",".tsx","4233","17/05/2026 11:14:49"
"C:\EAR_OS_V2\src\app\components\artists\ArtistContractsPanel.tsx",".tsx","3404","17/05/2026 11:15:05"
"C:\EAR_OS_V2\src\app\components\artists\ArtistGallery.tsx",".tsx","2572","17/05/2026 11:18:17"
"C:\EAR_OS_V2\src\app\components\artists\ArtistHero.tsx",".tsx","2373","17/05/2026 11:14:40"
"C:\EAR_OS_V2\src\app\components\artists\ArtistMediaGrid.tsx",".tsx","3275","17/05/2026 11:14:53"
"C:\EAR_OS_V2\src\app\components\artists\ArtistPricingMatrix.tsx",".tsx","3485","17/05/2026 11:18:37"
"C:\EAR_OS_V2\src\app\components\artists\ArtistReleaseList.tsx",".tsx","3536","17/05/2026 11:15:02"
"C:\EAR_OS_V2\src\app\components\artists\ArtistRepertoire.tsx",".tsx","3913","17/05/2026 11:18:27"
"C:\EAR_OS_V2\src\app\components\artists\ArtistSEOSwarm.tsx",".tsx","20667","18/05/2026 20:54:21"
"C:\EAR_OS_V2\src\app\components\artists\ArtistTabs.tsx",".tsx","1961","17/05/2026 19:24:06"
"C:\EAR_OS_V2\src\app\components\artists\ArtistTestimonials.tsx",".tsx","2368","17/05/2026 11:18:41"
"C:\EAR_OS_V2\src\app\components\artists\ArtistTimeline.tsx",".tsx","2334","17/05/2026 11:15:13"
"C:\EAR_OS_V2\src\app\components\auth\AuthGuard.tsx",".tsx","519","06/05/2026 21:30:29"
"C:\EAR_OS_V2\src\app\components\components\templates\RoutePageWrapper.tsx",".tsx","1450","06/05/2026 21:30:29"
"C:\EAR_OS_V2\src\app\components\dossier\ApproveDossierButton.tsx",".tsx","1912","13/05/2026 20:17:52"
"C:\EAR_OS_V2\src\app\components\effects\CinematicEntrance.tsx",".tsx","1097","13/05/2026 10:48:14"
"C:\EAR_OS_V2\src\app\components\events\GhostTracker.tsx",".tsx","3775","07/05/2026 12:02:44"
"C:\EAR_OS_V2\src\app\components\layout\CinematicEntrance.tsx",".tsx","489","08/05/2026 0:28:41"
"C:\EAR_OS_V2\src\app\components\layout\EarBottomNav.tsx",".tsx","1252","27/07/2026 1:58:55"
"C:\EAR_OS_V2\src\app\components\layout\SovereignBottomNav.tsx",".tsx","2080","14/05/2026 13:42:05"
"C:\EAR_OS_V2\src\app\components\layout\SovereignNavbar.tsx",".tsx","7340","15/05/2026 9:58:14"
"C:\EAR_OS_V2\src\app\components\layout\ThemeWrapper.tsx",".tsx","571","15/05/2026 13:04:51"
"C:\EAR_OS_V2\src\app\components\public\AtmosphereMatcherClient.tsx",".tsx","13581","18/05/2026 11:23:02"
"C:\EAR_OS_V2\src\app\components\public\BlogClusterPage.tsx",".tsx","6027","15/05/2026 9:35:49"
"C:\EAR_OS_V2\src\app\components\public\DiscoverySearch.tsx",".tsx","6179","18/05/2026 14:18:45"
"C:\EAR_OS_V2\src\app\components\public\PublicFooter.tsx",".tsx","7539","18/05/2026 16:14:19"
"C:\EAR_OS_V2\src\app\components\public\PublicNavbar.tsx",".tsx","7858","18/05/2026 10:12:34"
"C:\EAR_OS_V2\src\app\components\public\RecursivePath.tsx",".tsx","3472","15/05/2026 9:58:21"
"C:\EAR_OS_V2\src\app\components\public\SubPageNavigation.tsx",".tsx","3379","15/05/2026 13:00:02"
"C:\EAR_OS_V2\src\app\components\SClass\ArsenalTechnical.tsx",".tsx","25362","17/05/2026 20:51:15"
"C:\EAR_OS_V2\src\app\components\SClass\AstraOraclePanel.tsx",".tsx","11952","18/05/2026 16:29:38"
"C:\EAR_OS_V2\src\app\components\SClass\AuraWalletLedger.tsx",".tsx","12373","18/05/2026 16:19:58"
"C:\EAR_OS_V2\src\app\components\SClass\CommandCenterDashboard.tsx",".tsx","20222","26/07/2026 2:14:26"
"C:\EAR_OS_V2\src\app\components\SClass\Sidebar.tsx",".tsx","4420","07/05/2026 12:25:22"
"C:\EAR_OS_V2\src\app\components\SClass\TacticalTracker.tsx",".tsx","9417","06/05/2026 21:30:29"
"C:\EAR_OS_V2\src\app\components\SClass\TheSignalFunnel.tsx",".tsx","15573","17/05/2026 20:51:06"
"C:\EAR_OS_V2\src\app\components\SClass\WaybillTimeline.tsx",".tsx","11540","18/05/2026 16:19:06"
"C:\EAR_OS_V2\src\app\components\SClassScreens\AEO_Dominance_Chart.tsx",".tsx","1442","06/05/2026 21:30:29"
"C:\EAR_OS_V2\src\app\components\SClassScreens\ApexButton.tsx",".tsx","1049","12/05/2026 21:51:11"
"C:\EAR_OS_V2\src\app\components\SClassScreens\AstraVoiceModule.tsx",".tsx","1433","06/05/2026 21:30:29"
"C:\EAR_OS_V2\src\app\components\SClassScreens\AuraDock.tsx",".tsx","1409","06/05/2026 21:30:29"
"C:\EAR_OS_V2\src\app\components\SClassScreens\BespokeTemplate.tsx",".tsx","19508","14/05/2026 13:08:57"
"C:\EAR_OS_V2\src\app\components\SClassScreens\BrainWaveCanvas.tsx",".tsx","1430","06/05/2026 21:30:29"
"C:\EAR_OS_V2\src\app\components\SClassScreens\CaregiverPortal.tsx",".tsx","1430","06/05/2026 21:30:29"
"C:\EAR_OS_V2\src\app\components\SClassScreens\CodexDynamicRenderer.tsx",".tsx","1445","06/05/2026 21:30:29"
"C:\EAR_OS_V2\src\app\components\SClassScreens\EarBottomNav.tsx",".tsx","1386","11/05/2026 22:48:25"
"C:\EAR_OS_V2\src\app\components\SClassScreens\EmanagerStudioMaster.tsx",".tsx","15754","11/05/2026 23:20:32"
"C:\EAR_OS_V2\src\app\components\SClassScreens\FleetRadar.tsx",".tsx","1415","06/05/2026 21:30:29"
"C:\EAR_OS_V2\src\app\components\SClassScreens\IntentSearchBox.tsx",".tsx","1430","06/05/2026 21:30:29"
"C:\EAR_OS_V2\src\app\components\SClassScreens\MarketplaceCard.tsx",".tsx","7380","14/05/2026 11:41:20"
"C:\EAR_OS_V2\src\app\components\SClassScreens\MediaShowcase.tsx",".tsx","4558","15/05/2026 9:34:23"
"C:\EAR_OS_V2\src\app\components\SClassScreens\MemoryTimeline.tsx",".tsx","1427","06/05/2026 21:30:29"
"C:\EAR_OS_V2\src\app\components\SClassScreens\NeuralBreadcrumbs.tsx",".tsx","1436","06/05/2026 21:30:29"
"C:\EAR_OS_V2\src\app\components\SClassScreens\NeuralJourneyApex.tsx",".tsx","21040","12/05/2026 14:34:18"
"C:\EAR_OS_V2\src\app\components\SClassScreens\OmniSovereignNav.tsx",".tsx","1433","06/05/2026 21:30:29"
"C:\EAR_OS_V2\src\app\components\SClassScreens\PortalDashboard.tsx",".tsx","7602","11/05/2026 22:48:41"
"C:\EAR_OS_V2\src\app\components\SClassScreens\PositiveFrictionModal.tsx",".tsx","5913","13/05/2026 21:37:13"
"C:\EAR_OS_V2\src\app\components\SClassScreens\RAG_Prompt_Injector.tsx",".tsx","1442","06/05/2026 21:30:29"
"C:\EAR_OS_V2\src\app\components\SClassScreens\ROI_Visualizer.tsx",".tsx","1427","06/05/2026 21:30:29"
"C:\EAR_OS_V2\src\app\components\SClassScreens\SmartContractModal.tsx",".tsx","1439","06/05/2026 21:30:29"
"C:\EAR_OS_V2\src\app\components\SClassScreens\SocialImpactMeter.tsx",".tsx","1436","06/05/2026 21:30:29"
"C:\EAR_OS_V2\src\app\components\SClassScreens\SpinningText.tsx",".tsx","1229","12/05/2026 22:32:04"
"C:\EAR_OS_V2\src\app\components\SClassScreens\StealthScraperHUD.tsx",".tsx","1436","06/05/2026 21:30:29"
"C:\EAR_OS_V2\src\app\components\SClassScreens\VampireComparisonTable.tsx",".tsx","1451","06/05/2026 21:30:29"
"C:\EAR_OS_V2\src\app\components\SClassScreens\WhisperFeed.tsx",".tsx","1418","06/05/2026 21:30:29"
"C:\EAR_OS_V2\src\app\components\SClassScreens\XPGamificationHUD.tsx",".tsx","1436","06/05/2026 21:30:29"
"C:\EAR_OS_V2\src\app\components\sections\BespokeConfigurator.tsx",".tsx","265","06/05/2026 21:30:29"
"C:\EAR_OS_V2\src\app\components\sections\CostCalculator.tsx",".tsx","10155","06/05/2026 21:30:29"
"C:\EAR_OS_V2\src\app\components\sections\PaymentModal.tsx",".tsx","8574","07/05/2026 11:40:26"
"C:\EAR_OS_V2\src\app\components\seo\LocalBusinessSchema.tsx",".tsx","2075","14/05/2026 13:09:02"
"C:\EAR_OS_V2\src\app\components\spatial\SpatialIntelligence.tsx",".tsx","747","18/05/2026 18:38:45"
"C:\EAR_OS_V2\src\app\components\templates\RoutePageWrapper.tsx",".tsx","1446","06/05/2026 21:30:51"
"C:\EAR_OS_V2\src\app\components\ui\BentoGrid.tsx",".tsx","1380","08/05/2026 9:12:28"
"C:\EAR_OS_V2\src\app\components\ui\glassCard.tsx",".tsx","625","06/05/2026 21:30:29"
"C:\EAR_OS_V2\src\app\components\ui\MagneticButton.tsx",".tsx","1598","12/05/2026 14:38:19"
"C:\EAR_OS_V2\src\app\components\ui\OmniSearchModal.tsx",".tsx","11589","14/05/2026 13:03:32"
"C:\EAR_OS_V2\src\app\components\ui\ThemeToggle.tsx",".tsx","4599","18/05/2026 10:12:27"
"C:\EAR_OS_V2\src\app\components\ui\VerifiedBadge.tsx",".tsx","257","27/07/2026 14:33:17"
"C:\EAR_OS_V2\src\app\components\vimume\AffinityEngine.tsx",".tsx","7186","08/05/2026 9:23:02"
"C:\EAR_OS_V2\src\app\context\AtmosphereProvider.tsx",".tsx","1850","14/05/2026 11:41:36"
"C:\EAR_OS_V2\src\app\context\RoleSkinProvider.tsx",".tsx","716","11/05/2026 15:44:18"
"C:\EAR_OS_V2\src\app\context\SharedContext.tsx",".tsx","2198","11/05/2026 14:24:39"
"C:\EAR_OS_V2\src\app\context\SmoothScrollProvider.tsx",".tsx","166","18/05/2026 18:36:39"
"C:\EAR_OS_V2\src\app\context\ThemeContext.tsx",".tsx","4453","18/05/2026 10:41:11"
"C:\EAR_OS_V2\src\app\data\genome_sessions.json",".json","441","04/05/2026 16:03:22"
"C:\EAR_OS_V2\src\app\layouts\MainLayout.tsx",".tsx","689","06/05/2026 21:22:42"
"C:\EAR_OS_V2\src\app\onboarding\components\ArtistProfileForm.tsx",".tsx","7043","30/05/2026 9:16:46"
"C:\EAR_OS_V2\src\app\onboarding\select-profile\page.tsx",".tsx","175","26/07/2026 2:18:19"
"C:\EAR_OS_V2\src\app\pages\PortalDashboard.tsx",".tsx","5122","27/07/2026 16:37:45"
"C:\EAR_OS_V2\src\app\sandbox\page.tsx",".tsx","1463","06/05/2026 21:24:11"
"C:\EAR_OS_V2\src\app\servicios\mariachis\[provincia]\page.js",".js","579","28/07/2026 8:51:41"
"C:\EAR_OS_V2\src\app\servicios\mariachis\[provincia]\page.tsx",".tsx","673","26/07/2026 22:06:32"
"C:\EAR_OS_V2\src\app\servicios\mariachis\[provincia]\[evento]\page.js",".js","2718","28/07/2026 8:51:41"
"C:\EAR_OS_V2\src\app\servicios\mariachis\[provincia]\[evento]\page.tsx",".tsx","3846","30/07/2026 11:33:35"
"C:\EAR_OS_V2\src\app\studio\artist\layout.tsx",".tsx","4698","15/05/2026 15:40:49"
"C:\EAR_OS_V2\src\app\studio\artist\page.tsx",".tsx","7609","15/05/2026 15:41:10"
"C:\EAR_OS_V2\src\app\studio\artist\bookings\page.tsx",".tsx","172","15/05/2026 15:41:48"
"C:\EAR_OS_V2\src\app\studio\artist\components\StudioPlaceholder.tsx",".tsx","505","15/05/2026 15:41:38"
"C:\EAR_OS_V2\src\app\studio\artist\config\page.tsx",".tsx","168","15/05/2026 15:41:57"
"C:\EAR_OS_V2\src\app\studio\artist\finance\page.tsx",".tsx","168","15/05/2026 15:41:52"
"C:\EAR_OS_V2\src\app\studio\artist\perfil\page.tsx",".tsx","174","15/05/2026 15:41:43"
"C:\EAR_OS_V2\src\app\studio\artist\riders\page.tsx",".tsx","6806","15/05/2026 17:20:08"
"C:\EAR_OS_V2\src\app\success\page.tsx",".tsx","4169","26/07/2026 21:59:02"
"C:\EAR_OS_V2\src\app\[...slug]\page.js",".js","18962","28/07/2026 8:51:41"
"C:\EAR_OS_V2\src\app\[...slug]\page.tsx",".tsx","19965","18/05/2026 20:54:13"
"C:\EAR_OS_V2\src\components\BookingCalculator.tsx",".tsx","2626","28/07/2026 9:01:21"
"C:\EAR_OS_V2\src\components\DiviTransmuter.tsx",".tsx","10881","18/05/2026 10:34:49"
"C:\EAR_OS_V2\src\components\StripeConnectGate.tsx",".tsx","4795","18/05/2026 17:38:30"
"C:\EAR_OS_V2\src\components\auth\AuthGuard.tsx",".tsx","367","30/07/2026 12:13:08"
"C:\EAR_OS_V2\src\components\CommandCenter\AstraOraclePanel.tsx",".tsx","245","26/07/2026 19:37:14"
"C:\EAR_OS_V2\src\components\public\PublicFooter.tsx",".tsx","32","30/07/2026 12:08:48"
"C:\EAR_OS_V2\src\components\public\PublicNavbar.tsx",".tsx","32","30/07/2026 12:10:13"
"C:\EAR_OS_V2\src\components\sclass\Arsenal.tsx",".tsx","10545","17/05/2026 20:54:24"
"C:\EAR_OS_V2\src\components\sclass\ArsenalTechnical.tsx",".tsx","187","28/07/2026 9:01:43"
"C:\EAR_OS_V2\src\components\sclass\CommandCenter.tsx",".tsx","13619","17/05/2026 20:54:16"
"C:\EAR_OS_V2\src\components\sclass\TheSignal.tsx",".tsx","15529","17/05/2026 20:54:09"
"C:\EAR_OS_V2\src\components\widgets\BookingCalculator.tsx",".tsx","6245","26/07/2026 21:58:25"
"C:\EAR_OS_V2\src\config\new_tsconfig.json",".json","503","28/07/2026 7:45:13"
"C:\EAR_OS_V2\src\config\seo-matrix.js",".js","3207","28/07/2026 8:51:41"
"C:\EAR_OS_V2\src\config\seo-matrix.ts",".ts","3085","27/07/2026 17:37:14"
"C:\EAR_OS_V2\src\config\stripe-products.js",".js","220","28/07/2026 8:51:41"
"C:\EAR_OS_V2\src\config\stripe-products.ts",".ts","212","26/07/2026 21:24:27"
"C:\EAR_OS_V2\src\contexts\AuthContext.tsx",".tsx","2432","04/05/2026 15:57:28"
"C:\EAR_OS_V2\src\contexts\EventEngineContext.tsx",".tsx","4050","04/05/2026 15:57:28"
"C:\EAR_OS_V2\src\contexts\SuitContext.tsx",".tsx","691","04/05/2026 15:57:28"
"C:\EAR_OS_V2\src\data\academy.js",".js","845","28/07/2026 8:51:41"
"C:\EAR_OS_V2\src\data\academy.ts",".ts","915","05/04/2026 7:30:12"
"C:\EAR_OS_V2\src\data\artists.js",".js","895","28/07/2026 8:51:41"
"C:\EAR_OS_V2\src\data\artists.ts",".ts","848","11/05/2026 16:41:56"
"C:\EAR_OS_V2\src\data\blog-content.js",".js","11327","28/07/2026 8:51:41"
"C:\EAR_OS_V2\src\data\blog-content.ts",".ts","11191","15/05/2026 9:43:17"
"C:\EAR_OS_V2\src\data\blog.js",".js","2533","28/07/2026 8:51:41"
"C:\EAR_OS_V2\src\data\blog.ts",".ts","2406","05/04/2026 7:30:12"
"C:\EAR_OS_V2\src\data\Event.js",".js","11","28/07/2026 8:51:41"
"C:\EAR_OS_V2\src\data\Event.ts",".ts","194","06/05/2026 21:17:14"
"C:\EAR_OS_V2\src\data\events.js",".js","516","28/07/2026 8:51:41"
"C:\EAR_OS_V2\src\data\events.ts",".ts","469","05/04/2026 7:30:12"
"C:\EAR_OS_V2\src\data\expertise.js",".js","2133","28/07/2026 8:51:41"
"C:\EAR_OS_V2\src\data\expertise.ts",".ts","2073","12/05/2026 16:01:04"
"C:\EAR_OS_V2\src\data\pricing.js",".js","983","28/07/2026 8:51:41"
"C:\EAR_OS_V2\src\data\pricing.ts",".ts","973","05/04/2026 7:30:12"
"C:\EAR_OS_V2\src\data\rentals.js",".js","6056","28/07/2026 8:51:41"
"C:\EAR_OS_V2\src\data\rentals.ts",".ts","5614","05/04/2026 7:30:12"
"C:\EAR_OS_V2\src\data\services.js",".js","2723","28/07/2026 8:51:41"
"C:\EAR_OS_V2\src\data\services.ts",".ts","2469","05/04/2026 7:30:12"
"C:\EAR_OS_V2\src\data\stats.js",".js","951","28/07/2026 8:51:41"
"C:\EAR_OS_V2\src\data\stats.ts",".ts","1085","05/04/2026 7:30:12"
"C:\EAR_OS_V2\src\data\weddings.js",".js","875","28/07/2026 8:51:41"
"C:\EAR_OS_V2\src\data\weddings.ts",".ts","817","05/04/2026 7:30:12"
"C:\EAR_OS_V2\src\data\artists\edwin-agudelo.js",".js","1076","28/07/2026 8:51:41"
"C:\EAR_OS_V2\src\data\artists\edwin-agudelo.ts",".ts","1034","26/07/2026 22:46:16"
"C:\EAR_OS_V2\src\entities\market\ui\ProductNodeCard.tsx",".tsx","5163","12/05/2026 19:22:30"
"C:\EAR_OS_V2\src\entities\portfolio\InstitutionalPortfolio.tsx",".tsx","9529","11/05/2026 18:17:29"
"C:\EAR_OS_V2\src\entities\user\UserSovereign.tsx",".tsx","3847","11/05/2026 17:26:45"
"C:\EAR_OS_V2\src\features\analytics\components\ClosingAnalytics.tsx",".tsx","3949","13/05/2026 20:22:47"
"C:\EAR_OS_V2\src\features\analytics\components\MarketplaceDashboard.tsx",".tsx","5103","13/05/2026 20:07:56"
"C:\EAR_OS_V2\src\features\artists\ui\EdwinAgudeloDossier.tsx",".tsx","29365","19/05/2026 22:13:41"
"C:\EAR_OS_V2\src\features\artists\ui\ManifestoSection.tsx",".tsx","4610","13/05/2026 7:58:48"
"C:\EAR_OS_V2\src\features\asset-vault\model\types.js",".js","11","28/07/2026 8:51:41"
"C:\EAR_OS_V2\src\features\asset-vault\model\types.ts",".ts","571","13/05/2026 10:05:12"
"C:\EAR_OS_V2\src\features\asset-vault\services\AuditLogger.js",".js","1447","28/07/2026 8:51:41"
"C:\EAR_OS_V2\src\features\asset-vault\services\AuditLogger.ts",".ts","1497","13/05/2026 10:10:01"
"C:\EAR_OS_V2\src\features\asset-vault\services\TelegramService.js",".js","850","28/07/2026 8:51:41"
"C:\EAR_OS_V2\src\features\asset-vault\services\TelegramService.ts",".ts","874","13/05/2026 10:09:49"
"C:\EAR_OS_V2\src\features\asset-vault\ui\AssetItem.tsx",".tsx","2777","13/05/2026 10:20:10"
"C:\EAR_OS_V2\src\features\asset-vault\ui\AssetVaultLayout.tsx",".tsx","3870","13/05/2026 10:06:02"
"C:\EAR_OS_V2\src\features\asset-vault\ui\EncryptedAudioPlayer.tsx",".tsx","3330","13/05/2026 10:05:35"
"C:\EAR_OS_V2\src\features\asset-vault\ui\LegalTrustShield.tsx",".tsx","1541","13/05/2026 10:05:25"
"C:\EAR_OS_V2\src\features\asset-vault\ui\MediaKitBento.tsx",".tsx","2391","13/05/2026 10:05:52"
"C:\EAR_OS_V2\src\features\discovery\CategoryRouter.tsx",".tsx","8047","15/05/2026 12:34:09"
"C:\EAR_OS_V2\src\features\finance\LedgerEngine.js",".js","2715","28/07/2026 8:51:41"
"C:\EAR_OS_V2\src\features\finance\LedgerEngine.ts",".ts","3075","15/05/2026 9:57:57"
"C:\EAR_OS_V2\src\features\finance\api\StripeConnectHandler.js",".js","1129","28/07/2026 8:51:41"
"C:\EAR_OS_V2\src\features\finance\api\StripeConnectHandler.ts",".ts","1503","11/05/2026 18:05:30"
"C:\EAR_OS_V2\src\features\finance\ui\BespokePricer.tsx",".tsx","10477","14/05/2026 13:09:48"
"C:\EAR_OS_V2\src\features\finance\ui\BespokePricerModal.tsx",".tsx","1741","11/05/2026 14:24:31"
"C:\EAR_OS_V2\src\features\finance\ui\MultiPricer.tsx",".tsx","16381","13/05/2026 21:52:23"
"C:\EAR_OS_V2\src\features\lead-capture\model\leadScoreCalculator.js",".js","879","28/07/2026 8:51:41"
"C:\EAR_OS_V2\src\features\lead-capture\model\leadScoreCalculator.ts",".ts","1079","13/05/2026 10:19:30"
"C:\EAR_OS_V2\src\features\lead-capture\ui\LeadCaptureMaster.tsx",".tsx","1058","13/05/2026 10:20:28"
"C:\EAR_OS_V2\src\features\marketing\hooks\useSovereignNurturing.js",".js","866","28/07/2026 8:51:41"
"C:\EAR_OS_V2\src\features\marketing\hooks\useSovereignNurturing.ts",".ts","803","13/05/2026 10:10:15"
"C:\EAR_OS_V2\src\features\marketing\services\SovereignLeadService.js",".js","1061","28/07/2026 8:51:41"
"C:\EAR_OS_V2\src\features\marketing\services\SovereignLeadService.ts",".ts","1259","13/05/2026 10:10:09"
"C:\EAR_OS_V2\src\features\marketing\ui\LeadCaptureOverlay.tsx",".tsx","6205","13/05/2026 10:20:24"
"C:\EAR_OS_V2\src\features\marketplace\AdditionalServices.tsx",".tsx","4323","11/05/2026 16:42:44"
"C:\EAR_OS_V2\src\features\search\NeuralFilters.tsx",".tsx","9786","12/05/2026 19:22:40"
"C:\EAR_OS_V2\src\features\spatial\GravityEngine.tsx",".tsx","5731","18/05/2026 20:54:25"
"C:\EAR_OS_V2\src\features\studio\components\AssetAnalyticsNASA.tsx",".tsx","3034","13/05/2026 11:16:04"
"C:\EAR_OS_V2\src\features\studio\hooks\useStudioProgress.js",".js","1394","28/07/2026 8:51:41"
"C:\EAR_OS_V2\src\features\studio\hooks\useStudioProgress.ts",".ts","1490","13/05/2026 20:23:02"
"C:\EAR_OS_V2\src\features\telemetry\TruthNuggets.tsx",".tsx","2239","13/05/2026 8:32:06"
"C:\EAR_OS_V2\src\features\tour-logistics\hooks\useTourTracking.js",".js","1763","28/07/2026 8:51:41"
"C:\EAR_OS_V2\src\features\tour-logistics\hooks\useTourTracking.ts",".ts","1860","13/05/2026 10:02:23"
"C:\EAR_OS_V2\src\features\tour-logistics\ui\LiveCommandCenter.tsx",".tsx","5772","13/05/2026 10:02:31"
"C:\EAR_OS_V2\src\features\tour-logistics\ui\TourCenterAdapter.tsx",".tsx","661","13/05/2026 10:01:17"
"C:\EAR_OS_V2\src\hooks\use-fleet-tracking.js",".js","2959","28/07/2026 8:51:41"
"C:\EAR_OS_V2\src\hooks\use-fleet-tracking.ts",".ts","3207","15/05/2026 21:59:28"
"C:\EAR_OS_V2\src\hooks\useShortlist.js",".js","1884","28/07/2026 8:51:41"
"C:\EAR_OS_V2\src\hooks\useShortlist.ts",".ts","1814","13/05/2026 21:36:15"
"C:\EAR_OS_V2\src\hooks\useStripe.tsx",".tsx","1070","04/05/2026 15:57:28"
"C:\EAR_OS_V2\src\hooks\useTripwire.js",".js","1908","28/07/2026 8:51:41"
"C:\EAR_OS_V2\src\hooks\useTripwire.ts",".ts","2052","05/05/2026 11:05:27"
"C:\EAR_OS_V2\src\infrastructure\docs\archive\.instructions.md",".md","6594","22/04/2026 13:24:57"
"C:\EAR_OS_V2\src\infrastructure\docs\archive\BLUEPRINT_SCLASS.md",".md","4791","04/05/2026 15:26:35"
"C:\EAR_OS_V2\src\infrastructure\docs\archive\build_error.log",".log","659262","06/05/2026 18:34:06"
"C:\EAR_OS_V2\src\infrastructure\docs\archive\build_full_v2.log",".log","98798","11/05/2026 11:30:45"
"C:\EAR_OS_V2\src\infrastructure\docs\archive\build_full_v3.log",".log","96748","11/05/2026 11:31:26"
"C:\EAR_OS_V2\src\infrastructure\docs\archive\build_full_v4.log",".log","95564","11/05/2026 11:33:46"
"C:\EAR_OS_V2\src\infrastructure\docs\archive\build_full.log",".log","98048","11/05/2026 11:30:24"
"C:\EAR_OS_V2\src\infrastructure\docs\archive\build_success_v1.log",".log","107816","11/05/2026 11:35:21"
"C:\EAR_OS_V2\src\infrastructure\docs\archive\build.log",".log","13246768","09/05/2026 8:22:03"
"C:\EAR_OS_V2\src\infrastructure\docs\archive\CONSOLIDACION_PASO_4.md",".md","2335","24/04/2026 11:11:43"
"C:\EAR_OS_V2\src\infrastructure\docs\archive\dev_logs.txt",".txt","44278","29/04/2026 19:52:14"
"C:\EAR_OS_V2\src\infrastructure\docs\archive\EAR_OS_MASTER_PROMPTS.md",".md","4001","05/05/2026 12:41:17"
"C:\EAR_OS_V2\src\infrastructure\docs\archive\EAR_OS_OMEGA_CODEX.md",".md","56349318","24/04/2026 13:25:56"
"C:\EAR_OS_V2\src\infrastructure\docs\archive\EVE_URLS_DESDE_BODAS.txt",".txt","1116","02/05/2026 15:51:58"
"C:\EAR_OS_V2\src\infrastructure\docs\archive\IMPERIO_MAPA_ESTRUCTURAL.md",".md","3782","29/04/2026 19:52:14"
"C:\EAR_OS_V2\src\infrastructure\docs\archive\IMPERIUM_OMEGA_ROADMAP.md",".md","9581","24/04/2026 13:40:06"
"C:\EAR_OS_V2\src\infrastructure\docs\archive\instrucciones_ejecucion.md",".md","1497","24/04/2026 13:20:21"
"C:\EAR_OS_V2\src\infrastructure\docs\archive\lint_final.log",".log","127182","11/05/2026 11:34:45"
"C:\EAR_OS_V2\src\infrastructure\docs\archive\lint_full.log",".log","127536","11/05/2026 11:34:26"
"C:\EAR_OS_V2\src\infrastructure\docs\archive\MANUAL_CLINE_RX7900_XTX.md",".md","48358","29/04/2026 19:48:40"
"C:\EAR_OS_V2\src\infrastructure\docs\archive\README_SOVEREIGN.md",".md","2306","19/04/2026 14:21:21"
"C:\EAR_OS_V2\src\infrastructure\docs\archive\reporte_forense_ear.txt",".txt","13082","03/05/2026 0:48:57"
"C:\EAR_OS_V2\src\infrastructure\docs\archive\SEGUIMIENTO_DE_MISION_V5.md",".md","1882","07/05/2026 18:15:59"
"C:\EAR_OS_V2\src\infrastructure\docs\archive\setup_sclass.ps1.txt",".txt","1898","20/04/2026 14:31:52"
"C:\EAR_OS_V2\src\infrastructure\docs\archive\TESTAMENTO_CLINE_V2.md",".md","1895","11/05/2026 14:13:12"
"C:\EAR_OS_V2\src\infrastructure\docs\archive\TESTAMENTO_CLINE.md",".md","6978","29/04/2026 19:48:40"
"C:\EAR_OS_V2\src\lib\antigravity.config.js",".js","131","28/07/2026 8:51:41"
"C:\EAR_OS_V2\src\lib\antigravity.config.ts",".ts","135","06/05/2026 18:44:06"
"C:\EAR_OS_V2\src\lib\api.js",".js","1816","28/07/2026 8:51:41"
"C:\EAR_OS_V2\src\lib\api.ts",".ts","2312","06/05/2026 21:25:25"
"C:\EAR_OS_V2\src\lib\astra-intelligence.js",".js","1411","28/07/2026 8:51:41"
"C:\EAR_OS_V2\src\lib\astra-intelligence.ts",".ts","631","28/07/2026 8:52:25"
"C:\EAR_OS_V2\src\lib\aura-wallet.js",".js","248","28/07/2026 8:51:41"
"C:\EAR_OS_V2\src\lib\aura-wallet.ts",".ts","1115","28/07/2026 8:53:08"
"C:\EAR_OS_V2\src\lib\AuthContext.tsx",".tsx","2662","11/05/2026 23:39:34"
"C:\EAR_OS_V2\src\lib\firebase.js",".js","993","28/07/2026 8:51:41"
"C:\EAR_OS_V2\src\lib\firebase.ts",".ts","1009","04/05/2026 15:57:29"
"C:\EAR_OS_V2\src\lib\fleet-api-contracts.js",".js","1432","28/07/2026 8:51:41"
"C:\EAR_OS_V2\src\lib\fleet-api-contracts.ts",".ts","1513","15/05/2026 17:20:18"
"C:\EAR_OS_V2\src\lib\generateJsonLd.js",".js","1810","28/07/2026 8:51:41"
"C:\EAR_OS_V2\src\lib\generateJsonLd.ts",".ts","1802","27/07/2026 19:04:08"
"C:\EAR_OS_V2\src\lib\hunter.js",".js","2521","28/07/2026 8:51:41"
"C:\EAR_OS_V2\src\lib\hunter.ts",".ts","3136","04/05/2026 15:57:29"
"C:\EAR_OS_V2\src\lib\index.d.ts",".ts","81","08/05/2026 1:21:52"
"C:\EAR_OS_V2\src\lib\index.js",".js","25","28/07/2026 8:51:41"
"C:\EAR_OS_V2\src\lib\index.ts",".ts","24","08/05/2026 9:16:26"
"C:\EAR_OS_V2\src\lib\logger.js",".js","815","28/07/2026 8:51:41"
"C:\EAR_OS_V2\src\lib\logger.ts",".ts","861","18/05/2026 17:25:45"
"C:\EAR_OS_V2\src\lib\payments.js",".js","2409","28/07/2026 8:51:41"
"C:\EAR_OS_V2\src\lib\payments.ts",".ts","2185","27/07/2026 14:26:41"
"C:\EAR_OS_V2\src\lib\paypal.js",".js","1794","28/07/2026 8:51:41"
"C:\EAR_OS_V2\src\lib\paypal.ts",".ts","1869","04/05/2026 15:57:29"
"C:\EAR_OS_V2\src\lib\pricing-engine.js",".js","369","28/07/2026 8:51:41"
"C:\EAR_OS_V2\src\lib\pricing-engine.ts",".ts","520","28/07/2026 8:50:24"
"C:\EAR_OS_V2\src\lib\prisma.js",".js","501","28/07/2026 8:51:41"
"C:\EAR_OS_V2\src\lib\prisma.ts",".ts","534","11/05/2026 13:50:13"
"C:\EAR_OS_V2\src\lib\routes.js",".js","851","28/07/2026 8:51:41"
"C:\EAR_OS_V2\src\lib\routes.ts",".ts","863","15/05/2026 12:12:05"
"C:\EAR_OS_V2\src\lib\skillsRegistry.js",".js","2559","28/07/2026 8:51:41"
"C:\EAR_OS_V2\src\lib\skillsRegistry.ts",".ts","2829","04/05/2026 15:57:29"
"C:\EAR_OS_V2\src\lib\telemetry.js",".js","231","28/07/2026 8:51:41"
"C:\EAR_OS_V2\src\lib\telemetry.ts",".ts","236","13/05/2026 19:51:16"
"C:\EAR_OS_V2\src\lib\utils.d.ts",".ts","85","08/05/2026 9:14:15"
"C:\EAR_OS_V2\src\lib\utils.ts",".ts","78","08/05/2026 9:10:13"
"C:\EAR_OS_V2\src\lib\utils.tsx",".tsx","91","08/05/2026 9:13:25"
"C:\EAR_OS_V2\src\lib\v.ps1",".ps1","344","29/04/2026 19:52:14"
"C:\EAR_OS_V2\src\lib\whatsapp.js",".js","2579","28/07/2026 8:51:41"
"C:\EAR_OS_V2\src\lib\whatsapp.ts",".ts","2721","18/05/2026 10:02:14"
"C:\EAR_OS_V2\src\lib\actions\booking-actions.js",".js","4690","28/07/2026 8:51:41"
"C:\EAR_OS_V2\src\lib\actions\booking-actions.ts",".ts","4244","15/05/2026 18:16:07"
"C:\EAR_OS_V2\src\lib\actions\claim-actions.js",".js","5880","28/07/2026 8:51:41"
"C:\EAR_OS_V2\src\lib\actions\claim-actions.ts",".ts","5053","18/05/2026 10:34:13"
"C:\EAR_OS_V2\src\lib\actions\fleet-actions.js",".js","3803","28/07/2026 8:51:41"
"C:\EAR_OS_V2\src\lib\actions\fleet-actions.ts",".ts","3326","15/05/2026 21:55:54"
"C:\EAR_OS_V2\src\lib\actions\seed-artists.js",".js","5336","28/07/2026 8:51:41"
"C:\EAR_OS_V2\src\lib\actions\seed-artists.ts",".ts","4675","19/05/2026 21:59:09"
"C:\EAR_OS_V2\src\lib\actions\seed-fleet.js",".js","2359","28/07/2026 8:51:41"
"C:\EAR_OS_V2\src\lib\actions\seed-fleet.ts",".ts","2019","15/05/2026 21:59:40"
"C:\EAR_OS_V2\src\lib\actions\stripe-checkout.js",".js","3305","28/07/2026 8:51:41"
"C:\EAR_OS_V2\src\lib\actions\stripe-checkout.ts",".ts","3004","17/05/2026 21:24:56"
"C:\EAR_OS_V2\src\lib\actions\telemetry-broadcaster.js",".js","1193","28/07/2026 8:51:41"
"C:\EAR_OS_V2\src\lib\actions\telemetry-broadcaster.ts",".ts","1169","15/05/2026 22:03:13"
"C:\EAR_OS_V2\src\lib\ai\astra\predictive-engine (2).js",".js","7895","28/07/2026 8:51:41"
"C:\EAR_OS_V2\src\lib\ai\astra\predictive-engine (2).ts",".ts","8079","18/05/2026 16:40:39"
"C:\EAR_OS_V2\src\lib\ai\astra\predictive-engine.js",".js","8224","28/07/2026 8:51:41"
"C:\EAR_OS_V2\src\lib\ai\astra\predictive-engine.ts",".ts","8270","18/05/2026 16:29:20"
"C:\EAR_OS_V2\src\lib\artists\audit.js",".js","327","28/07/2026 8:51:41"
"C:\EAR_OS_V2\src\lib\artists\audit.ts",".ts","601","17/05/2026 11:14:35"
"C:\EAR_OS_V2\src\lib\artists\claims.js",".js","530","28/07/2026 8:51:41"
"C:\EAR_OS_V2\src\lib\artists\claims.ts",".ts","633","17/05/2026 11:14:27"
"C:\EAR_OS_V2\src\lib\artists\matrix.js",".js","12092","28/07/2026 8:51:41"
"C:\EAR_OS_V2\src\lib\artists\matrix.ts",".ts","12052","19/05/2026 22:08:59"
"C:\EAR_OS_V2\src\lib\artists\navigation.js",".js","1888","28/07/2026 8:51:41"
"C:\EAR_OS_V2\src\lib\artists\navigation.ts",".ts","1882","17/05/2026 11:14:31"
"C:\EAR_OS_V2\src\lib\artists\permissions.js",".js","1724","28/07/2026 8:51:41"
"C:\EAR_OS_V2\src\lib\artists\permissions.ts",".ts","2060","17/05/2026 11:14:22"
"C:\EAR_OS_V2\src\lib\artists\routes.js",".js","1815","28/07/2026 8:51:41"
"C:\EAR_OS_V2\src\lib\artists\routes.ts",".ts","1977","17/05/2026 11:18:07"
"C:\EAR_OS_V2\src\lib\artists\schema.js",".js","6138","28/07/2026 8:51:41"
"C:\EAR_OS_V2\src\lib\artists\schema.ts",".ts","7222","17/05/2026 11:25:35"
"C:\EAR_OS_V2\src\lib\artists\seo.js",".js","1992","28/07/2026 8:51:41"
"C:\EAR_OS_V2\src\lib\artists\seo.ts",".ts","2023","17/05/2026 11:18:12"
"C:\EAR_OS_V2\src\lib\auth\permissions.js",".js","1352","28/07/2026 8:51:41"
"C:\EAR_OS_V2\src\lib\auth\permissions.ts",".ts","1630","18/05/2026 16:38:26"
"C:\EAR_OS_V2\src\lib\constants\occasions.js",".js","2784","28/07/2026 8:51:41"
"C:\EAR_OS_V2\src\lib\constants\occasions.ts",".ts","2933","13/05/2026 20:11:22"
"C:\EAR_OS_V2\src\lib\constants\SClassNexus.js",".js","4261","28/07/2026 8:51:41"
"C:\EAR_OS_V2\src\lib\constants\SClassNexus.ts",".ts","4082","04/05/2026 15:57:28"
"C:\EAR_OS_V2\src\lib\constants\seo-data.js",".js","6517","28/07/2026 8:51:41"
"C:\EAR_OS_V2\src\lib\constants\seo-data.ts",".ts","6349","26/07/2026 20:17:37"
"C:\EAR_OS_V2\src\lib\engines\VimumeEngine.js",".js","1916","28/07/2026 8:51:41"
"C:\EAR_OS_V2\src\lib\engines\VimumeEngine.ts",".ts","2105","04/05/2026 15:57:28"
"C:\EAR_OS_V2\src\lib\engines\weddingMatchEngine.js",".js","8740","28/07/2026 8:51:41"
"C:\EAR_OS_V2\src\lib\engines\weddingMatchEngine.ts",".ts","11793","04/05/2026 15:57:28"
"C:\EAR_OS_V2\src\lib\hooks\useBiometricIntent.js",".js","2077","28/07/2026 8:51:41"
"C:\EAR_OS_V2\src\lib\hooks\useBiometricIntent.ts",".ts","2159","12/05/2026 15:10:21"
"C:\EAR_OS_V2\src\lib\intelligence\ApalancamientoEngine.js",".js","394","28/07/2026 8:51:41"
"C:\EAR_OS_V2\src\lib\intelligence\ApalancamientoEngine.ts",".ts","371","04/05/2026 16:11:00"
"C:\EAR_OS_V2\src\lib\intelligence\EternalMemory.js",".js","14","28/07/2026 8:51:41"
"C:\EAR_OS_V2\src\lib\intelligence\EternalMemory.ts",".ts","0","28/07/2026 8:44:04"
"C:\EAR_OS_V2\src\lib\intelligence\opalEngine.js",".js","2890","28/07/2026 8:51:41"
"C:\EAR_OS_V2\src\lib\intelligence\opalEngine.ts",".ts","3072","04/05/2026 15:57:28"
"C:\EAR_OS_V2\src\lib\intelligence\washData.js",".js","1849","28/07/2026 8:51:41"
"C:\EAR_OS_V2\src\lib\intelligence\washData.ts",".ts","1876","04/05/2026 15:57:29"
"C:\EAR_OS_V2\src\lib\NUCLEO_DATA\bodas_clean.json",".json","56275167","28/11/2025 22:10:40"
"C:\EAR_OS_V2\src\lib\NUCLEO_DATA\bodas_full.json",".json","66783954","28/11/2025 16:42:54"
"C:\EAR_OS_V2\src\lib\NUCLEO_DATA\bot-detection.js",".js","462","28/07/2026 8:51:41"
"C:\EAR_OS_V2\src\lib\NUCLEO_DATA\bot-detection.ts",".ts","484","06/05/2026 21:26:16"
"C:\EAR_OS_V2\src\lib\NUCLEO_DATA\extractor_adn_bodas.py",".py","10218","23/02/2026 23:08:08"
"C:\EAR_OS_V2\src\lib\NUCLEO_DATA\fander_catalog_2026.json",".json","18733","17/02/2026 19:47:23"
"C:\EAR_OS_V2\src\lib\NUCLEO_DATA\fander_forensic_scraper.py",".py","4888","17/02/2026 19:46:06"
"C:\EAR_OS_V2\src\lib\NUCLEO_DATA\scrape_module.py",".py","44240","26/10/2025 18:08:10"
"C:\EAR_OS_V2\src\lib\NUCLEO_DATA\valibot.js",".js","5948","28/07/2026 8:51:41"
"C:\EAR_OS_V2\src\lib\NUCLEO_DATA\valibot.ts",".ts","47","29/07/2026 22:49:56"
"C:\EAR_OS_V2\src\lib\recovered\client-interceptors.js",".js","1033","28/07/2026 8:51:41"
"C:\EAR_OS_V2\src\lib\recovered\client-interceptors.ts",".ts","1091","04/05/2026 15:57:29"
"C:\EAR_OS_V2\src\lib\recovered\parseStripeProp.js",".js","833","28/07/2026 8:51:41"
"C:\EAR_OS_V2\src\lib\recovered\parseStripeProp.ts",".ts","916","04/05/2026 15:57:29"
"C:\EAR_OS_V2\src\lib\recovered\sendForm.js",".js","523","28/07/2026 8:51:41"
"C:\EAR_OS_V2\src\lib\recovered\sendForm.ts",".ts","547","04/05/2026 15:57:29"
"C:\EAR_OS_V2\src\lib\recovered\sendPost.js",".js","541","28/07/2026 8:51:41"
"C:\EAR_OS_V2\src\lib\recovered\sendPost.ts",".ts","559","04/05/2026 15:57:29"
"C:\EAR_OS_V2\src\lib\scripts\vampire-parser.js",".js","6732","28/07/2026 8:51:41"
"C:\EAR_OS_V2\src\lib\scripts\vampire-parser.ts",".ts","5809","18/05/2026 20:54:28"
"C:\EAR_OS_V2\src\lib\security\shield.js",".js","4621","28/07/2026 8:51:41"
"C:\EAR_OS_V2\src\lib\security\shield.ts",".ts","4881","26/07/2026 2:15:07"
"C:\EAR_OS_V2\src\lib\services\ai_enrich_arsenal.mjs",".mjs","8576","06/02/2026 20:35:19"
"C:\EAR_OS_V2\src\lib\services\auth_nexus.js",".js","2675","28/07/2026 8:51:41"
"C:\EAR_OS_V2\src\lib\services\auth_nexus.ts",".ts","2609","18/05/2026 20:54:31"
"C:\EAR_OS_V2\src\lib\services\backupReader.js",".js","3640","28/07/2026 8:51:41"
"C:\EAR_OS_V2\src\lib\services\backupReader.ts",".ts","4888","17/05/2026 20:51:46"
"C:\EAR_OS_V2\src\lib\services\categorize_arsenal.mjs",".mjs","5869","06/02/2026 20:29:40"
"C:\EAR_OS_V2\src\lib\services\check_bot.cjs",".cjs","822","07/02/2026 12:57:50"
"C:\EAR_OS_V2\src\lib\services\EmpireLoop.js",".js","5445","28/07/2026 8:51:41"
"C:\EAR_OS_V2\src\lib\services\EmpireLoop.ts",".ts","6031","04/05/2026 15:57:29"
"C:\EAR_OS_V2\src\lib\services\final_sim_notif.cjs",".cjs","3018","07/02/2026 18:31:09"
"C:\EAR_OS_V2\src\lib\services\ghost_hunter.js",".js","1903","28/07/2026 8:51:41"
"C:\EAR_OS_V2\src\lib\services\ghost_hunter.ts",".ts","2099","04/05/2026 15:57:29"
"C:\EAR_OS_V2\src\lib\services\hunter-io.js",".js","774","28/07/2026 8:51:41"
"C:\EAR_OS_V2\src\lib\services\hunter-io.ts",".ts","1014","07/05/2026 11:47:10"
"C:\EAR_OS_V2\src\lib\services\hybrid_enrich_arsenal.mjs",".mjs","10098","06/02/2026 20:36:14"
"C:\EAR_OS_V2\src\lib\services\nexus_payments.js",".js","2439","28/07/2026 8:51:41"
"C:\EAR_OS_V2\src\lib\services\nexus_payments.ts",".ts","2909","04/05/2026 15:57:29"
"C:\EAR_OS_V2\src\lib\services\ProfileService.js",".js","2008","28/07/2026 8:51:41"
"C:\EAR_OS_V2\src\lib\services\ProfileService.ts",".ts","2054","30/05/2026 9:15:01"
"C:\EAR_OS_V2\src\lib\services\simulate_lead_real.cjs",".cjs","1814","07/02/2026 11:59:42"
"C:\EAR_OS_V2\src\lib\services\telegram.js",".js","1169","28/07/2026 8:51:41"
"C:\EAR_OS_V2\src\lib\services\telegram.ts",".ts","1089","13/05/2026 21:52:36"
"C:\EAR_OS_V2\src\lib\services\test_token_final.cjs",".cjs","967","07/02/2026 13:00:05"
"C:\EAR_OS_V2\src\lib\services\test_whatsapp_tatico.cjs",".cjs","688","07/02/2026 18:06:19"
"C:\EAR_OS_V2\src\lib\services\unify_arsenal.mjs",".mjs","3044","06/02/2026 20:30:03"
"C:\EAR_OS_V2\src\lib\services\UserService.js",".js","1873","28/07/2026 8:51:41"
"C:\EAR_OS_V2\src\lib\services\UserService.ts",".ts","1683","18/05/2026 10:41:24"
"C:\EAR_OS_V2\src\lib\services\VampireService.js",".js","2293","28/07/2026 8:51:41"
"C:\EAR_OS_V2\src\lib\services\VampireService.ts",".ts","2450","04/05/2026 15:57:29"
"C:\EAR_OS_V2\src\lib\services\verify_telegram_v2.cjs",".cjs","1159","07/02/2026 12:57:21"
"C:\EAR_OS_V2\src\lib\services\verify_telegram.cjs",".cjs","1317","07/02/2026 12:56:44"
"C:\EAR_OS_V2\src\lib\services\webhook_dispatcher.js",".js","1606","28/07/2026 8:51:41"
"C:\EAR_OS_V2\src\lib\services\webhook_dispatcher.ts",".ts","1946","04/05/2026 15:57:29"
"C:\EAR_OS_V2\src\lib\services\ai\AstraService.js",".js","3701","28/07/2026 8:51:41"
"C:\EAR_OS_V2\src\lib\services\ai\AstraService.ts",".ts","3798","14/05/2026 12:48:59"
"C:\EAR_OS_V2\src\lib\services\comm\TelegramService.js",".js","1842","28/07/2026 8:51:41"
"C:\EAR_OS_V2\src\lib\services\comm\TelegramService.ts",".ts","1978","14/05/2026 12:49:08"
"C:\EAR_OS_V2\src\lib\services\geo\geocoder.js",".js","6269","28/07/2026 8:51:41"
"C:\EAR_OS_V2\src\lib\services\geo\geocoder.ts",".ts","6381","18/05/2026 11:12:11"
"C:\EAR_OS_V2\src\lib\services\leads\LeadRouter.js",".js","1934","28/07/2026 8:51:41"
"C:\EAR_OS_V2\src\lib\services\leads\LeadRouter.ts",".ts","1864","13/05/2026 20:14:32"
"C:\EAR_OS_V2\src\lib\services\pricing\geo-pricer.js",".js","2301","28/07/2026 8:51:41"
"C:\EAR_OS_V2\src\lib\services\pricing\geo-pricer.ts",".ts","2814","18/05/2026 11:12:15"
"C:\EAR_OS_V2\src\lib\services\rag\obsidianIngestor.js",".js","3762","28/07/2026 8:51:41"
"C:\EAR_OS_V2\src\lib\services\rag\obsidianIngestor.ts",".ts","3666","26/07/2026 2:14:02"
"C:\EAR_OS_V2\src\lib\services\scrapers\cazador_fantasma.js",".js","3074","28/07/2026 8:51:41"
"C:\EAR_OS_V2\src\lib\services\scrapers\cazador_fantasma.ts",".ts","3315","04/05/2026 15:57:29"
"C:\EAR_OS_V2\src\lib\services\scrapers\config_scraper.yaml",".yaml","858","07/02/2026 23:22:27"
"C:\EAR_OS_V2\src\lib\services\scrapers\debug_fander_links.py",".py","979","08/02/2026 9:51:23"
"C:\EAR_OS_V2\src\lib\services\scrapers\ear_mega_scraper_yolo.py",".py","10504","07/02/2026 22:59:13"
"C:\EAR_OS_V2\src\lib\services\scrapers\extract_deep.py",".py","3127","06/02/2026 8:32:32"
"C:\EAR_OS_V2\src\lib\services\scrapers\extract_providers.py",".py","4709","06/02/2026 7:54:32"
"C:\EAR_OS_V2\src\lib\services\scrapers\extractor.py",".py","5721","13/11/2025 11:34:09"
"C:\EAR_OS_V2\src\lib\services\scrapers\legacy_html_parser.py",".py","7818","08/02/2026 16:09:25"
"C:\EAR_OS_V2\src\lib\services\scrapers\mine_promotions.py",".py","3197","06/02/2026 8:03:42"
"C:\EAR_OS_V2\src\lib\services\scrapers\README_SCRAPER.md",".md","1510","06/02/2026 8:56:29"
"C:\EAR_OS_V2\src\lib\services\scrapers\requirements_scraper.txt",".txt","66","06/02/2026 8:55:56"
"C:\EAR_OS_V2\src\lib\services\scrapers\substack_scraper.py",".py","7494","23/12/2025 21:19:34"
"C:\EAR_OS_V2\src\lib\supabase\client.js",".js","434","28/07/2026 8:51:41"
"C:\EAR_OS_V2\src\lib\supabase\client.ts",".ts","423","13/05/2026 20:30:58"
"C:\EAR_OS_V2\src\lib\supabase\server.js",".js","463","28/07/2026 8:51:41"
"C:\EAR_OS_V2\src\lib\supabase\server.ts",".ts","452","13/05/2026 20:30:52"
"C:\EAR_OS_V2\src\lib\utils\AstraCore.js",".js","3951","28/07/2026 8:51:41"
"C:\EAR_OS_V2\src\lib\utils\AstraCore.ts",".ts","4141","07/05/2026 12:46:32"
"C:\EAR_OS_V2\src\modules\Nexus\LogisticsDashboard.tsx",".tsx","10898","12/05/2026 1:13:39"
"C:\EAR_OS_V2\src\modules\SClassScreens\AllianceNetwork.tsx",".tsx","10443","06/05/2026 21:29:14"
"C:\EAR_OS_V2\src\modules\SClassScreens\AstraNeuralTwin.tsx",".tsx","7159","06/05/2026 21:29:14"
"C:\EAR_OS_V2\src\modules\SClassScreens\AstraSingleVoice.tsx",".tsx","2584","06/05/2026 21:29:14"
"C:\EAR_OS_V2\src\modules\SClassScreens\AutonomousOrchestrator.tsx",".tsx","9079","06/05/2026 21:29:14"
"C:\EAR_OS_V2\src\modules\SClassScreens\ConfiguradorBespoke.tsx",".tsx","6030","06/05/2026 21:29:14"
"C:\EAR_OS_V2\src\modules\SClassScreens\DemandEngine.tsx",".tsx","11334","14/05/2026 13:09:26"
"C:\EAR_OS_V2\src\modules\SClassScreens\EarCommandCenter.tsx",".tsx","4357","27/07/2026 20:33:33"
"C:\EAR_OS_V2\src\modules\SClassScreens\ExpansionDashboard.tsx",".tsx","5409","06/05/2026 21:29:14"
"C:\EAR_OS_V2\src\modules\SClassScreens\FenixCommandCenter.tsx",".tsx","6469","06/05/2026 21:29:14"
"C:\EAR_OS_V2\src\modules\SClassScreens\FenixV2Dashboard.tsx",".tsx","10592","06/05/2026 21:29:14"
"C:\EAR_OS_V2\src\modules\SClassScreens\FleetTracker.tsx",".tsx","3702","06/05/2026 21:29:14"
"C:\EAR_OS_V2\src\modules\SClassScreens\ShieldTracker.tsx",".tsx","4964","06/05/2026 21:29:14"
"C:\EAR_OS_V2\src\modules\SClassScreens\SovereignLogin.tsx",".tsx","16520","15/05/2026 9:34:56"
"C:\EAR_OS_V2\src\modules\SClassScreens\SovereignRegister.tsx",".tsx","565","26/07/2026 2:17:18"
"C:\EAR_OS_V2\src\modules\SClassScreens\VimumeVertical.tsx",".tsx","3360","06/05/2026 21:29:14"
"C:\EAR_OS_V2\src\modules\SClassScreens\components\AstraKPIPanel.tsx",".tsx","5705","06/05/2026 21:29:14"
"C:\EAR_OS_V2\src\modules\SClassScreens\components\BucleAprendizaje.tsx",".tsx","2790","11/05/2026 11:31:56"
"C:\EAR_OS_V2\src\modules\SClassScreens\components\FenixConsole.tsx",".tsx","3336","06/05/2026 21:29:14"
"C:\EAR_OS_V2\src\modules\SClassScreens\components\MotorTactico.tsx",".tsx","1133","06/05/2026 21:29:14"
"C:\EAR_OS_V2\src\modules\SClassScreens\components\SClassUI.tsx",".tsx","4211","06/05/2026 21:29:14"
"C:\EAR_OS_V2\src\modules\SClassScreens\components\SimuladorEscenarios.tsx",".tsx","1441","06/05/2026 21:29:14"
"C:\EAR_OS_V2\src\modules\SClassScreens\components\SovereignSkeleton.tsx",".tsx","1825","06/05/2026 21:29:14"
"C:\EAR_OS_V2\src\modules\SClassScreens\components\VimumeDashboard.tsx",".tsx","10554","06/05/2026 21:29:14"
"C:\EAR_OS_V2\src\modules\SClassScreens\components\VimumeNavigator.tsx",".tsx","5111","06/05/2026 21:29:14"
"C:\EAR_OS_V2\src\modules\SClassScreens\panels\AcademyPanel.tsx",".tsx","7373","06/05/2026 21:29:14"
"C:\EAR_OS_V2\src\modules\SClassScreens\panels\AffiliatesPanel.tsx",".tsx","9011","06/05/2026 21:29:14"
"C:\EAR_OS_V2\src\modules\SClassScreens\panels\AgencyPortalPanel.tsx",".tsx","12299","06/05/2026 21:29:14"
"C:\EAR_OS_V2\src\modules\SClassScreens\panels\ArtistHubPanel.tsx",".tsx","8744","06/05/2026 21:29:14"
"C:\EAR_OS_V2\src\modules\SClassScreens\panels\AstraNeuralBrain.tsx",".tsx","11600","06/05/2026 21:29:14"
"C:\EAR_OS_V2\src\modules\SClassScreens\panels\AstraNeuralTwinPanel.tsx",".tsx","10561","06/05/2026 21:29:14"
"C:\EAR_OS_V2\src\modules\SClassScreens\panels\BriefingPanel.tsx",".tsx","141","06/05/2026 21:29:14"
"C:\EAR_OS_V2\src\modules\SClassScreens\panels\CRMPanel.tsx",".tsx","7156","06/05/2026 21:29:14"
"C:\EAR_OS_V2\src\modules\SClassScreens\panels\CROPanel.tsx",".tsx","5536","06/05/2026 21:29:14"
"C:\EAR_OS_V2\src\modules\SClassScreens\panels\DispatchPanel.tsx",".tsx","4162","06/05/2026 21:29:14"
"C:\EAR_OS_V2\src\modules\SClassScreens\panels\FinancialPanel.tsx",".tsx","15988","14/05/2026 12:49:27"
"C:\EAR_OS_V2\src\modules\SClassScreens\panels\FinancialSimulatorPanel.tsx",".tsx","11269","06/05/2026 21:29:14"
"C:\EAR_OS_V2\src\modules\SClassScreens\panels\ForensicScanner.tsx",".tsx","13074","11/05/2026 11:33:04"
"C:\EAR_OS_V2\src\modules\SClassScreens\panels\GrowthPulsePanel.tsx",".tsx","8365","06/05/2026 21:29:14"
"C:\EAR_OS_V2\src\modules\SClassScreens\panels\HermesTrackerPanel.tsx",".tsx","13694","06/05/2026 21:29:14"
"C:\EAR_OS_V2\src\modules\SClassScreens\panels\HunterPanel.tsx",".tsx","12453","06/05/2026 21:29:14"
"C:\EAR_OS_V2\src\modules\SClassScreens\panels\InfrastructurePanel.tsx",".tsx","9793","06/05/2026 21:29:14"
"C:\EAR_OS_V2\src\modules\SClassScreens\panels\InstitucionalPanel.tsx",".tsx","8878","15/05/2026 12:35:08"
"C:\EAR_OS_V2\src\modules\SClassScreens\panels\MarketPanel.tsx",".tsx","8625","06/05/2026 21:29:14"
"C:\EAR_OS_V2\src\modules\SClassScreens\panels\OmegaCockpitPanel.tsx",".tsx","15313","06/05/2026 21:29:14"
"C:\EAR_OS_V2\src\modules\SClassScreens\panels\OmnibusTracker.tsx",".tsx","17546","11/05/2026 11:32:59"
"C:\EAR_OS_V2\src\modules\SClassScreens\panels\OmnibusVertical.tsx",".tsx","4141","18/05/2026 12:24:59"
"C:\EAR_OS_V2\src\modules\SClassScreens\panels\RoadmapPanel.tsx",".tsx","9030","15/05/2026 12:35:15"
"C:\EAR_OS_V2\src\modules\SClassScreens\panels\SecurityTrackerPanel.tsx",".tsx","155","06/05/2026 21:29:14"
"C:\EAR_OS_V2\src\modules\SClassScreens\panels\StitchConsole.tsx",".tsx","10707","06/05/2026 21:29:14"
"C:\EAR_OS_V2\src\modules\SClassScreens\panels\TacticalArsenalPanel.tsx",".tsx","155","06/05/2026 21:29:14"
"C:\EAR_OS_V2\src\modules\SClassScreens\panels\TacticalConsolidated.tsx",".tsx","8377","06/05/2026 21:29:14"
"C:\EAR_OS_V2\src\modules\SClassScreens\panels\ToolkitPanel.tsx",".tsx","139","06/05/2026 21:29:14"
"C:\EAR_OS_V2\src\modules\SClassScreens\panels\UrlIndexPanel.tsx",".tsx","6101","15/05/2026 12:35:22"
"C:\EAR_OS_V2\src\modules\SClassScreens\panels\VampirePanel.tsx",".tsx","10727","06/05/2026 21:29:14"
"C:\EAR_OS_V2\src\modules\SClassScreens\panels\VenuesB2BPanel.tsx",".tsx","6383","06/05/2026 21:29:14"
"C:\EAR_OS_V2\src\modules\SClassScreens\panels\VimumeAtlas.tsx",".tsx","6332","06/05/2026 21:29:14"
"C:\EAR_OS_V2\src\modules\SClassScreens\panels\VimumeCorePanel.tsx",".tsx","13011","06/05/2026 21:29:14"
"C:\EAR_OS_V2\src\modules\SClassScreens\panels\VimumeDashboard.tsx",".tsx","17262","17/05/2026 10:23:07"
"C:\EAR_OS_V2\src\modules\SClassScreens\panels\VimumeLegacy.tsx",".tsx","7760","11/05/2026 11:33:08"
"C:\EAR_OS_V2\src\modules\SClassScreens\panels\VimumeProjectsPanel.tsx",".tsx","8585","06/05/2026 21:29:14"
"C:\EAR_OS_V2\src\modules\SClassScreens\panels\VimumeSocial.tsx",".tsx","17738","14/05/2026 13:40:47"
"C:\EAR_OS_V2\src\modules\SClassScreens\panels\VimumeTrackerPanel.tsx",".tsx","29903","11/05/2026 11:33:13"
"C:\EAR_OS_V2\src\modules\SClassScreens\panels\VimumeVertical.tsx",".tsx","4360","06/05/2026 21:29:14"
"C:\EAR_OS_V2\src\modules\SClassScreens\panels\WeddingDashboardPanel.tsx",".tsx","10519","06/05/2026 21:29:14"
"C:\EAR_OS_V2\src\scripts\batch_nexus_link.js",".js","3125","28/07/2026 8:51:42"
"C:\EAR_OS_V2\src\scripts\batch_nexus_link.ts",".ts","2871","06/05/2026 18:45:54"
"C:\EAR_OS_V2\src\scripts\e2e_swarm_checkout.js",".js","983","28/07/2026 8:51:42"
"C:\EAR_OS_V2\src\scripts\e2e_swarm_checkout.ts",".ts","928","07/05/2026 11:41:27"
"C:\EAR_OS_V2\src\scripts\phantomIngestor.js",".js","4041","28/07/2026 8:51:42"
"C:\EAR_OS_V2\src\scripts\phantomIngestor.ts",".ts","4026","15/05/2026 17:20:53"
"C:\EAR_OS_V2\src\scripts\phantomScraper.js",".js","2659","28/07/2026 8:51:42"
"C:\EAR_OS_V2\src\scripts\phantomScraper.ts",".ts","2478","06/05/2026 18:27:10"
"C:\EAR_OS_V2\src\scripts\vampire-runner.js",".js","704","28/07/2026 8:51:42"
"C:\EAR_OS_V2\src\scripts\vampire-runner.ts",".ts","654","18/05/2026 10:31:06"
"C:\EAR_OS_V2\src\services\earOpsService.js",".js","5122","28/07/2026 8:51:42"
"C:\EAR_OS_V2\src\services\earOpsService.ts",".ts","6259","04/05/2026 15:57:29"
"C:\EAR_OS_V2\src\services\EmpireLoop.js",".js","2054","28/07/2026 8:51:42"
"C:\EAR_OS_V2\src\services\EmpireLoop.ts",".ts","2375","04/05/2026 15:57:29"
"C:\EAR_OS_V2\src\services\marketplace\MarketplaceFeedbackService.js",".js","1736","28/07/2026 8:51:42"
"C:\EAR_OS_V2\src\services\marketplace\MarketplaceFeedbackService.ts",".ts","1820","13/05/2026 20:07:43"
"C:\EAR_OS_V2\src\services\telemetry\SovereignIntentService.js",".js","1290","28/07/2026 8:51:42"
"C:\EAR_OS_V2\src\services\telemetry\SovereignIntentService.ts",".ts","1369","11/05/2026 22:27:27"
"C:\EAR_OS_V2\src\shared\assets\manifest.json",".json","937","13/05/2026 7:48:58"
"C:\EAR_OS_V2\src\shared\context\SovereignContext.tsx",".tsx","3187","12/05/2026 19:21:56"
"C:\EAR_OS_V2\src\shared\context\sovereignDecisionEngine.js",".js","1827","28/07/2026 8:51:42"
"C:\EAR_OS_V2\src\shared\context\sovereignDecisionEngine.ts",".ts","1931","12/05/2026 22:05:26"
"C:\EAR_OS_V2\src\shared\context\types.js",".js","381","28/07/2026 8:51:42"
"C:\EAR_OS_V2\src\shared\context\types.ts",".ts","1000","12/05/2026 22:05:33"
"C:\EAR_OS_V2\src\shared\hooks\useSovereignRole.js",".js","2107","28/07/2026 8:51:42"
"C:\EAR_OS_V2\src\shared\hooks\useSovereignRole.ts",".ts","2048","15/05/2026 9:57:52"
"C:\EAR_OS_V2\src\shared\utils\templateEngine.js",".js","3857","28/07/2026 8:51:42"
"C:\EAR_OS_V2\src\shared\utils\templateEngine.ts",".ts","3685","14/05/2026 13:08:35"
"C:\EAR_OS_V2\src\shared\utils\webhookSender.js",".js","1158","28/07/2026 8:51:42"
"C:\EAR_OS_V2\src\shared\utils\webhookSender.ts",".ts","1173","13/05/2026 10:19:37"
"C:\EAR_OS_V2\src\store\useEarStore.js",".js","1158","28/07/2026 8:51:41"
"C:\EAR_OS_V2\src\store\useEarStore.ts",".ts","1648","27/07/2026 20:35:03"
"C:\EAR_OS_V2\src\stores\useCalculatorStore.js",".js","2165","28/07/2026 8:51:42"
"C:\EAR_OS_V2\src\stores\useCalculatorStore.ts",".ts","2741","07/05/2026 16:34:32"
"C:\EAR_OS_V2\src\stores\useEmpireStore.js",".js","1300","28/07/2026 8:51:42"
"C:\EAR_OS_V2\src\stores\useEmpireStore.ts",".ts","2050","04/05/2026 15:57:29"
"C:\EAR_OS_V2\src\styles\globals.css",".css","2970","15/05/2026 22:09:21"
"C:\EAR_OS_V2\src\types\css.d.ts",".ts","208","05/05/2026 11:59:25"
"C:\EAR_OS_V2\src\types\database.js",".js","144","28/07/2026 8:51:42"
"C:\EAR_OS_V2\src\types\database.ts",".ts","1277","13/05/2026 22:43:12"
"C:\EAR_OS_V2\src\types\dossier.js",".js","68","28/07/2026 8:51:42"
"C:\EAR_OS_V2\src\types\dossier.ts",".ts","905","13/05/2026 20:17:37"
"C:\EAR_OS_V2\src\types\marketplace.js",".js","73","28/07/2026 8:51:42"
"C:\EAR_OS_V2\src\types\marketplace.ts",".ts","1036","13/05/2026 20:22:41"
"C:\EAR_OS_V2\src\types\paypal.d.ts",".ts","699","04/05/2026 15:57:29"
"C:\EAR_OS_V2\src\types\three-jsx.d.ts",".ts","150","12/05/2026 21:50:04"
"C:\EAR_OS_V2\src\widgets\about\AboutWidget.tsx",".tsx","9626","14/05/2026 13:11:14"
"C:\EAR_OS_V2\src\widgets\about\SocialImpactWidget.tsx",".tsx","6013","11/05/2026 13:40:40"
"C:\EAR_OS_V2\src\widgets\footer\Footer.tsx",".tsx","8262","15/05/2026 9:35:01"
"C:\EAR_OS_V2\src\widgets\navbar\Navbar.tsx",".tsx","4657","14/05/2026 13:10:33"
"C:\EAR_OS_V2\src\widgets\navigation\PredatorNav.tsx",".tsx","9989","14/05/2026 13:10:15"
"C:\EAR_OS_V2\src\widgets\navigation\SovereignNav.tsx",".tsx","7410","14/05/2026 13:10:09"
"C:\EAR_OS_V2\supabase\.gitignore",".gitignore","72","08/05/2026 8:51:25"
"C:\EAR_OS_V2\supabase\config.toml",".toml","15020","08/05/2026 8:51:25"
"C:\EAR_OS_V2\supabase\.temp\cli-latest","","7","08/05/2026 8:51:15"
"C:\EAR_OS_V2\supabase\migrations\20260424000000_hunter_rag_schema.sql",".sql","2169","24/04/2026 10:18:37"
"C:\EAR_OS_V2\supabase\migrations\20260513194500_planner_os_sovereignty.sql",".sql","9954","13/05/2026 19:45:43"
"C:\EAR_OS_V2\supabase\migrations\20260513201000_marketplace_telemetry.sql",".sql","1736","13/05/2026 20:07:30"
"C:\EAR_OS_V2\supabase\migrations\20260513204000_dossier_routing.sql",".sql","1684","13/05/2026 20:14:39"
"C:\EAR_OS_V2\supabase\migrations\20260513205000_auto_healing.sql",".sql","1581","13/05/2026 20:21:12"
"C:\EAR_OS_V2\sync_nexus\STITCH_DIRECTIVE_01.md",".md","1993","29/04/2026 19:48:40"
"C:\EAR_OS_V2\sync_nexus\STITCH_DIRECTIVE_02_VIMUME.md",".md","2609","29/04/2026 19:48:40"
"C:\EAR_OS_V2\_auditoria\baseline_build.md",".md","912","30/07/2026 17:17:49"
"C:\EAR_OS_V2\_auditoria\run_auditoria.ps1",".ps1","8307","31/07/2026 12:01:48"
"C:\EAR_OS_V2\_auditoria\legacy_scripts_no_ejecutarFIX_EAR_OS.bat\FIX_EAR_OS.bat",".bat","1419","21/04/2026 22:55:42"
