"FullName","DirectoryName","Length","LastWriteTime"
"H:\EAR_OS_V2\EAR_OS_V2\README.md","H:\EAR_OS_V2\EAR_OS_V2","880","11/05/2026 16:43:09"
"H:\EAR_OS_V2\EAR_OS_V2\01_SSOT_Y_KERNELS\CLINE_OMEGA_KERNEL.md","H:\EAR_OS_V2\EAR_OS_V2\01_SSOT_Y_KERNELS","7665","18/05/2026 17:45:51"
"H:\EAR_OS_V2\EAR_OS_V2\01_SSOT_Y_KERNELS\DATABASE_URL_CORRECTION_RUNBOOK.md","H:\EAR_OS_V2\EAR_OS_V2\01_SSOT_Y_KERNELS","5561","19/05/2026 17:23:02"
"H:\EAR_OS_V2\EAR_OS_V2\01_SSOT_Y_KERNELS\EAR_OS_STRATEGIC_ORCHESTRATOR_PLAN.md","H:\EAR_OS_V2\EAR_OS_V2\01_SSOT_Y_KERNELS","2355","30/07/2026 12:57:52"
"H:\EAR_OS_V2\EAR_OS_V2\02_ARQUITECTURA_Y_MATRICES\01_MOC_FINANZAS_Y_STRIPE.md","H:\EAR_OS_V2\EAR_OS_V2\02_ARQUITECTURA_Y_MATRICES","254","19/05/2026 16:36:23"
"H:\EAR_OS_V2\EAR_OS_V2\02_ARQUITECTURA_Y_MATRICES\02_MOC_LOGISTICA_FLEET.md","H:\EAR_OS_V2\EAR_OS_V2\02_ARQUITECTURA_Y_MATRICES","234","19/05/2026 16:36:25"
"H:\EAR_OS_V2\EAR_OS_V2\auditoria\arquitectura-objetivo.md","H:\EAR_OS_V2\EAR_OS_V2\auditoria","543","08/08/2026 19:43:59"
"H:\EAR_OS_V2\EAR_OS_V2\auditoria\baseline-build.md","H:\EAR_OS_V2\EAR_OS_V2\auditoria","695","08/08/2026 19:43:59"
"H:\EAR_OS_V2\EAR_OS_V2\auditoria\catalogo-stitch.md","H:\EAR_OS_V2\EAR_OS_V2\auditoria","630","08/08/2026 19:43:59"
"H:\EAR_OS_V2\EAR_OS_V2\auditoria\customer-journeys.md","H:\EAR_OS_V2\EAR_OS_V2\auditoria","563","08/08/2026 19:43:59"
"H:\EAR_OS_V2\EAR_OS_V2\auditoria\diff-C-vs-H.md","H:\EAR_OS_V2\EAR_OS_V2\auditoria","659","08/08/2026 19:43:59"
"H:\EAR_OS_V2\EAR_OS_V2\auditoria\inventario-resumen.md","H:\EAR_OS_V2\EAR_OS_V2\auditoria","867","08/08/2026 19:43:59"
"H:\EAR_OS_V2\EAR_OS_V2\auditoria\mapa-funciones.md","H:\EAR_OS_V2\EAR_OS_V2\auditoria","1263","08/08/2026 19:43:59"
"H:\EAR_OS_V2\EAR_OS_V2\auditoria\mapa-rutas-vivas-vs-rotas.md","H:\EAR_OS_V2\EAR_OS_V2\auditoria","490","08/08/2026 19:43:59"
"H:\EAR_OS_V2\EAR_OS_V2\auditoria\plan-consolidacion.md","H:\EAR_OS_V2\EAR_OS_V2\auditoria","841","08/08/2026 19:43:59"
"H:\EAR_OS_V2\EAR_OS_V2\auditoria_32b\00_estado_inicial.md","H:\EAR_OS_V2\EAR_OS_V2\auditoria_32b","1306","03/08/2026 17:19:59"
"H:\EAR_OS_V2\EAR_OS_V2\auditoria_32b\01_mapa_proyecto.md","H:\EAR_OS_V2\EAR_OS_V2\auditoria_32b","64505","03/08/2026 17:22:46"
"H:\EAR_OS_V2\EAR_OS_V2\auditoria_32b\02_riesgos_y_bloqueos.md","H:\EAR_OS_V2\EAR_OS_V2\auditoria_32b","25555","03/08/2026 17:27:51"
"H:\EAR_OS_V2\EAR_OS_V2\auditoria_32b\03_plan_accion_minimo.md","H:\EAR_OS_V2\EAR_OS_V2\auditoria_32b","28080","03/08/2026 17:29:42"
"H:\EAR_OS_V2\EAR_OS_V2\auditoria_32b\04_contrato_delegacion.md","H:\EAR_OS_V2\EAR_OS_V2\auditoria_32b","1269","03/08/2026 17:32:14"
"H:\EAR_OS_V2\EAR_OS_V2\auditoria_auth_matriz\BACKLOG_PROACTIVO_AUTH.md","H:\EAR_OS_V2\EAR_OS_V2\auditoria_auth_matriz","21196","03/08/2026 17:44:04"
"H:\EAR_OS_V2\EAR_OS_V2\auditoria_auth_matriz\BLOQUEOS_RELEASE_AUTH.md","H:\EAR_OS_V2\EAR_OS_V2\auditoria_auth_matriz","726","03/08/2026 18:14:42"
"H:\EAR_OS_V2\EAR_OS_V2\auditoria_auth_matriz\DECISION_P0_01_ADMIN_DEMAND_MAP.md","H:\EAR_OS_V2\EAR_OS_V2\auditoria_auth_matriz","766","03/08/2026 17:47:43"
"H:\EAR_OS_V2\EAR_OS_V2\auditoria_auth_matriz\DECISION_P0_03_PAYMENTS_WEBHOOK.md","H:\EAR_OS_V2\EAR_OS_V2\auditoria_auth_matriz","726","03/08/2026 18:10:29"
"H:\EAR_OS_V2\EAR_OS_V2\auditoria_auth_matriz\matriz_rutas_auth.md","H:\EAR_OS_V2\EAR_OS_V2\auditoria_auth_matriz","21009","03/08/2026 17:36:22"
"H:\EAR_OS_V2\EAR_OS_V2\auditoria_auth_matriz\PANEL_PARA_TI.md","H:\EAR_OS_V2\EAR_OS_V2\auditoria_auth_matriz","2273","03/08/2026 18:15:49"
"H:\EAR_OS_V2\EAR_OS_V2\auditoria_auth_matriz\RESUMEN_PARA_TI.md","H:\EAR_OS_V2\EAR_OS_V2\auditoria_auth_matriz","3576","03/08/2026 17:44:04"
"H:\EAR_OS_V2\EAR_OS_V2\auditoria_auth_matriz\REVISION_P0_01_ADMIN_DEMAND_MAP.md","H:\EAR_OS_V2\EAR_OS_V2\auditoria_auth_matriz","822","03/08/2026 17:46:31"
"H:\EAR_OS_V2\EAR_OS_V2\auditoria_auth_matriz\REVISION_P0_02_PAYMENTS_LIQUIDATE.md","H:\EAR_OS_V2\EAR_OS_V2\auditoria_auth_matriz","767","03/08/2026 17:53:28"
"H:\EAR_OS_V2\EAR_OS_V2\auditoria_auth_matriz\REVISION_P0_03_PAYMENTS_WEBHOOK.md","H:\EAR_OS_V2\EAR_OS_V2\auditoria_auth_matriz","798","03/08/2026 18:07:55"
"H:\EAR_OS_V2\EAR_OS_V2\auditoria_auth_matriz\TAREA_P0_AUTH_ADMIN_DEMAND_MAP.md","H:\EAR_OS_V2\EAR_OS_V2\auditoria_auth_matriz","1269","03/08/2026 17:50:55"
"H:\EAR_OS_V2\EAR_OS_V2\auditoria_auth_matriz\TAREA_P0_AUTH_PAYMENTS_LIQUIDATE.md","H:\EAR_OS_V2\EAR_OS_V2\auditoria_auth_matriz","1606","03/08/2026 18:06:49"
"H:\EAR_OS_V2\EAR_OS_V2\auditoria_auth_matriz\TAREA_P0_AUTH_PAYMENTS_WEBHOOK.md","H:\EAR_OS_V2\EAR_OS_V2\auditoria_auth_matriz","1536","03/08/2026 18:14:42"
"H:\EAR_OS_V2\EAR_OS_V2\BASE_DE_CONOCIMIENTO\archive\legacy_brain_dump\EAR_OS_MAESTRO_PROMPTS_PARTE_1.md","H:\EAR_OS_V2\EAR_OS_V2\BASE_DE_CONOCIMIENTO\archive\legacy_brain_dump","879385","05/05/2026 15:57:53"
"H:\EAR_OS_V2\EAR_OS_V2\BASE_DE_CONOCIMIENTO\archive\legacy_brain_dump\EAR_OS_MAESTRO_PROMPTS_PARTE_10.md","H:\EAR_OS_V2\EAR_OS_V2\BASE_DE_CONOCIMIENTO\archive\legacy_brain_dump","4684481","05/05/2026 15:57:56"
"H:\EAR_OS_V2\EAR_OS_V2\BASE_DE_CONOCIMIENTO\archive\legacy_brain_dump\EAR_OS_MAESTRO_PROMPTS_PARTE_100.md","H:\EAR_OS_V2\EAR_OS_V2\BASE_DE_CONOCIMIENTO\archive\legacy_brain_dump","3307265","05/05/2026 15:58:30"
"H:\EAR_OS_V2\EAR_OS_V2\BASE_DE_CONOCIMIENTO\archive\legacy_brain_dump\EAR_OS_MAESTRO_PROMPTS_PARTE_101.md","H:\EAR_OS_V2\EAR_OS_V2\BASE_DE_CONOCIMIENTO\archive\legacy_brain_dump","3307271","05/05/2026 15:58:30"
"H:\EAR_OS_V2\EAR_OS_V2\BASE_DE_CONOCIMIENTO\archive\legacy_brain_dump\EAR_OS_MAESTRO_PROMPTS_PARTE_102.md","H:\EAR_OS_V2\EAR_OS_V2\BASE_DE_CONOCIMIENTO\archive\legacy_brain_dump","831380","05/05/2026 15:58:30"
"H:\EAR_OS_V2\EAR_OS_V2\BASE_DE_CONOCIMIENTO\archive\legacy_brain_dump\EAR_OS_MAESTRO_PROMPTS_PARTE_103.md","H:\EAR_OS_V2\EAR_OS_V2\BASE_DE_CONOCIMIENTO\archive\legacy_brain_dump","825981","05/05/2026 15:58:30"
"H:\EAR_OS_V2\EAR_OS_V2\BASE_DE_CONOCIMIENTO\archive\legacy_brain_dump\EAR_OS_MAESTRO_PROMPTS_PARTE_104.md","H:\EAR_OS_V2\EAR_OS_V2\BASE_DE_CONOCIMIENTO\archive\legacy_brain_dump","1923538","05/05/2026 15:58:30"
"H:\EAR_OS_V2\EAR_OS_V2\BASE_DE_CONOCIMIENTO\archive\legacy_brain_dump\EAR_OS_MAESTRO_PROMPTS_PARTE_105.md","H:\EAR_OS_V2\EAR_OS_V2\BASE_DE_CONOCIMIENTO\archive\legacy_brain_dump","155688","05/05/2026 15:58:31"
"H:\EAR_OS_V2\EAR_OS_V2\BASE_DE_CONOCIMIENTO\archive\legacy_brain_dump\EAR_OS_MAESTRO_PROMPTS_PARTE_107.md","H:\EAR_OS_V2\EAR_OS_V2\BASE_DE_CONOCIMIENTO\archive\legacy_brain_dump","361736","05/05/2026 15:58:32"
"H:\EAR_OS_V2\EAR_OS_V2\BASE_DE_CONOCIMIENTO\archive\legacy_brain_dump\EAR_OS_MAESTRO_PROMPTS_PARTE_108.md","H:\EAR_OS_V2\EAR_OS_V2\BASE_DE_CONOCIMIENTO\archive\legacy_brain_dump","2786817","05/05/2026 15:58:32"
"H:\EAR_OS_V2\EAR_OS_V2\BASE_DE_CONOCIMIENTO\archive\legacy_brain_dump\EAR_OS_MAESTRO_PROMPTS_PARTE_109.md","H:\EAR_OS_V2\EAR_OS_V2\BASE_DE_CONOCIMIENTO\archive\legacy_brain_dump","1870474","05/05/2026 15:58:34"
"H:\EAR_OS_V2\EAR_OS_V2\BASE_DE_CONOCIMIENTO\archive\legacy_brain_dump\EAR_OS_MAESTRO_PROMPTS_PARTE_11.md","H:\EAR_OS_V2\EAR_OS_V2\BASE_DE_CONOCIMIENTO\archive\legacy_brain_dump","3792983","05/05/2026 15:57:56"
"H:\EAR_OS_V2\EAR_OS_V2\BASE_DE_CONOCIMIENTO\archive\legacy_brain_dump\EAR_OS_MAESTRO_PROMPTS_PARTE_110.md","H:\EAR_OS_V2\EAR_OS_V2\BASE_DE_CONOCIMIENTO\archive\legacy_brain_dump","5428169","05/05/2026 15:58:34"
"H:\EAR_OS_V2\EAR_OS_V2\BASE_DE_CONOCIMIENTO\archive\legacy_brain_dump\EAR_OS_MAESTRO_PROMPTS_PARTE_111.md","H:\EAR_OS_V2\EAR_OS_V2\BASE_DE_CONOCIMIENTO\archive\legacy_brain_dump","1409119","05/05/2026 15:58:34"
"H:\EAR_OS_V2\EAR_OS_V2\BASE_DE_CONOCIMIENTO\archive\legacy_brain_dump\EAR_OS_MAESTRO_PROMPTS_PARTE_112.md","H:\EAR_OS_V2\EAR_OS_V2\BASE_DE_CONOCIMIENTO\archive\legacy_brain_dump","1430623","05/05/2026 15:58:34"
"H:\EAR_OS_V2\EAR_OS_V2\BASE_DE_CONOCIMIENTO\archive\legacy_brain_dump\EAR_OS_MAESTRO_PROMPTS_PARTE_113.md","H:\EAR_OS_V2\EAR_OS_V2\BASE_DE_CONOCIMIENTO\archive\legacy_brain_dump","217453","05/05/2026 15:58:34"
"H:\EAR_OS_V2\EAR_OS_V2\BASE_DE_CONOCIMIENTO\archive\legacy_brain_dump\EAR_OS_MAESTRO_PROMPTS_PARTE_114.md","H:\EAR_OS_V2\EAR_OS_V2\BASE_DE_CONOCIMIENTO\archive\legacy_brain_dump","20662723","05/05/2026 15:58:35"
"H:\EAR_OS_V2\EAR_OS_V2\BASE_DE_CONOCIMIENTO\archive\legacy_brain_dump\EAR_OS_MAESTRO_PROMPTS_PARTE_115.md","H:\EAR_OS_V2\EAR_OS_V2\BASE_DE_CONOCIMIENTO\archive\legacy_brain_dump","1023443","05/05/2026 15:58:35"
"H:\EAR_OS_V2\EAR_OS_V2\BASE_DE_CONOCIMIENTO\archive\legacy_brain_dump\EAR_OS_MAESTRO_PROMPTS_PARTE_116.md","H:\EAR_OS_V2\EAR_OS_V2\BASE_DE_CONOCIMIENTO\archive\legacy_brain_dump","1568548","05/05/2026 15:58:36"
"H:\EAR_OS_V2\EAR_OS_V2\BASE_DE_CONOCIMIENTO\archive\legacy_brain_dump\EAR_OS_MAESTRO_PROMPTS_PARTE_117.md","H:\EAR_OS_V2\EAR_OS_V2\BASE_DE_CONOCIMIENTO\archive\legacy_brain_dump","1488416","05/05/2026 15:58:41"
"H:\EAR_OS_V2\EAR_OS_V2\BASE_DE_CONOCIMIENTO\archive\legacy_brain_dump\EAR_OS_MAESTRO_PROMPTS_PARTE_118.md","H:\EAR_OS_V2\EAR_OS_V2\BASE_DE_CONOCIMIENTO\archive\legacy_brain_dump","1116010","05/05/2026 15:59:00"
"H:\EAR_OS_V2\EAR_OS_V2\BASE_DE_CONOCIMIENTO\archive\legacy_brain_dump\EAR_OS_MAESTRO_PROMPTS_PARTE_12.md","H:\EAR_OS_V2\EAR_OS_V2\BASE_DE_CONOCIMIENTO\archive\legacy_brain_dump","64794631","05/05/2026 15:57:56"
"H:\EAR_OS_V2\EAR_OS_V2\BASE_DE_CONOCIMIENTO\archive\legacy_brain_dump\EAR_OS_MAESTRO_PROMPTS_PARTE_128.md","H:\EAR_OS_V2\EAR_OS_V2\BASE_DE_CONOCIMIENTO\archive\legacy_brain_dump","1877","12/05/2026 10:54:44"
"H:\EAR_OS_V2\EAR_OS_V2\BASE_DE_CONOCIMIENTO\archive\legacy_brain_dump\EAR_OS_MAESTRO_PROMPTS_PARTE_13.md","H:\EAR_OS_V2\EAR_OS_V2\BASE_DE_CONOCIMIENTO\archive\legacy_brain_dump","30573968","05/05/2026 15:57:56"
"H:\EAR_OS_V2\EAR_OS_V2\BASE_DE_CONOCIMIENTO\archive\legacy_brain_dump\EAR_OS_MAESTRO_PROMPTS_PARTE_14.md","H:\EAR_OS_V2\EAR_OS_V2\BASE_DE_CONOCIMIENTO\archive\legacy_brain_dump","7229230","05/05/2026 15:57:56"
"H:\EAR_OS_V2\EAR_OS_V2\BASE_DE_CONOCIMIENTO\archive\legacy_brain_dump\EAR_OS_MAESTRO_PROMPTS_PARTE_15.md","H:\EAR_OS_V2\EAR_OS_V2\BASE_DE_CONOCIMIENTO\archive\legacy_brain_dump","4378812","05/05/2026 15:57:57"
"H:\EAR_OS_V2\EAR_OS_V2\BASE_DE_CONOCIMIENTO\archive\legacy_brain_dump\EAR_OS_MAESTRO_PROMPTS_PARTE_16.md","H:\EAR_OS_V2\EAR_OS_V2\BASE_DE_CONOCIMIENTO\archive\legacy_brain_dump","64794621","05/05/2026 15:57:57"
"H:\EAR_OS_V2\EAR_OS_V2\BASE_DE_CONOCIMIENTO\archive\legacy_brain_dump\EAR_OS_MAESTRO_PROMPTS_PARTE_17.md","H:\EAR_OS_V2\EAR_OS_V2\BASE_DE_CONOCIMIENTO\archive\legacy_brain_dump","285335","05/05/2026 15:57:57"
"H:\EAR_OS_V2\EAR_OS_V2\BASE_DE_CONOCIMIENTO\archive\legacy_brain_dump\EAR_OS_MAESTRO_PROMPTS_PARTE_18.md","H:\EAR_OS_V2\EAR_OS_V2\BASE_DE_CONOCIMIENTO\archive\legacy_brain_dump","2229758","05/05/2026 15:57:57"
"H:\EAR_OS_V2\EAR_OS_V2\BASE_DE_CONOCIMIENTO\archive\legacy_brain_dump\EAR_OS_MAESTRO_PROMPTS_PARTE_19.md","H:\EAR_OS_V2\EAR_OS_V2\BASE_DE_CONOCIMIENTO\archive\legacy_brain_dump","3113814","05/05/2026 15:57:58"
"H:\EAR_OS_V2\EAR_OS_V2\BASE_DE_CONOCIMIENTO\archive\legacy_brain_dump\EAR_OS_MAESTRO_PROMPTS_PARTE_2.md","H:\EAR_OS_V2\EAR_OS_V2\BASE_DE_CONOCIMIENTO\archive\legacy_brain_dump","4378820","05/05/2026 15:57:53"
"H:\EAR_OS_V2\EAR_OS_V2\BASE_DE_CONOCIMIENTO\archive\legacy_brain_dump\EAR_OS_MAESTRO_PROMPTS_PARTE_20.md","H:\EAR_OS_V2\EAR_OS_V2\BASE_DE_CONOCIMIENTO\archive\legacy_brain_dump","2462595","05/05/2026 15:57:58"
"H:\EAR_OS_V2\EAR_OS_V2\BASE_DE_CONOCIMIENTO\archive\legacy_brain_dump\EAR_OS_MAESTRO_PROMPTS_PARTE_21.md","H:\EAR_OS_V2\EAR_OS_V2\BASE_DE_CONOCIMIENTO\archive\legacy_brain_dump","169675","05/05/2026 15:57:58"
"H:\EAR_OS_V2\EAR_OS_V2\BASE_DE_CONOCIMIENTO\archive\legacy_brain_dump\EAR_OS_MAESTRO_PROMPTS_PARTE_22.md","H:\EAR_OS_V2\EAR_OS_V2\BASE_DE_CONOCIMIENTO\archive\legacy_brain_dump","64794612","05/05/2026 15:57:59"
"H:\EAR_OS_V2\EAR_OS_V2\BASE_DE_CONOCIMIENTO\archive\legacy_brain_dump\EAR_OS_MAESTRO_PROMPTS_PARTE_23.md","H:\EAR_OS_V2\EAR_OS_V2\BASE_DE_CONOCIMIENTO\archive\legacy_brain_dump","30573949","05/05/2026 15:57:59"
"H:\EAR_OS_V2\EAR_OS_V2\BASE_DE_CONOCIMIENTO\archive\legacy_brain_dump\EAR_OS_MAESTRO_PROMPTS_PARTE_24.md","H:\EAR_OS_V2\EAR_OS_V2\BASE_DE_CONOCIMIENTO\archive\legacy_brain_dump","63411127","05/05/2026 15:57:59"
"H:\EAR_OS_V2\EAR_OS_V2\BASE_DE_CONOCIMIENTO\archive\legacy_brain_dump\EAR_OS_MAESTRO_PROMPTS_PARTE_25.md","H:\EAR_OS_V2\EAR_OS_V2\BASE_DE_CONOCIMIENTO\archive\legacy_brain_dump","3956475","05/05/2026 15:58:00"
"H:\EAR_OS_V2\EAR_OS_V2\BASE_DE_CONOCIMIENTO\archive\legacy_brain_dump\EAR_OS_MAESTRO_PROMPTS_PARTE_26.md","H:\EAR_OS_V2\EAR_OS_V2\BASE_DE_CONOCIMIENTO\archive\legacy_brain_dump","2085010","05/05/2026 15:58:00"
"H:\EAR_OS_V2\EAR_OS_V2\BASE_DE_CONOCIMIENTO\archive\legacy_brain_dump\EAR_OS_MAESTRO_PROMPTS_PARTE_27.md","H:\EAR_OS_V2\EAR_OS_V2\BASE_DE_CONOCIMIENTO\archive\legacy_brain_dump","2462588","05/05/2026 15:58:00"
"H:\EAR_OS_V2\EAR_OS_V2\BASE_DE_CONOCIMIENTO\archive\legacy_brain_dump\EAR_OS_MAESTRO_PROMPTS_PARTE_28.md","H:\EAR_OS_V2\EAR_OS_V2\BASE_DE_CONOCIMIENTO\archive\legacy_brain_dump","4378805","05/05/2026 15:58:00"
"H:\EAR_OS_V2\EAR_OS_V2\BASE_DE_CONOCIMIENTO\archive\legacy_brain_dump\EAR_OS_MAESTRO_PROMPTS_PARTE_29.md","H:\EAR_OS_V2\EAR_OS_V2\BASE_DE_CONOCIMIENTO\archive\legacy_brain_dump","2229751","05/05/2026 15:58:00"
"H:\EAR_OS_V2\EAR_OS_V2\BASE_DE_CONOCIMIENTO\archive\legacy_brain_dump\EAR_OS_MAESTRO_PROMPTS_PARTE_3.md","H:\EAR_OS_V2\EAR_OS_V2\BASE_DE_CONOCIMIENTO\archive\legacy_brain_dump","64794629","05/05/2026 15:57:53"
"H:\EAR_OS_V2\EAR_OS_V2\BASE_DE_CONOCIMIENTO\archive\legacy_brain_dump\EAR_OS_MAESTRO_PROMPTS_PARTE_30.md","H:\EAR_OS_V2\EAR_OS_V2\BASE_DE_CONOCIMIENTO\archive\legacy_brain_dump","1923558","05/05/2026 15:58:00"
"H:\EAR_OS_V2\EAR_OS_V2\BASE_DE_CONOCIMIENTO\archive\legacy_brain_dump\EAR_OS_MAESTRO_PROMPTS_PARTE_31.md","H:\EAR_OS_V2\EAR_OS_V2\BASE_DE_CONOCIMIENTO\archive\legacy_brain_dump","64794589","05/05/2026 15:58:01"
"H:\EAR_OS_V2\EAR_OS_V2\BASE_DE_CONOCIMIENTO\archive\legacy_brain_dump\EAR_OS_MAESTRO_PROMPTS_PARTE_32.md","H:\EAR_OS_V2\EAR_OS_V2\BASE_DE_CONOCIMIENTO\archive\legacy_brain_dump","15560","05/05/2026 15:58:01"
"H:\EAR_OS_V2\EAR_OS_V2\BASE_DE_CONOCIMIENTO\archive\legacy_brain_dump\EAR_OS_MAESTRO_PROMPTS_PARTE_33.md","H:\EAR_OS_V2\EAR_OS_V2\BASE_DE_CONOCIMIENTO\archive\legacy_brain_dump","30573926","05/05/2026 15:58:01"
"H:\EAR_OS_V2\EAR_OS_V2\BASE_DE_CONOCIMIENTO\archive\legacy_brain_dump\EAR_OS_MAESTRO_PROMPTS_PARTE_34.md","H:\EAR_OS_V2\EAR_OS_V2\BASE_DE_CONOCIMIENTO\archive\legacy_brain_dump","107898","05/05/2026 15:58:01"
"H:\EAR_OS_V2\EAR_OS_V2\BASE_DE_CONOCIMIENTO\archive\legacy_brain_dump\EAR_OS_MAESTRO_PROMPTS_PARTE_35.md","H:\EAR_OS_V2\EAR_OS_V2\BASE_DE_CONOCIMIENTO\archive\legacy_brain_dump","3053450","05/05/2026 15:58:01"
"H:\EAR_OS_V2\EAR_OS_V2\BASE_DE_CONOCIMIENTO\archive\legacy_brain_dump\EAR_OS_MAESTRO_PROMPTS_PARTE_36.md","H:\EAR_OS_V2\EAR_OS_V2\BASE_DE_CONOCIMIENTO\archive\legacy_brain_dump","5157537","05/05/2026 15:58:02"
"H:\EAR_OS_V2\EAR_OS_V2\BASE_DE_CONOCIMIENTO\archive\legacy_brain_dump\EAR_OS_MAESTRO_PROMPTS_PARTE_37.md","H:\EAR_OS_V2\EAR_OS_V2\BASE_DE_CONOCIMIENTO\archive\legacy_brain_dump","75823","05/05/2026 15:58:02"
"H:\EAR_OS_V2\EAR_OS_V2\BASE_DE_CONOCIMIENTO\archive\legacy_brain_dump\EAR_OS_MAESTRO_PROMPTS_PARTE_38.md","H:\EAR_OS_V2\EAR_OS_V2\BASE_DE_CONOCIMIENTO\archive\legacy_brain_dump","1898520","05/05/2026 15:58:02"
"H:\EAR_OS_V2\EAR_OS_V2\BASE_DE_CONOCIMIENTO\archive\legacy_brain_dump\EAR_OS_MAESTRO_PROMPTS_PARTE_39.md","H:\EAR_OS_V2\EAR_OS_V2\BASE_DE_CONOCIMIENTO\archive\legacy_brain_dump","1528899","05/05/2026 15:58:02"
"H:\EAR_OS_V2\EAR_OS_V2\BASE_DE_CONOCIMIENTO\archive\legacy_brain_dump\EAR_OS_MAESTRO_PROMPTS_PARTE_4.md","H:\EAR_OS_V2\EAR_OS_V2\BASE_DE_CONOCIMIENTO\archive\legacy_brain_dump","285343","05/05/2026 15:57:53"
"H:\EAR_OS_V2\EAR_OS_V2\BASE_DE_CONOCIMIENTO\archive\legacy_brain_dump\EAR_OS_MAESTRO_PROMPTS_PARTE_40.md","H:\EAR_OS_V2\EAR_OS_V2\BASE_DE_CONOCIMIENTO\archive\legacy_brain_dump","2084979","05/05/2026 15:58:02"
"H:\EAR_OS_V2\EAR_OS_V2\BASE_DE_CONOCIMIENTO\archive\legacy_brain_dump\EAR_OS_MAESTRO_PROMPTS_PARTE_41.md","H:\EAR_OS_V2\EAR_OS_V2\BASE_DE_CONOCIMIENTO\archive\legacy_brain_dump","3527941","05/05/2026 15:58:02"
"H:\EAR_OS_V2\EAR_OS_V2\BASE_DE_CONOCIMIENTO\archive\legacy_brain_dump\EAR_OS_MAESTRO_PROMPTS_PARTE_42.md","H:\EAR_OS_V2\EAR_OS_V2\BASE_DE_CONOCIMIENTO\archive\legacy_brain_dump","2462557","05/05/2026 15:58:02"
"H:\EAR_OS_V2\EAR_OS_V2\BASE_DE_CONOCIMIENTO\archive\legacy_brain_dump\EAR_OS_MAESTRO_PROMPTS_PARTE_43.md","H:\EAR_OS_V2\EAR_OS_V2\BASE_DE_CONOCIMIENTO\archive\legacy_brain_dump","4378774","05/05/2026 15:58:02"
"H:\EAR_OS_V2\EAR_OS_V2\BASE_DE_CONOCIMIENTO\archive\legacy_brain_dump\EAR_OS_MAESTRO_PROMPTS_PARTE_44.md","H:\EAR_OS_V2\EAR_OS_V2\BASE_DE_CONOCIMIENTO\archive\legacy_brain_dump","2229720","05/05/2026 15:58:03"
"H:\EAR_OS_V2\EAR_OS_V2\BASE_DE_CONOCIMIENTO\archive\legacy_brain_dump\EAR_OS_MAESTRO_PROMPTS_PARTE_45.md","H:\EAR_OS_V2\EAR_OS_V2\BASE_DE_CONOCIMIENTO\archive\legacy_brain_dump","7327731","05/05/2026 15:58:03"
"H:\EAR_OS_V2\EAR_OS_V2\BASE_DE_CONOCIMIENTO\archive\legacy_brain_dump\EAR_OS_MAESTRO_PROMPTS_PARTE_46.md","H:\EAR_OS_V2\EAR_OS_V2\BASE_DE_CONOCIMIENTO\archive\legacy_brain_dump","3078621","05/05/2026 15:58:03"
"H:\EAR_OS_V2\EAR_OS_V2\BASE_DE_CONOCIMIENTO\archive\legacy_brain_dump\EAR_OS_MAESTRO_PROMPTS_PARTE_47.md","H:\EAR_OS_V2\EAR_OS_V2\BASE_DE_CONOCIMIENTO\archive\legacy_brain_dump","3113777","05/05/2026 15:58:03"
"H:\EAR_OS_V2\EAR_OS_V2\BASE_DE_CONOCIMIENTO\archive\legacy_brain_dump\EAR_OS_MAESTRO_PROMPTS_PARTE_48.md","H:\EAR_OS_V2\EAR_OS_V2\BASE_DE_CONOCIMIENTO\archive\legacy_brain_dump","227457","05/05/2026 15:58:04"
"H:\EAR_OS_V2\EAR_OS_V2\BASE_DE_CONOCIMIENTO\archive\legacy_brain_dump\EAR_OS_MAESTRO_PROMPTS_PARTE_49.md","H:\EAR_OS_V2\EAR_OS_V2\BASE_DE_CONOCIMIENTO\archive\legacy_brain_dump","30573986","05/05/2026 15:58:04"
"H:\EAR_OS_V2\EAR_OS_V2\BASE_DE_CONOCIMIENTO\archive\legacy_brain_dump\EAR_OS_MAESTRO_PROMPTS_PARTE_5.md","H:\EAR_OS_V2\EAR_OS_V2\BASE_DE_CONOCIMIENTO\archive\legacy_brain_dump","2229766","05/05/2026 15:57:54"
"H:\EAR_OS_V2\EAR_OS_V2\BASE_DE_CONOCIMIENTO\archive\legacy_brain_dump\EAR_OS_MAESTRO_PROMPTS_PARTE_50.md","H:\EAR_OS_V2\EAR_OS_V2\BASE_DE_CONOCIMIENTO\archive\legacy_brain_dump","30573977","05/05/2026 15:58:04"
"H:\EAR_OS_V2\EAR_OS_V2\BASE_DE_CONOCIMIENTO\archive\legacy_brain_dump\EAR_OS_MAESTRO_PROMPTS_PARTE_51.md","H:\EAR_OS_V2\EAR_OS_V2\BASE_DE_CONOCIMIENTO\archive\legacy_brain_dump","30573948","05/05/2026 15:58:04"
"H:\EAR_OS_V2\EAR_OS_V2\BASE_DE_CONOCIMIENTO\archive\legacy_brain_dump\EAR_OS_MAESTRO_PROMPTS_PARTE_52.md","H:\EAR_OS_V2\EAR_OS_V2\BASE_DE_CONOCIMIENTO\archive\legacy_brain_dump","7229237","05/05/2026 15:58:04"
"H:\EAR_OS_V2\EAR_OS_V2\BASE_DE_CONOCIMIENTO\archive\legacy_brain_dump\EAR_OS_MAESTRO_PROMPTS_PARTE_53.md","H:\EAR_OS_V2\EAR_OS_V2\BASE_DE_CONOCIMIENTO\archive\legacy_brain_dump","2137","05/05/2026 15:58:05"
"H:\EAR_OS_V2\EAR_OS_V2\BASE_DE_CONOCIMIENTO\archive\legacy_brain_dump\EAR_OS_MAESTRO_PROMPTS_PARTE_54.md","H:\EAR_OS_V2\EAR_OS_V2\BASE_DE_CONOCIMIENTO\archive\legacy_brain_dump","64794621","05/05/2026 15:58:05"
"H:\EAR_OS_V2\EAR_OS_V2\BASE_DE_CONOCIMIENTO\archive\legacy_brain_dump\EAR_OS_MAESTRO_PROMPTS_PARTE_55.md","H:\EAR_OS_V2\EAR_OS_V2\BASE_DE_CONOCIMIENTO\archive\legacy_brain_dump","3307338","05/05/2026 15:58:05"
"H:\EAR_OS_V2\EAR_OS_V2\BASE_DE_CONOCIMIENTO\archive\legacy_brain_dump\EAR_OS_MAESTRO_PROMPTS_PARTE_56.md","H:\EAR_OS_V2\EAR_OS_V2\BASE_DE_CONOCIMIENTO\archive\legacy_brain_dump","217578","05/05/2026 15:58:05"
"H:\EAR_OS_V2\EAR_OS_V2\BASE_DE_CONOCIMIENTO\archive\legacy_brain_dump\EAR_OS_MAESTRO_PROMPTS_PARTE_57.md","H:\EAR_OS_V2\EAR_OS_V2\BASE_DE_CONOCIMIENTO\archive\legacy_brain_dump","3307308","05/05/2026 15:58:06"
"H:\EAR_OS_V2\EAR_OS_V2\BASE_DE_CONOCIMIENTO\archive\legacy_brain_dump\EAR_OS_MAESTRO_PROMPTS_PARTE_58.md","H:\EAR_OS_V2\EAR_OS_V2\BASE_DE_CONOCIMIENTO\archive\legacy_brain_dump","1923580","05/05/2026 15:58:06"
"H:\EAR_OS_V2\EAR_OS_V2\BASE_DE_CONOCIMIENTO\archive\legacy_brain_dump\EAR_OS_MAESTRO_PROMPTS_PARTE_59.md","H:\EAR_OS_V2\EAR_OS_V2\BASE_DE_CONOCIMIENTO\archive\legacy_brain_dump","64794611","05/05/2026 15:58:06"
"H:\EAR_OS_V2\EAR_OS_V2\BASE_DE_CONOCIMIENTO\archive\legacy_brain_dump\EAR_OS_MAESTRO_PROMPTS_PARTE_6.md","H:\EAR_OS_V2\EAR_OS_V2\BASE_DE_CONOCIMIENTO\archive\legacy_brain_dump","3113822","05/05/2026 15:57:54"
"H:\EAR_OS_V2\EAR_OS_V2\BASE_DE_CONOCIMIENTO\archive\legacy_brain_dump\EAR_OS_MAESTRO_PROMPTS_PARTE_60.md","H:\EAR_OS_V2\EAR_OS_V2\BASE_DE_CONOCIMIENTO\archive\legacy_brain_dump","15582","05/05/2026 15:58:06"
"H:\EAR_OS_V2\EAR_OS_V2\BASE_DE_CONOCIMIENTO\archive\legacy_brain_dump\EAR_OS_MAESTRO_PROMPTS_PARTE_61.md","H:\EAR_OS_V2\EAR_OS_V2\BASE_DE_CONOCIMIENTO\archive\legacy_brain_dump","30573948","05/05/2026 15:58:06"
"H:\EAR_OS_V2\EAR_OS_V2\BASE_DE_CONOCIMIENTO\archive\legacy_brain_dump\EAR_OS_MAESTRO_PROMPTS_PARTE_62.md","H:\EAR_OS_V2\EAR_OS_V2\BASE_DE_CONOCIMIENTO\archive\legacy_brain_dump","1096408","05/05/2026 15:58:07"
"H:\EAR_OS_V2\EAR_OS_V2\BASE_DE_CONOCIMIENTO\archive\legacy_brain_dump\EAR_OS_MAESTRO_PROMPTS_PARTE_63.md","H:\EAR_OS_V2\EAR_OS_V2\BASE_DE_CONOCIMIENTO\archive\legacy_brain_dump","64794607","05/05/2026 15:58:08"
"H:\EAR_OS_V2\EAR_OS_V2\BASE_DE_CONOCIMIENTO\archive\legacy_brain_dump\EAR_OS_MAESTRO_PROMPTS_PARTE_64.md","H:\EAR_OS_V2\EAR_OS_V2\BASE_DE_CONOCIMIENTO\archive\legacy_brain_dump","30573944","05/05/2026 15:58:08"
"H:\EAR_OS_V2\EAR_OS_V2\BASE_DE_CONOCIMIENTO\archive\legacy_brain_dump\EAR_OS_MAESTRO_PROMPTS_PARTE_65.md","H:\EAR_OS_V2\EAR_OS_V2\BASE_DE_CONOCIMIENTO\archive\legacy_brain_dump","30574013","05/05/2026 15:58:08"
"H:\EAR_OS_V2\EAR_OS_V2\BASE_DE_CONOCIMIENTO\archive\legacy_brain_dump\EAR_OS_MAESTRO_PROMPTS_PARTE_66.md","H:\EAR_OS_V2\EAR_OS_V2\BASE_DE_CONOCIMIENTO\archive\legacy_brain_dump","30574004","05/05/2026 15:58:08"
"H:\EAR_OS_V2\EAR_OS_V2\BASE_DE_CONOCIMIENTO\archive\legacy_brain_dump\EAR_OS_MAESTRO_PROMPTS_PARTE_67.md","H:\EAR_OS_V2\EAR_OS_V2\BASE_DE_CONOCIMIENTO\archive\legacy_brain_dump","30573975","05/05/2026 15:58:09"
"H:\EAR_OS_V2\EAR_OS_V2\BASE_DE_CONOCIMIENTO\archive\legacy_brain_dump\EAR_OS_MAESTRO_PROMPTS_PARTE_68.md","H:\EAR_OS_V2\EAR_OS_V2\BASE_DE_CONOCIMIENTO\archive\legacy_brain_dump","7229264","05/05/2026 15:58:09"
"H:\EAR_OS_V2\EAR_OS_V2\BASE_DE_CONOCIMIENTO\archive\legacy_brain_dump\EAR_OS_MAESTRO_PROMPTS_PARTE_69.md","H:\EAR_OS_V2\EAR_OS_V2\BASE_DE_CONOCIMIENTO\archive\legacy_brain_dump","2164","05/05/2026 15:58:09"
"H:\EAR_OS_V2\EAR_OS_V2\BASE_DE_CONOCIMIENTO\archive\legacy_brain_dump\EAR_OS_MAESTRO_PROMPTS_PARTE_7.md","H:\EAR_OS_V2\EAR_OS_V2\BASE_DE_CONOCIMIENTO\archive\legacy_brain_dump","2462603","05/05/2026 15:57:54"
"H:\EAR_OS_V2\EAR_OS_V2\BASE_DE_CONOCIMIENTO\archive\legacy_brain_dump\EAR_OS_MAESTRO_PROMPTS_PARTE_70.md","H:\EAR_OS_V2\EAR_OS_V2\BASE_DE_CONOCIMIENTO\archive\legacy_brain_dump","64794648","05/05/2026 15:58:09"
"H:\EAR_OS_V2\EAR_OS_V2\BASE_DE_CONOCIMIENTO\archive\legacy_brain_dump\EAR_OS_MAESTRO_PROMPTS_PARTE_71.md","H:\EAR_OS_V2\EAR_OS_V2\BASE_DE_CONOCIMIENTO\archive\legacy_brain_dump","3307365","05/05/2026 15:58:09"
"H:\EAR_OS_V2\EAR_OS_V2\BASE_DE_CONOCIMIENTO\archive\legacy_brain_dump\EAR_OS_MAESTRO_PROMPTS_PARTE_72.md","H:\EAR_OS_V2\EAR_OS_V2\BASE_DE_CONOCIMIENTO\archive\legacy_brain_dump","217686","05/05/2026 15:58:10"
"H:\EAR_OS_V2\EAR_OS_V2\BASE_DE_CONOCIMIENTO\archive\legacy_brain_dump\EAR_OS_MAESTRO_PROMPTS_PARTE_73.md","H:\EAR_OS_V2\EAR_OS_V2\BASE_DE_CONOCIMIENTO\archive\legacy_brain_dump","3307335","05/05/2026 15:58:10"
"H:\EAR_OS_V2\EAR_OS_V2\BASE_DE_CONOCIMIENTO\archive\legacy_brain_dump\EAR_OS_MAESTRO_PROMPTS_PARTE_74.md","H:\EAR_OS_V2\EAR_OS_V2\BASE_DE_CONOCIMIENTO\archive\legacy_brain_dump","1923607","05/05/2026 15:58:10"
"H:\EAR_OS_V2\EAR_OS_V2\BASE_DE_CONOCIMIENTO\archive\legacy_brain_dump\EAR_OS_MAESTRO_PROMPTS_PARTE_75.md","H:\EAR_OS_V2\EAR_OS_V2\BASE_DE_CONOCIMIENTO\archive\legacy_brain_dump","64794638","05/05/2026 15:58:10"
"H:\EAR_OS_V2\EAR_OS_V2\BASE_DE_CONOCIMIENTO\archive\legacy_brain_dump\EAR_OS_MAESTRO_PROMPTS_PARTE_76.md","H:\EAR_OS_V2\EAR_OS_V2\BASE_DE_CONOCIMIENTO\archive\legacy_brain_dump","15609","05/05/2026 15:58:11"
"H:\EAR_OS_V2\EAR_OS_V2\BASE_DE_CONOCIMIENTO\archive\legacy_brain_dump\EAR_OS_MAESTRO_PROMPTS_PARTE_77.md","H:\EAR_OS_V2\EAR_OS_V2\BASE_DE_CONOCIMIENTO\archive\legacy_brain_dump","30573975","05/05/2026 15:58:11"
"H:\EAR_OS_V2\EAR_OS_V2\BASE_DE_CONOCIMIENTO\archive\legacy_brain_dump\EAR_OS_MAESTRO_PROMPTS_PARTE_78.md","H:\EAR_OS_V2\EAR_OS_V2\BASE_DE_CONOCIMIENTO\archive\legacy_brain_dump","1003843","05/05/2026 15:58:12"
"H:\EAR_OS_V2\EAR_OS_V2\BASE_DE_CONOCIMIENTO\archive\legacy_brain_dump\EAR_OS_MAESTRO_PROMPTS_PARTE_79.md","H:\EAR_OS_V2\EAR_OS_V2\BASE_DE_CONOCIMIENTO\archive\legacy_brain_dump","64794595","05/05/2026 15:58:12"
"H:\EAR_OS_V2\EAR_OS_V2\BASE_DE_CONOCIMIENTO\archive\legacy_brain_dump\EAR_OS_MAESTRO_PROMPTS_PARTE_8.md","H:\EAR_OS_V2\EAR_OS_V2\BASE_DE_CONOCIMIENTO\archive\legacy_brain_dump","169695","05/05/2026 15:57:55"
"H:\EAR_OS_V2\EAR_OS_V2\BASE_DE_CONOCIMIENTO\archive\legacy_brain_dump\EAR_OS_MAESTRO_PROMPTS_PARTE_80.md","H:\EAR_OS_V2\EAR_OS_V2\BASE_DE_CONOCIMIENTO\archive\legacy_brain_dump","30573932","05/05/2026 15:58:12"
"H:\EAR_OS_V2\EAR_OS_V2\BASE_DE_CONOCIMIENTO\archive\legacy_brain_dump\EAR_OS_MAESTRO_PROMPTS_PARTE_81.md","H:\EAR_OS_V2\EAR_OS_V2\BASE_DE_CONOCIMIENTO\archive\legacy_brain_dump","30574001","05/05/2026 15:58:12"
"H:\EAR_OS_V2\EAR_OS_V2\BASE_DE_CONOCIMIENTO\archive\legacy_brain_dump\EAR_OS_MAESTRO_PROMPTS_PARTE_82.md","H:\EAR_OS_V2\EAR_OS_V2\BASE_DE_CONOCIMIENTO\archive\legacy_brain_dump","30573992","05/05/2026 15:58:13"
"H:\EAR_OS_V2\EAR_OS_V2\BASE_DE_CONOCIMIENTO\archive\legacy_brain_dump\EAR_OS_MAESTRO_PROMPTS_PARTE_83.md","H:\EAR_OS_V2\EAR_OS_V2\BASE_DE_CONOCIMIENTO\archive\legacy_brain_dump","30573963","05/05/2026 15:58:13"
"H:\EAR_OS_V2\EAR_OS_V2\BASE_DE_CONOCIMIENTO\archive\legacy_brain_dump\EAR_OS_MAESTRO_PROMPTS_PARTE_84.md","H:\EAR_OS_V2\EAR_OS_V2\BASE_DE_CONOCIMIENTO\archive\legacy_brain_dump","7229252","05/05/2026 15:58:13"
"H:\EAR_OS_V2\EAR_OS_V2\BASE_DE_CONOCIMIENTO\archive\legacy_brain_dump\EAR_OS_MAESTRO_PROMPTS_PARTE_85.md","H:\EAR_OS_V2\EAR_OS_V2\BASE_DE_CONOCIMIENTO\archive\legacy_brain_dump","2152","05/05/2026 15:58:13"
"H:\EAR_OS_V2\EAR_OS_V2\BASE_DE_CONOCIMIENTO\archive\legacy_brain_dump\EAR_OS_MAESTRO_PROMPTS_PARTE_86.md","H:\EAR_OS_V2\EAR_OS_V2\BASE_DE_CONOCIMIENTO\archive\legacy_brain_dump","64794636","05/05/2026 15:58:14"
"H:\EAR_OS_V2\EAR_OS_V2\BASE_DE_CONOCIMIENTO\archive\legacy_brain_dump\EAR_OS_MAESTRO_PROMPTS_PARTE_87.md","H:\EAR_OS_V2\EAR_OS_V2\BASE_DE_CONOCIMIENTO\archive\legacy_brain_dump","3307353","05/05/2026 15:58:14"
"H:\EAR_OS_V2\EAR_OS_V2\BASE_DE_CONOCIMIENTO\archive\legacy_brain_dump\EAR_OS_MAESTRO_PROMPTS_PARTE_88.md","H:\EAR_OS_V2\EAR_OS_V2\BASE_DE_CONOCIMIENTO\archive\legacy_brain_dump","217638","05/05/2026 15:58:14"
"H:\EAR_OS_V2\EAR_OS_V2\BASE_DE_CONOCIMIENTO\archive\legacy_brain_dump\EAR_OS_MAESTRO_PROMPTS_PARTE_89.md","H:\EAR_OS_V2\EAR_OS_V2\BASE_DE_CONOCIMIENTO\archive\legacy_brain_dump","3307323","05/05/2026 15:58:14"
"H:\EAR_OS_V2\EAR_OS_V2\BASE_DE_CONOCIMIENTO\archive\legacy_brain_dump\EAR_OS_MAESTRO_PROMPTS_PARTE_9.md","H:\EAR_OS_V2\EAR_OS_V2\BASE_DE_CONOCIMIENTO\archive\legacy_brain_dump","63411101","05/05/2026 15:57:55"
"H:\EAR_OS_V2\EAR_OS_V2\BASE_DE_CONOCIMIENTO\archive\legacy_brain_dump\EAR_OS_MAESTRO_PROMPTS_PARTE_90.md","H:\EAR_OS_V2\EAR_OS_V2\BASE_DE_CONOCIMIENTO\archive\legacy_brain_dump","1923595","05/05/2026 15:58:14"
"H:\EAR_OS_V2\EAR_OS_V2\BASE_DE_CONOCIMIENTO\archive\legacy_brain_dump\EAR_OS_MAESTRO_PROMPTS_PARTE_91.md","H:\EAR_OS_V2\EAR_OS_V2\BASE_DE_CONOCIMIENTO\archive\legacy_brain_dump","64794626","05/05/2026 15:58:15"
"H:\EAR_OS_V2\EAR_OS_V2\BASE_DE_CONOCIMIENTO\archive\legacy_brain_dump\EAR_OS_MAESTRO_PROMPTS_PARTE_92.md","H:\EAR_OS_V2\EAR_OS_V2\BASE_DE_CONOCIMIENTO\archive\legacy_brain_dump","15597","05/05/2026 15:58:15"
"H:\EAR_OS_V2\EAR_OS_V2\BASE_DE_CONOCIMIENTO\archive\legacy_brain_dump\EAR_OS_MAESTRO_PROMPTS_PARTE_93.md","H:\EAR_OS_V2\EAR_OS_V2\BASE_DE_CONOCIMIENTO\archive\legacy_brain_dump","30573963","05/05/2026 15:58:15"
"H:\EAR_OS_V2\EAR_OS_V2\BASE_DE_CONOCIMIENTO\archive\legacy_brain_dump\EAR_OS_MAESTRO_PROMPTS_PARTE_94.md","H:\EAR_OS_V2\EAR_OS_V2\BASE_DE_CONOCIMIENTO\archive\legacy_brain_dump","1439094","05/05/2026 15:58:16"
"H:\EAR_OS_V2\EAR_OS_V2\BASE_DE_CONOCIMIENTO\archive\legacy_brain_dump\EAR_OS_MAESTRO_PROMPTS_PARTE_95.md","H:\EAR_OS_V2\EAR_OS_V2\BASE_DE_CONOCIMIENTO\archive\legacy_brain_dump","1757644","05/05/2026 15:58:16"
"H:\EAR_OS_V2\EAR_OS_V2\BASE_DE_CONOCIMIENTO\archive\legacy_brain_dump\EAR_OS_MAESTRO_PROMPTS_PARTE_96.md","H:\EAR_OS_V2\EAR_OS_V2\BASE_DE_CONOCIMIENTO\archive\legacy_brain_dump","1677610","05/05/2026 15:58:17"
"H:\EAR_OS_V2\EAR_OS_V2\BASE_DE_CONOCIMIENTO\archive\legacy_brain_dump\EAR_OS_MAESTRO_PROMPTS_PARTE_97.md","H:\EAR_OS_V2\EAR_OS_V2\BASE_DE_CONOCIMIENTO\archive\legacy_brain_dump","1518494","05/05/2026 15:58:28"
"H:\EAR_OS_V2\EAR_OS_V2\BASE_DE_CONOCIMIENTO\archive\legacy_brain_dump\EAR_OS_MAESTRO_PROMPTS_PARTE_98.md","H:\EAR_OS_V2\EAR_OS_V2\BASE_DE_CONOCIMIENTO\archive\legacy_brain_dump","964353","05/05/2026 15:58:29"
"H:\EAR_OS_V2\EAR_OS_V2\BASE_DE_CONOCIMIENTO\archive\legacy_brain_dump\EAR_OS_MAESTRO_PROMPTS_PARTE_99.md","H:\EAR_OS_V2\EAR_OS_V2\BASE_DE_CONOCIMIENTO\archive\legacy_brain_dump","1479961","05/05/2026 15:58:30"
"H:\EAR_OS_V2\EAR_OS_V2\BASE_DE_CONOCIMIENTO\archive\legacy_brain_dump\GENOMA_EAR_OS.md","H:\EAR_OS_V2\EAR_OS_V2\BASE_DE_CONOCIMIENTO\archive\legacy_brain_dump","1045118","12/05/2026 10:54:35"
"H:\EAR_OS_V2\EAR_OS_V2\BASE_DE_CONOCIMIENTO\ESTRATEGIA\LOCAL_SEO_DOMINANCE_GUIDE.md","H:\EAR_OS_V2\EAR_OS_V2\BASE_DE_CONOCIMIENTO\ESTRATEGIA","2062","13/05/2026 10:53:49"
"H:\EAR_OS_V2\EAR_OS_V2\BASE_DE_CONOCIMIENTO\INDICACIONES_MAESTRAS\119_HISTORIA_Y_VISION.md","H:\EAR_OS_V2\EAR_OS_V2\BASE_DE_CONOCIMIENTO\INDICACIONES_MAESTRAS","2009","11/05/2026 13:08:51"
"H:\EAR_OS_V2\EAR_OS_V2\data_vault\docs\ASTRA_BUSINESS_MODEL.md","H:\EAR_OS_V2\EAR_OS_V2\data_vault\docs","1685","15/02/2026 11:03:21"
"H:\EAR_OS_V2\EAR_OS_V2\data_vault\docs\DEPLOY_GUIDE.md","H:\EAR_OS_V2\EAR_OS_V2\data_vault\docs","4832","10/02/2026 21:13:14"
"H:\EAR_OS_V2\EAR_OS_V2\data_vault\docs\EAR_CORE_DIRECTIVES.md","H:\EAR_OS_V2\EAR_OS_V2\data_vault\docs","5096","15/02/2026 11:00:22"
"H:\EAR_OS_V2\EAR_OS_V2\data_vault\docs\EAR_CORE_OBJECTIVES.md","H:\EAR_OS_V2\EAR_OS_V2\data_vault\docs","1962","15/02/2026 10:13:19"
"H:\EAR_OS_V2\EAR_OS_V2\data_vault\docs\EAR_FIREBASE_RULES.md","H:\EAR_OS_V2\EAR_OS_V2\data_vault\docs","2142","15/02/2026 11:38:48"
"H:\EAR_OS_V2\EAR_OS_V2\data_vault\docs\EAR_PRODUCT_DEFINITION.md","H:\EAR_OS_V2\EAR_OS_V2\data_vault\docs","1446","15/02/2026 11:03:18"
"H:\EAR_OS_V2\EAR_OS_V2\data_vault\docs\EAR_QA_OPERATIONS_MANUAL.md","H:\EAR_OS_V2\EAR_OS_V2\data_vault\docs","3006","15/02/2026 10:08:18"
"H:\EAR_OS_V2\EAR_OS_V2\data_vault\docs\EAR_RECOVERY_PROTOCOL.md","H:\EAR_OS_V2\EAR_OS_V2\data_vault\docs","2108","15/02/2026 11:00:24"
"H:\EAR_OS_V2\EAR_OS_V2\data_vault\docs\EAR_SOURCE_INDEX.md","H:\EAR_OS_V2\EAR_OS_V2\data_vault\docs","1849","15/02/2026 11:20:45"
"H:\EAR_OS_V2\EAR_OS_V2\data_vault\docs\FREEZE_v2.1_REPORT.md","H:\EAR_OS_V2\EAR_OS_V2\data_vault\docs","1061","12/02/2026 17:24:47"
"H:\EAR_OS_V2\EAR_OS_V2\data_vault\docs\INFORME_FINAL_SKILL_CHAIN.md","H:\EAR_OS_V2\EAR_OS_V2\data_vault\docs","2604","12/02/2026 19:37:54"
"H:\EAR_OS_V2\EAR_OS_V2\data_vault\docs\NAV_MAP_EAR.md","H:\EAR_OS_V2\EAR_OS_V2\data_vault\docs","2947","15/02/2026 10:08:33"
"H:\EAR_OS_V2\EAR_OS_V2\data_vault\docs\README.md","H:\EAR_OS_V2\EAR_OS_V2\data_vault\docs","1707","04/02/2026 16:14:47"
"H:\EAR_OS_V2\EAR_OS_V2\data_vault\docs\TASK_BATCH_01.md","H:\EAR_OS_V2\EAR_OS_V2\data_vault\docs","2022","15/02/2026 11:43:41"
"H:\EAR_OS_V2\EAR_OS_V2\data_vault\docs\TASKS.md","H:\EAR_OS_V2\EAR_OS_V2\data_vault\docs","1425","14/02/2026 22:37:34"
"H:\EAR_OS_V2\EAR_OS_V2\docs\ANTIGRAVITY_CHATS_FORENSIC_SUMMARY.md","H:\EAR_OS_V2\EAR_OS_V2\docs","2817","15/08/2026 14:26:58"
"H:\EAR_OS_V2\EAR_OS_V2\docs\ANTIGRAVITY_CONTINUITY.md","H:\EAR_OS_V2\EAR_OS_V2\docs","2520","10/08/2026 22:42:32"
"H:\EAR_OS_V2\EAR_OS_V2\docs\continuity_node.md","H:\EAR_OS_V2\EAR_OS_V2\docs","992","10/08/2026 22:53:03"
"H:\EAR_OS_V2\EAR_OS_V2\docs\DEEP_DISCOVERY_AND_CONVERGENCE_REPORT.md","H:\EAR_OS_V2\EAR_OS_V2\docs","3565","15/08/2026 14:26:58"
"H:\EAR_OS_V2\EAR_OS_V2\docs\EAR_OS_DESIGN_TOKENS.md","H:\EAR_OS_V2\EAR_OS_V2\docs","1503","15/05/2026 22:08:00"
"H:\EAR_OS_V2\EAR_OS_V2\docs\EAR_OS_STYLE_AND_VERCEL_PREFLIGHT.md","H:\EAR_OS_V2\EAR_OS_V2\docs","2496","15/05/2026 22:06:36"
"H:\EAR_OS_V2\EAR_OS_V2\docs\EAR_OS_VERCEL_CHECKLIST.md","H:\EAR_OS_V2\EAR_OS_V2\docs","1462","17/05/2026 21:30:26"
"H:\EAR_OS_V2\EAR_OS_V2\docs\KNOWLEDGE_CATEDRA_MAP.md","H:\EAR_OS_V2\EAR_OS_V2\docs","873","18/08/2026 23:15:33"
"H:\EAR_OS_V2\EAR_OS_V2\docs\security-smoke-test.md","H:\EAR_OS_V2\EAR_OS_V2\docs","2454","13/05/2026 19:46:52"
"H:\EAR_OS_V2\EAR_OS_V2\docs\V207_WEBHOOK_SECRETS.md","H:\EAR_OS_V2\EAR_OS_V2\docs","618","26/07/2026 2:13:27"
"H:\EAR_OS_V2\EAR_OS_V2\docs\analytics\CLARITY_AND_GSC_CROSS_INTELLIGENCE.md","H:\EAR_OS_V2\EAR_OS_V2\docs\analytics","4744","18/08/2026 9:46:21"
"H:\EAR_OS_V2\EAR_OS_V2\docs\architecture\EAR_AUTONOMY_GOVERNANCE_SPEC.md","H:\EAR_OS_V2\EAR_OS_V2\docs\architecture","2390","08/08/2026 19:43:59"
"H:\EAR_OS_V2\EAR_OS_V2\docs\architecture\EAR_MULTI_TENANT_BLUEPRINT.md","H:\EAR_OS_V2\EAR_OS_V2\docs\architecture","1114","08/08/2026 19:43:59"
"H:\EAR_OS_V2\EAR_OS_V2\docs\architecture\EAR_SYSTEMIC_RISKS_AND_ELIMINATION_MATRIX.md","H:\EAR_OS_V2\EAR_OS_V2\docs\architecture","2205","08/08/2026 19:43:59"
"H:\EAR_OS_V2\EAR_OS_V2\docs\architecture\EDWIN_MESSAGE_GOVERNANCE.md","H:\EAR_OS_V2\EAR_OS_V2\docs\architecture","1287","08/08/2026 19:43:59"
"H:\EAR_OS_V2\EAR_OS_V2\docs\architecture\INCUBADORA_POWER_NUMBERS_INTEGRATION.md","H:\EAR_OS_V2\EAR_OS_V2\docs\architecture","4290","18/08/2026 8:42:09"
"H:\EAR_OS_V2\EAR_OS_V2\docs\architecture\MATCHER_AUTONOMY_GATE.md","H:\EAR_OS_V2\EAR_OS_V2\docs\architecture","2291","08/08/2026 19:43:59"
"H:\EAR_OS_V2\EAR_OS_V2\docs\architecture\PROJECT_FILE_SYSTEM_AUDIT.md","H:\EAR_OS_V2\EAR_OS_V2\docs\architecture","1419","08/08/2026 19:43:59"
"H:\EAR_OS_V2\EAR_OS_V2\docs\architecture\ROOT_LEVEL_EXCEPTION_REGISTER.md","H:\EAR_OS_V2\EAR_OS_V2\docs\architecture","2128","08/08/2026 19:43:59"
"H:\EAR_OS_V2\EAR_OS_V2\docs\architecture\VALUE_FIRST_PRICING_ENGINE.md","H:\EAR_OS_V2\EAR_OS_V2\docs\architecture","3812","18/08/2026 8:35:25"
"H:\EAR_OS_V2\EAR_OS_V2\docs\architecture\vertical-artistas\vertical-artists-manifest.md","H:\EAR_OS_V2\EAR_OS_V2\docs\architecture\vertical-artistas","1963","15/05/2026 15:42:04"
"H:\EAR_OS_V2\EAR_OS_V2\docs\artists\firestore-schema.md","H:\EAR_OS_V2\EAR_OS_V2\docs\artists","3336","17/05/2026 11:21:34"
"H:\EAR_OS_V2\EAR_OS_V2\docs\artists\manual-admin.md","H:\EAR_OS_V2\EAR_OS_V2\docs\artists","3348","17/05/2026 11:16:00"
"H:\EAR_OS_V2\EAR_OS_V2\docs\artists\manual-usuario.md","H:\EAR_OS_V2\EAR_OS_V2\docs\artists","3039","17/05/2026 11:15:54"
"H:\EAR_OS_V2\EAR_OS_V2\docs\audit\EAR_AUTH_LOGIN_LOGOUT_GUARDS.md","H:\EAR_OS_V2\EAR_OS_V2\docs\audit","1951","08/08/2026 19:43:59"
"H:\EAR_OS_V2\EAR_OS_V2\docs\audit\EAR_BROKEN_OR_ORPHAN_SURFACES.md","H:\EAR_OS_V2\EAR_OS_V2\docs\audit","1587","08/08/2026 19:43:59"
"H:\EAR_OS_V2\EAR_OS_V2\docs\audit\EAR_EXECUTIVE_FORENSIC_AUDIT_REPORT.md","H:\EAR_OS_V2\EAR_OS_V2\docs\audit","4627","08/08/2026 20:07:40"
"H:\EAR_OS_V2\EAR_OS_V2\docs\audit\EAR_EXISTING_CONVERSION_FLOW_AUDIT.md","H:\EAR_OS_V2\EAR_OS_V2\docs\audit","874","08/08/2026 19:43:59"
"H:\EAR_OS_V2\EAR_OS_V2\docs\audit\EAR_EXISTING_HIGH_PERFORMING_URLS.md","H:\EAR_OS_V2\EAR_OS_V2\docs\audit","1431","08/08/2026 19:43:59"
"H:\EAR_OS_V2\EAR_OS_V2\docs\audit\EAR_FORM_ACTION_MATRIX.md","H:\EAR_OS_V2\EAR_OS_V2\docs\audit","2779","08/08/2026 19:43:59"
"H:\EAR_OS_V2\EAR_OS_V2\docs\audit\EAR_MARKETPLACE_BOOKING_CHECKOUT_GRAPH.md","H:\EAR_OS_V2\EAR_OS_V2\docs\audit","1799","08/08/2026 19:43:59"
"H:\EAR_OS_V2\EAR_OS_V2\docs\audit\EAR_MASTER_CRO_UX_AUDIT.md","H:\EAR_OS_V2\EAR_OS_V2\docs\audit","5145","08/08/2026 20:05:24"
"H:\EAR_OS_V2\EAR_OS_V2\docs\audit\EAR_MVP_COMPLETION_REMAINING.md","H:\EAR_OS_V2\EAR_OS_V2\docs\audit","2151","08/08/2026 19:43:59"
"H:\EAR_OS_V2\EAR_OS_V2\docs\audit\EAR_OS_FULL_SYSTEM_FORENSICS_AND_CAPABILITY_ATLAS.md","H:\EAR_OS_V2\EAR_OS_V2\docs\audit","8899","08/08/2026 19:43:59"
"H:\EAR_OS_V2\EAR_OS_V2\docs\audit\EAR_PRICING_AND_MATCHING_FORMULAS_2026.md","H:\EAR_OS_V2\EAR_OS_V2\docs\audit","2184","08/08/2026 19:43:59"
"H:\EAR_OS_V2\EAR_OS_V2\docs\audit\EAR_PRODUCTION_DEBT_AND_STITCH_REPORT.md","H:\EAR_OS_V2\EAR_OS_V2\docs\audit","2754","08/08/2026 19:43:59"
"H:\EAR_OS_V2\EAR_OS_V2\docs\audit\EAR_ROUTE_AND_CTA_FORENSICS.md","H:\EAR_OS_V2\EAR_OS_V2\docs\audit","3130","08/08/2026 19:43:59"
"H:\EAR_OS_V2\EAR_OS_V2\docs\audit\EAR_ROUTE_INTELLIGENCE_UPGRADE.md","H:\EAR_OS_V2\EAR_OS_V2\docs\audit","3104","08/08/2026 19:43:59"
"H:\EAR_OS_V2\EAR_OS_V2\docs\audit\EAR_RUNTIME_CONNECTOR_GRAPH.md","H:\EAR_OS_V2\EAR_OS_V2\docs\audit","2797","08/08/2026 19:43:59"
"H:\EAR_OS_V2\EAR_OS_V2\docs\audit\EAR_SIGNAL_FUNNEL_ARCHITECTURE.md","H:\EAR_OS_V2\EAR_OS_V2\docs\audit","1852","08/08/2026 19:43:59"
"H:\EAR_OS_V2\EAR_OS_V2\docs\audit\EAR_SITEMAP_AND_CANONICAL_AUDIT.md","H:\EAR_OS_V2\EAR_OS_V2\docs\audit","971","08/08/2026 19:43:59"
"H:\EAR_OS_V2\EAR_OS_V2\docs\audit\EAR_STITCH_TO_RUNTIME_TRACE.md","H:\EAR_OS_V2\EAR_OS_V2\docs\audit","2221","08/08/2026 19:43:59"
"H:\EAR_OS_V2\EAR_OS_V2\docs\audit\PREVIEW_DEPLOYMENT_SOURCE_OF_TRUTH.md","H:\EAR_OS_V2\EAR_OS_V2\docs\audit","1797","08/08/2026 19:43:59"
"H:\EAR_OS_V2\EAR_OS_V2\docs\audit\PREVIEW_REMOTE_DEPLOYMENT_MISMATCH_MATRIX.md","H:\EAR_OS_V2\EAR_OS_V2\docs\audit","2471","08/08/2026 19:43:59"
"H:\EAR_OS_V2\EAR_OS_V2\docs\audit\PREVIEW_REMOTE_SOURCE_OF_TRUTH_BLOCKER.md","H:\EAR_OS_V2\EAR_OS_V2\docs\audit","2478","08/08/2026 19:43:59"
"H:\EAR_OS_V2\EAR_OS_V2\docs\audit\PREVIEW_ROUTE_MISMATCH_REPORT.md","H:\EAR_OS_V2\EAR_OS_V2\docs\audit","2989","08/08/2026 19:43:59"
"H:\EAR_OS_V2\EAR_OS_V2\docs\b2g\MEMORIA_TECNICA_EXP_B2G_L01281158_POZUELO.md","H:\EAR_OS_V2\EAR_OS_V2\docs\b2g","2581","21/08/2026 19:38:24"
"H:\EAR_OS_V2\EAR_OS_V2\docs\brand\EAR_INSTITUTIONAL_ARCHITECTURE.md","H:\EAR_OS_V2\EAR_OS_V2\docs\brand","1499","08/08/2026 19:43:59"
"H:\EAR_OS_V2\EAR_OS_V2\docs\brand\EAR_SEMANTIC_DICTIONARY.md","H:\EAR_OS_V2\EAR_OS_V2\docs\brand","2226","08/08/2026 19:43:59"
"H:\EAR_OS_V2\EAR_OS_V2\docs\brand\EAR_STAKEHOLDER_TONE_MATRIX.md","H:\EAR_OS_V2\EAR_OS_V2\docs\brand","2633","08/08/2026 19:43:59"
"H:\EAR_OS_V2\EAR_OS_V2\docs\contexto_historico\05 05 2026 10 05 h  Deploying EAR OS S-Class.md","H:\EAR_OS_V2\EAR_OS_V2\docs\contexto_historico","27779","05/05/2026 10:05:22"
"H:\EAR_OS_V2\EAR_OS_V2\docs\contexto_historico\05 05 2026 10 23 h  Deploying EAR OS S-Class.md","H:\EAR_OS_V2\EAR_OS_V2\docs\contexto_historico","32320","05/05/2026 10:23:46"
"H:\EAR_OS_V2\EAR_OS_V2\docs\contexto_historico\05 05 2026 10 40 h  Deploying EAR OS S-Class.md","H:\EAR_OS_V2\EAR_OS_V2\docs\contexto_historico","32522","05/05/2026 10:40:37"
"H:\EAR_OS_V2\EAR_OS_V2\docs\contexto_historico\05 05 2026 10 59h  Deploying EAR OS S-Class.md","H:\EAR_OS_V2\EAR_OS_V2\docs\contexto_historico","20217","05/05/2026 10:59:29"
"H:\EAR_OS_V2\EAR_OS_V2\docs\contexto_historico\05 05 2026 11  19 h Deploying EAR OS S-Class.md","H:\EAR_OS_V2\EAR_OS_V2\docs\contexto_historico","22162","05/05/2026 11:19:49"
"H:\EAR_OS_V2\EAR_OS_V2\docs\contexto_historico\05 05 2026 12 01 h Deploying EAR OS S-Class.md","H:\EAR_OS_V2\EAR_OS_V2\docs\contexto_historico","9566","05/05/2026 12:01:28"
"H:\EAR_OS_V2\EAR_OS_V2\docs\contexto_historico\05 05 2026 9 40 h  Deploying EAR OS S-Class.md","H:\EAR_OS_V2\EAR_OS_V2\docs\contexto_historico","21228","05/05/2026 9:40:48"
"H:\EAR_OS_V2\EAR_OS_V2\docs\contexto_historico\05 05 2026 Deploying EAR OS S-Class.md","H:\EAR_OS_V2\EAR_OS_V2\docs\contexto_historico","12746","05/05/2026 8:54:03"
"H:\EAR_OS_V2\EAR_OS_V2\docs\contexto_historico\06 05 2026  18 48 Resuming Supabase Infrastructure Sovereignty.md","H:\EAR_OS_V2\EAR_OS_V2\docs\contexto_historico","20203","06/05/2026 18:48:42"
"H:\EAR_OS_V2\EAR_OS_V2\docs\contexto_historico\06 05 21 17 hResuming Supabase Infrastructure Sovereignty.md","H:\EAR_OS_V2\EAR_OS_V2\docs\contexto_historico","46745","06/05/2026 21:17:08"
"H:\EAR_OS_V2\EAR_OS_V2\docs\contexto_historico\07 05 2026  10 48 Resuming Supabase Infrastructure Sovereignty.md","H:\EAR_OS_V2\EAR_OS_V2\docs\contexto_historico","965","07/05/2026 10:50:35"
"H:\EAR_OS_V2\EAR_OS_V2\docs\contexto_historico\07 05 2026  11  36 h Resuming Supabase Infrastructure Sovereignty.md","H:\EAR_OS_V2\EAR_OS_V2\docs\contexto_historico","2514","07/05/2026 11:37:06"
"H:\EAR_OS_V2\EAR_OS_V2\docs\contexto_historico\07 05 2026  12 10 h Resuming Supabase Infrastructure Sovereignty.md","H:\EAR_OS_V2\EAR_OS_V2\docs\contexto_historico","9656","07/05/2026 12:10:57"
"H:\EAR_OS_V2\EAR_OS_V2\docs\contexto_historico\07 05 2026  12 43 h Resuming Supabase Infrastructure Sovereignty.md","H:\EAR_OS_V2\EAR_OS_V2\docs\contexto_historico","15319","07/05/2026 12:43:41"
"H:\EAR_OS_V2\EAR_OS_V2\docs\contexto_historico\07 05 2026  13 58 h Resuming Supabase Infrastructure Sovereignty.md","H:\EAR_OS_V2\EAR_OS_V2\docs\contexto_historico","29664","07/05/2026 13:38:31"
"H:\EAR_OS_V2\EAR_OS_V2\docs\contexto_historico\08 05 2026  00 19 h Resuming Supabase Infrastructure Sovereignty.md","H:\EAR_OS_V2\EAR_OS_V2\docs\contexto_historico","22439","08/05/2026 0:19:43"
"H:\EAR_OS_V2\EAR_OS_V2\docs\contexto_historico\08 05 2026  23 02 h Resuming Supabase Infrastructure Sovereignty.md","H:\EAR_OS_V2\EAR_OS_V2\docs\contexto_historico","25204","08/05/2026 23:04:45"
"H:\EAR_OS_V2\EAR_OS_V2\docs\contexto_historico\08 05 2026  9 02 h Resuming Supabase Infrastructure Sovereignty.md","H:\EAR_OS_V2\EAR_OS_V2\docs\contexto_historico","25920","08/05/2026 9:02:48"
"H:\EAR_OS_V2\EAR_OS_V2\docs\contexto_historico\09  05 2026  08 02 h Resuming Supabase Infrastructure Sovereignty.md","H:\EAR_OS_V2\EAR_OS_V2\docs\contexto_historico","30839","09/05/2026 8:16:56"
"H:\EAR_OS_V2\EAR_OS_V2\docs\contexto_historico\11 05 2026  11 40 h Resuming Supabase Infrastructure Sovereignty.md","H:\EAR_OS_V2\EAR_OS_V2\docs\contexto_historico","15375","11/05/2026 11:40:37"
"H:\EAR_OS_V2\EAR_OS_V2\docs\contexto_historico\11 05 2026  11 47 h Resuming Supabase Infrastructure Sovereignty.md","H:\EAR_OS_V2\EAR_OS_V2\docs\contexto_historico","24404","11/05/2026 11:47:21"
"H:\EAR_OS_V2\EAR_OS_V2\docs\contexto_historico\11 05 2026  12 09 h Resuming Supabase Infrastructure Sovereignty.md","H:\EAR_OS_V2\EAR_OS_V2\docs\contexto_historico","34567","11/05/2026 12:10:04"
"H:\EAR_OS_V2\EAR_OS_V2\docs\contexto_historico\11 05 2026  12 39 h Resuming Supabase Infrastructure Sovereignty.md","H:\EAR_OS_V2\EAR_OS_V2\docs\contexto_historico","43270","11/05/2026 12:39:48"
"H:\EAR_OS_V2\EAR_OS_V2\docs\contexto_historico\11 05 2026  12 48 h Resuming Supabase Infrastructure Sovereignty.md","H:\EAR_OS_V2\EAR_OS_V2\docs\contexto_historico","55039","11/05/2026 12:48:39"
"H:\EAR_OS_V2\EAR_OS_V2\docs\contexto_historico\11 05 2026  13 02 h Resuming Supabase Infrastructure Sovereignty.md","H:\EAR_OS_V2\EAR_OS_V2\docs\contexto_historico","62332","11/05/2026 13:03:02"
"H:\EAR_OS_V2\EAR_OS_V2\docs\contexto_historico\11 05 2026  13 34 h Resuming Supabase Infrastructure Sovereignty.md","H:\EAR_OS_V2\EAR_OS_V2\docs\contexto_historico","76636","11/05/2026 13:34:49"
"H:\EAR_OS_V2\EAR_OS_V2\docs\contexto_historico\11 05 2026  13 42 h Resuming Supabase Infrastructure Sovereignty.md","H:\EAR_OS_V2\EAR_OS_V2\docs\contexto_historico","85546","11/05/2026 13:42:55"
"H:\EAR_OS_V2\EAR_OS_V2\docs\contexto_historico\11 05 2026  13 57 h Resuming Supabase Infrastructure Sovereignty.md","H:\EAR_OS_V2\EAR_OS_V2\docs\contexto_historico","109497","11/05/2026 13:57:38"
"H:\EAR_OS_V2\EAR_OS_V2\docs\contexto_historico\11 05 2026  14 31 h Resuming Supabase Infrastructure Sovereignty.md","H:\EAR_OS_V2\EAR_OS_V2\docs\contexto_historico","176305","11/05/2026 14:31:56"
"H:\EAR_OS_V2\EAR_OS_V2\docs\contexto_historico\11 05 2026  15 21 h Resuming Supabase Infrastructure Sovereignty.md","H:\EAR_OS_V2\EAR_OS_V2\docs\contexto_historico","211831","11/05/2026 15:21:22"
"H:\EAR_OS_V2\EAR_OS_V2\docs\contexto_historico\11 05 2026  17 21 h Resuming Supabase Infrastructure Sovereignty.md","H:\EAR_OS_V2\EAR_OS_V2\docs\contexto_historico","268747","11/05/2026 17:29:12"
"H:\EAR_OS_V2\EAR_OS_V2\docs\contexto_historico\11 05 2026  18 01 h Resuming Supabase Infrastructure Sovereignty.md","H:\EAR_OS_V2\EAR_OS_V2\docs\contexto_historico","288200","11/05/2026 18:02:06"
"H:\EAR_OS_V2\EAR_OS_V2\docs\contexto_historico\11 05 2026  18 18 h Resuming Supabase Infrastructure Sovereignty.md","H:\EAR_OS_V2\EAR_OS_V2\docs\contexto_historico","311390","11/05/2026 18:19:04"
"H:\EAR_OS_V2\EAR_OS_V2\docs\contexto_historico\11 05 2026  18 33 h Resuming Supabase Infrastructure Sovereignty.md","H:\EAR_OS_V2\EAR_OS_V2\docs\contexto_historico","322968","11/05/2026 18:33:16"
"H:\EAR_OS_V2\EAR_OS_V2\docs\contexto_historico\11 05 2026  23 29 h Resuming Supabase Infrastructure Sovereignty.md","H:\EAR_OS_V2\EAR_OS_V2\docs\contexto_historico","178346","11/05/2026 23:29:47"
"H:\EAR_OS_V2\EAR_OS_V2\docs\contexto_historico\12 05 2026  10 59  h Resuming Supabase Infrastructure Sovereignty.md","H:\EAR_OS_V2\EAR_OS_V2\docs\contexto_historico","15259","12/05/2026 10:59:33"
"H:\EAR_OS_V2\EAR_OS_V2\docs\contexto_historico\12 05 2026  14 31 h Resuming Supabase Infrastructure Sovereignty.md","H:\EAR_OS_V2\EAR_OS_V2\docs\contexto_historico","20788","12/05/2026 14:31:39"
"H:\EAR_OS_V2\EAR_OS_V2\docs\contexto_historico\12 05 2026  15 0 3 h Resuming Supabase Infrastructure Sovereignty.md","H:\EAR_OS_V2\EAR_OS_V2\docs\contexto_historico","36913","12/05/2026 15:03:05"
"H:\EAR_OS_V2\EAR_OS_V2\docs\contexto_historico\12 05 2026  16 30 h Resuming Supabase Infrastructure Sovereignty.md","H:\EAR_OS_V2\EAR_OS_V2\docs\contexto_historico","93187","12/05/2026 16:31:00"
"H:\EAR_OS_V2\EAR_OS_V2\docs\contexto_historico\12 05 2026  17 21 h Resuming Supabase Infrastructure Sovereignty.md","H:\EAR_OS_V2\EAR_OS_V2\docs\contexto_historico","124079","12/05/2026 17:22:09"
"H:\EAR_OS_V2\EAR_OS_V2\docs\contexto_historico\12 05 2026  19 21 h Resuming Supabase Infrastructure Sovereignty.md","H:\EAR_OS_V2\EAR_OS_V2\docs\contexto_historico","7664","12/05/2026 19:24:05"
"H:\EAR_OS_V2\EAR_OS_V2\docs\contexto_historico\13 05 2026  07  21 h Resuming Supabase Infrastructure Sovereignty.md","H:\EAR_OS_V2\EAR_OS_V2\docs\contexto_historico","6520","13/05/2026 7:42:14"
"H:\EAR_OS_V2\EAR_OS_V2\docs\contexto_historico\13 05 2026  08 21 h Resuming Supabase Infrastructure Sovereignty.md","H:\EAR_OS_V2\EAR_OS_V2\docs\contexto_historico","52250","13/05/2026 8:21:06"
"H:\EAR_OS_V2\EAR_OS_V2\docs\contexto_historico\13 05 2026  10 06  h Resuming Supabase Infrastructure Sovereignty.md","H:\EAR_OS_V2\EAR_OS_V2\docs\contexto_historico","125236","13/05/2026 10:06:56"
"H:\EAR_OS_V2\EAR_OS_V2\docs\contexto_historico\13 05 2026  10 43 h Resuming Supabase Infrastructure Sovereignty.md","H:\EAR_OS_V2\EAR_OS_V2\docs\contexto_historico","155989","13/05/2026 10:43:14"
"H:\EAR_OS_V2\EAR_OS_V2\docs\contexto_historico\13 05 2026  11 24 h Resuming Supabase Infrastructure Sovereignty.md","H:\EAR_OS_V2\EAR_OS_V2\docs\contexto_historico","206011","13/05/2026 11:24:25"
"H:\EAR_OS_V2\EAR_OS_V2\docs\contexto_historico\13 05 2026  11 33 h Resuming Supabase Infrastructure Sovereignty.md","H:\EAR_OS_V2\EAR_OS_V2\docs\contexto_historico","209695","13/05/2026 11:33:53"
"H:\EAR_OS_V2\EAR_OS_V2\docs\contexto_historico\13 05 2026  12 09 h Resuming Supabase Infrastructure Sovereignty.md","H:\EAR_OS_V2\EAR_OS_V2\docs\contexto_historico","263466","13/05/2026 12:09:21"
"H:\EAR_OS_V2\EAR_OS_V2\docs\contexto_historico\13 05 2026  14 33 h Resuming Supabase Infrastructure Sovereignty.md","H:\EAR_OS_V2\EAR_OS_V2\docs\contexto_historico","333145","13/05/2026 14:31:36"
"H:\EAR_OS_V2\EAR_OS_V2\docs\contexto_historico\13 05 2026  20 03 h Resuming Supabase Infrastructure Sovereignty.md","H:\EAR_OS_V2\EAR_OS_V2\docs\contexto_historico","78717","13/05/2026 20:03:58"
"H:\EAR_OS_V2\EAR_OS_V2\docs\contexto_historico\13 05 2026  20 15 h Resuming Supabase Infrastructure Sovereignty.md","H:\EAR_OS_V2\EAR_OS_V2\docs\contexto_historico","106276","13/05/2026 20:15:48"
"H:\EAR_OS_V2\EAR_OS_V2\docs\contexto_historico\13 05 2026  20 24 h Resuming Supabase Infrastructure Sovereignty.md","H:\EAR_OS_V2\EAR_OS_V2\docs\contexto_historico","127196","13/05/2026 20:24:31"
"H:\EAR_OS_V2\EAR_OS_V2\docs\contexto_historico\13 05 2026  22 42  h Resuming Supabase Infrastructure Sovereignty.md","H:\EAR_OS_V2\EAR_OS_V2\docs\contexto_historico","161242","13/05/2026 22:43:36"
"H:\EAR_OS_V2\EAR_OS_V2\docs\contexto_historico\14 05 2026  12 42  h Resuming Supabase Infrastructure Sovereignty.md","H:\EAR_OS_V2\EAR_OS_V2\docs\contexto_historico","140950","14/05/2026 12:55:25"
"H:\EAR_OS_V2\EAR_OS_V2\docs\contexto_historico\14 05 2026  19 42  h Resuming Supabase Infrastructure Sovereignty.md","H:\EAR_OS_V2\EAR_OS_V2\docs\contexto_historico","11576","14/05/2026 19:40:21"
"H:\EAR_OS_V2\EAR_OS_V2\docs\contexto_historico\15 05  13 07 Forensic Audit Of VIMUME Corpus.md","H:\EAR_OS_V2\EAR_OS_V2\docs\contexto_historico","383766","15/05/2026 13:07:36"
"H:\EAR_OS_V2\EAR_OS_V2\docs\contexto_historico\15 05 2026  10 22  h Resuming Supabase Infrastructure Sovereignty.md","H:\EAR_OS_V2\EAR_OS_V2\docs\contexto_historico","13763","15/05/2026 10:22:31"
"H:\EAR_OS_V2\EAR_OS_V2\docs\contexto_historico\15 05 2026  10 27 h Resuming Supabase Infrastructure Sovereignty - copia.md","H:\EAR_OS_V2\EAR_OS_V2\docs\contexto_historico","75322","15/05/2026 10:27:57"
"H:\EAR_OS_V2\EAR_OS_V2\docs\contexto_historico\15 05 2026  10 27 h Resuming Supabase Infrastructure Sovereignty.md","H:\EAR_OS_V2\EAR_OS_V2\docs\contexto_historico","75322","15/05/2026 10:27:57"
"H:\EAR_OS_V2\EAR_OS_V2\docs\contexto_historico\15 05 2026  17 05 h Resuming Supabase Infrastructure Sovereignty - copia - copia.md","H:\EAR_OS_V2\EAR_OS_V2\docs\contexto_historico","470830","15/05/2026 17:05:30"
"H:\EAR_OS_V2\EAR_OS_V2\docs\contexto_historico\15 05 2026  17 05 h Resuming Supabase Infrastructure Sovereignty - copia.md","H:\EAR_OS_V2\EAR_OS_V2\docs\contexto_historico","470830","15/05/2026 17:05:30"
"H:\EAR_OS_V2\EAR_OS_V2\docs\contexto_historico\15 05 2026  17 05 h Resuming Supabase Infrastructure Sovereignty.md","H:\EAR_OS_V2\EAR_OS_V2\docs\contexto_historico","470830","15/05/2026 17:05:30"
"H:\EAR_OS_V2\EAR_OS_V2\docs\contexto_historico\15 05 2026  22 05 h Resuming Supabase Infrastructure Sovereignty - copia - copia.md","H:\EAR_OS_V2\EAR_OS_V2\docs\contexto_historico","546868","15/05/2026 22:15:18"
"H:\EAR_OS_V2\EAR_OS_V2\docs\contexto_historico\15 05 2026  22 05 h Resuming Supabase Infrastructure Sovereignty - copia.md","H:\EAR_OS_V2\EAR_OS_V2\docs\contexto_historico","546868","15/05/2026 22:15:18"
"H:\EAR_OS_V2\EAR_OS_V2\docs\contexto_historico\15 05 2026  22 05 h Resuming Supabase Infrastructure Sovereignty.md","H:\EAR_OS_V2\EAR_OS_V2\docs\contexto_historico","546868","15/05/2026 22:15:18"
"H:\EAR_OS_V2\EAR_OS_V2\docs\contexto_historico\17 05 2026  10 40 h Resuming Supabase Infrastructure Sovereignty - copia - copia.md","H:\EAR_OS_V2\EAR_OS_V2\docs\contexto_historico","16429","17/05/2026 10:40:57"
"H:\EAR_OS_V2\EAR_OS_V2\docs\contexto_historico\17 05 2026  10 40 h Resuming Supabase Infrastructure Sovereignty - copia.md","H:\EAR_OS_V2\EAR_OS_V2\docs\contexto_historico","16429","17/05/2026 10:40:57"
"H:\EAR_OS_V2\EAR_OS_V2\docs\contexto_historico\17 05 2026  10 40 h Resuming Supabase Infrastructure Sovereignty.md","H:\EAR_OS_V2\EAR_OS_V2\docs\contexto_historico","16429","17/05/2026 10:40:57"
"H:\EAR_OS_V2\EAR_OS_V2\docs\contexto_historico\17 05 2026  19 40 h Resuming Supabase Infrastructure Sovereignty - copia - copia.md","H:\EAR_OS_V2\EAR_OS_V2\docs\contexto_historico","217591","17/05/2026 19:47:14"
"H:\EAR_OS_V2\EAR_OS_V2\docs\contexto_historico\17 05 2026  19 40 h Resuming Supabase Infrastructure Sovereignty - copia.md","H:\EAR_OS_V2\EAR_OS_V2\docs\contexto_historico","217591","17/05/2026 19:47:14"
"H:\EAR_OS_V2\EAR_OS_V2\docs\contexto_historico\17 05 2026  19 40 h Resuming Supabase Infrastructure Sovereignty.md","H:\EAR_OS_V2\EAR_OS_V2\docs\contexto_historico","217591","17/05/2026 19:47:14"
"H:\EAR_OS_V2\EAR_OS_V2\docs\contexto_historico\17 05 2026  21 00 h Resuming Supabase Infrastructure Sovereignty.md","H:\EAR_OS_V2\EAR_OS_V2\docs\contexto_historico","362411","17/05/2026 21:00:49"
"H:\EAR_OS_V2\EAR_OS_V2\docs\contexto_historico\17 05 2026  21 32 h Resuming Supabase Infrastructure Sovereignty.md","H:\EAR_OS_V2\EAR_OS_V2\docs\contexto_historico","365089","17/05/2026 21:32:45"
"H:\EAR_OS_V2\EAR_OS_V2\docs\contexto_historico\18 05 2026  11 22 h Resuming Supabase Infrastructure Sovereignty.md","H:\EAR_OS_V2\EAR_OS_V2\docs\contexto_historico","309820","18/05/2026 11:25:35"
"H:\EAR_OS_V2\EAR_OS_V2\docs\contexto_historico\18 05 2026  11 28 h Resuming Supabase Infrastructure Sovereignty.md","H:\EAR_OS_V2\EAR_OS_V2\docs\contexto_historico","316595","18/05/2026 11:28:55"
"H:\EAR_OS_V2\EAR_OS_V2\docs\contexto_historico\2 Ensamblaje Atómico EAR OS V2.md","H:\EAR_OS_V2\EAR_OS_V2\docs\contexto_historico","26167","04/05/2026 13:33:35"
"H:\EAR_OS_V2\EAR_OS_V2\docs\contexto_historico\3 Ensamblaje Atómico EAR OS V2.md","H:\EAR_OS_V2\EAR_OS_V2\docs\contexto_historico","88471","04/05/2026 15:45:50"
"H:\EAR_OS_V2\EAR_OS_V2\docs\contexto_historico\4 Ensamblaje Atómico EAR OS V2.md","H:\EAR_OS_V2\EAR_OS_V2\docs\contexto_historico","89091","04/05/2026 15:53:15"
"H:\EAR_OS_V2\EAR_OS_V2\docs\contexto_historico\CLINE_OMEGA_LOCAL_100_PROMPTS_RX7900XTX.md","H:\EAR_OS_V2\EAR_OS_V2\docs\contexto_historico","12935","13/05/2026 17:31:26"
"H:\EAR_OS_V2\EAR_OS_V2\docs\crm\EAR_AUTOMATION_AND_FOLLOWUP_PLAYBOOK.md","H:\EAR_OS_V2\EAR_OS_V2\docs\crm","1231","08/08/2026 19:44:00"
"H:\EAR_OS_V2\EAR_OS_V2\docs\crm\EAR_LEAD_SCORING_MODEL.md","H:\EAR_OS_V2\EAR_OS_V2\docs\crm","884","08/08/2026 19:44:00"
"H:\EAR_OS_V2\EAR_OS_V2\docs\crm\EAR_REVENUE_OPERATING_SYSTEM.md","H:\EAR_OS_V2\EAR_OS_V2\docs\crm","1092","08/08/2026 19:44:00"
"H:\EAR_OS_V2\EAR_OS_V2\docs\data\EAR_GROWTH_DATA_MODEL.md","H:\EAR_OS_V2\EAR_OS_V2\docs\data","1069","08/08/2026 19:44:00"
"H:\EAR_OS_V2\EAR_OS_V2\docs\design\EAR_OS_MASTER_FLOW_GRAPH.md","H:\EAR_OS_V2\EAR_OS_V2\docs\design","3463","08/08/2026 19:44:00"
"H:\EAR_OS_V2\EAR_OS_V2\docs\design\STITCH_CUSTOMER_JOURNEY_MAP.md","H:\EAR_OS_V2\EAR_OS_V2\docs\design","4443","08/08/2026 19:44:00"
"H:\EAR_OS_V2\EAR_OS_V2\docs\design\STITCH_DESIGN_SYSTEM.md","H:\EAR_OS_V2\EAR_OS_V2\docs\design","1348","08/08/2026 19:44:00"
"H:\EAR_OS_V2\EAR_OS_V2\docs\design\STITCH_FULL_PROJECT_SCREENS_AUDIT.md","H:\EAR_OS_V2\EAR_OS_V2\docs\design","2504","08/08/2026 19:44:00"
"H:\EAR_OS_V2\EAR_OS_V2\docs\design\STITCH_SURGICAL_SCREENS_SPEC.md","H:\EAR_OS_V2\EAR_OS_V2\docs\design","13484","08/08/2026 19:44:00"
"H:\EAR_OS_V2\EAR_OS_V2\docs\forensics\hermes-vimume\inventory.md","H:\EAR_OS_V2\EAR_OS_V2\docs\forensics\hermes-vimume","2106","15/05/2026 11:13:06"
"H:\EAR_OS_V2\EAR_OS_V2\docs\forensics\hermes-vimume\knowledge-vault-map.md","H:\EAR_OS_V2\EAR_OS_V2\docs\forensics\hermes-vimume","1454","15/05/2026 11:03:24"
"H:\EAR_OS_V2\EAR_OS_V2\docs\forensics\hermes-vimume\reconciliation.md","H:\EAR_OS_V2\EAR_OS_V2\docs\forensics\hermes-vimume","1282","15/05/2026 11:13:13"
"H:\EAR_OS_V2\EAR_OS_V2\docs\forensics\hermes-vimume\runtime-reality-check.md","H:\EAR_OS_V2\EAR_OS_V2\docs\forensics\hermes-vimume","1440","15/05/2026 11:13:11"
"H:\EAR_OS_V2\EAR_OS_V2\docs\forensics\hermes-vimume\security-audit.md","H:\EAR_OS_V2\EAR_OS_V2\docs\forensics\hermes-vimume","988","15/05/2026 11:03:28"
"H:\EAR_OS_V2\EAR_OS_V2\docs\forensics\hermes-vimume\trace.md","H:\EAR_OS_V2\EAR_OS_V2\docs\forensics\hermes-vimume","1449","15/05/2026 11:13:09"
"H:\EAR_OS_V2\EAR_OS_V2\docs\forensics\hermes-vimume\v182-audit.md","H:\EAR_OS_V2\EAR_OS_V2\docs\forensics\hermes-vimume","3481","15/05/2026 11:31:10"
"H:\EAR_OS_V2\EAR_OS_V2\docs\forensics\vimume-vertical-lock\final-audit.md","H:\EAR_OS_V2\EAR_OS_V2\docs\forensics\vimume-vertical-lock","2806","15/05/2026 12:35:32"
"H:\EAR_OS_V2\EAR_OS_V2\docs\forensics\vimume-vertical-lock\formal-audit-status.md","H:\EAR_OS_V2\EAR_OS_V2\docs\forensics\vimume-vertical-lock","2330","15/05/2026 12:51:22"
"H:\EAR_OS_V2\EAR_OS_V2\docs\graph\BODASNET_UX_PATTERNS.md","H:\EAR_OS_V2\EAR_OS_V2\docs\graph","2349","08/08/2026 19:44:00"
"H:\EAR_OS_V2\EAR_OS_V2\docs\graph\EAR_ARTIST_SERVICE_BOOKING_GRAPH.md","H:\EAR_OS_V2\EAR_OS_V2\docs\graph","2026","08/08/2026 19:44:00"
"H:\EAR_OS_V2\EAR_OS_V2\docs\graph\EAR_OS_CUSTOMER_FLOWS.md","H:\EAR_OS_V2\EAR_OS_V2\docs\graph","2215","08/08/2026 19:44:00"
"H:\EAR_OS_V2\EAR_OS_V2\docs\graph\EAR_OS_MASTER_GRAPH.md","H:\EAR_OS_V2\EAR_OS_V2\docs\graph","3077","08/08/2026 19:44:00"
"H:\EAR_OS_V2\EAR_OS_V2\docs\graph\EAR_OS_ROLE_NEEDS_MATRIX.md","H:\EAR_OS_V2\EAR_OS_V2\docs\graph","1689","08/08/2026 19:44:00"
"H:\EAR_OS_V2\EAR_OS_V2\docs\graph\EDWIN_POSITIONING_SIGNALS.md","H:\EAR_OS_V2\EAR_OS_V2\docs\graph","2237","08/08/2026 19:44:00"
"H:\EAR_OS_V2\EAR_OS_V2\docs\graph\MVP_LAUNCH_BLOCKERS.md","H:\EAR_OS_V2\EAR_OS_V2\docs\graph","2123","08/08/2026 19:44:00"
"H:\EAR_OS_V2\EAR_OS_V2\docs\iniciativas\edwin-birthday-engine\00_brief_producto.md","H:\EAR_OS_V2\EAR_OS_V2\docs\iniciativas\edwin-birthday-engine","388","08/08/2026 19:44:00"
"H:\EAR_OS_V2\EAR_OS_V2\docs\iniciativas\edwin-birthday-engine\01_estrategia_lanzamiento.md","H:\EAR_OS_V2\EAR_OS_V2\docs\iniciativas\edwin-birthday-engine","383","08/08/2026 19:44:00"
"H:\EAR_OS_V2\EAR_OS_V2\docs\iniciativas\edwin-birthday-engine\02_funnel_y_crm_consentimiento.md","H:\EAR_OS_V2\EAR_OS_V2\docs\iniciativas\edwin-birthday-engine","465","08/08/2026 19:44:00"
"H:\EAR_OS_V2\EAR_OS_V2\docs\iniciativas\edwin-birthday-engine\03_produccion_contenido.md","H:\EAR_OS_V2\EAR_OS_V2\docs\iniciativas\edwin-birthday-engine","435","08/08/2026 19:44:00"
"H:\EAR_OS_V2\EAR_OS_V2\docs\iniciativas\edwin-birthday-engine\04_catalogo_nombres.md","H:\EAR_OS_V2\EAR_OS_V2\docs\iniciativas\edwin-birthday-engine","509","08/08/2026 19:44:00"
"H:\EAR_OS_V2\EAR_OS_V2\docs\iniciativas\edwin-birthday-engine\05_legal_privacidad_sorteo.md","H:\EAR_OS_V2\EAR_OS_V2\docs\iniciativas\edwin-birthday-engine","453","08/08/2026 19:44:00"
"H:\EAR_OS_V2\EAR_OS_V2\docs\iniciativas\edwin-birthday-engine\06_metricas_y_experimentos.md","H:\EAR_OS_V2\EAR_OS_V2\docs\iniciativas\edwin-birthday-engine","410","08/08/2026 19:44:00"
"H:\EAR_OS_V2\EAR_OS_V2\docs\iniciativas\edwin-birthday-engine\07_backlog_aprobacion.md","H:\EAR_OS_V2\EAR_OS_V2\docs\iniciativas\edwin-birthday-engine","477","08/08/2026 19:44:00"
"H:\EAR_OS_V2\EAR_OS_V2\docs\interconexiones\EAR_OS_BIT_GENOME.md","H:\EAR_OS_V2\EAR_OS_V2\docs\interconexiones","304","28/07/2026 7:57:36"
"H:\EAR_OS_V2\EAR_OS_V2\docs\interconexiones\EAR_OS_GENOMA_GRAPH.md","H:\EAR_OS_V2\EAR_OS_V2\docs\interconexiones","297","28/07/2026 0:00:01"
"H:\EAR_OS_V2\EAR_OS_V2\docs\knowledge\00_MOC_MAESTRO.md","H:\EAR_OS_V2\EAR_OS_V2\docs\knowledge","377","19/05/2026 16:36:21"
"H:\EAR_OS_V2\EAR_OS_V2\docs\knowledge\AGENTS.md","H:\EAR_OS_V2\EAR_OS_V2\docs\knowledge","687","15/08/2026 14:26:58"
"H:\EAR_OS_V2\EAR_OS_V2\docs\knowledge\ANTIGRAVITY_CONTINUITY.md","H:\EAR_OS_V2\EAR_OS_V2\docs\knowledge","688","11/08/2026 0:37:17"
"H:\EAR_OS_V2\EAR_OS_V2\docs\knowledge\ARTIST_MASTER_PROFILE.md","H:\EAR_OS_V2\EAR_OS_V2\docs\knowledge","2380","08/08/2026 19:44:00"
"H:\EAR_OS_V2\EAR_OS_V2\docs\knowledge\AuraWallet.md","H:\EAR_OS_V2\EAR_OS_V2\docs\knowledge","0","19/05/2026 17:17:57"
"H:\EAR_OS_V2\EAR_OS_V2\docs\knowledge\CLAUDE.md","H:\EAR_OS_V2\EAR_OS_V2\docs\knowledge","12","15/08/2026 14:26:58"
"H:\EAR_OS_V2\EAR_OS_V2\docs\knowledge\CLINE_RULES_V2.md","H:\EAR_OS_V2\EAR_OS_V2\docs\knowledge","2197","12/05/2026 10:57:53"
"H:\EAR_OS_V2\EAR_OS_V2\docs\knowledge\CLINE_RULES_V3.md","H:\EAR_OS_V2\EAR_OS_V2\docs\knowledge","10236","15/08/2026 7:34:58"
"H:\EAR_OS_V2\EAR_OS_V2\docs\knowledge\DEPLOYCERTIFICATE.md","H:\EAR_OS_V2\EAR_OS_V2\docs\knowledge","1357","14/05/2026 11:41:55"
"H:\EAR_OS_V2\EAR_OS_V2\docs\knowledge\EAR_ADVANCED_BOOKING_FORM_FIELDS.md","H:\EAR_OS_V2\EAR_OS_V2\docs\knowledge","1806","08/08/2026 19:44:00"
"H:\EAR_OS_V2\EAR_OS_V2\docs\knowledge\EAR_ANALYTICS_AND_ALERTING_SPEC.md","H:\EAR_OS_V2\EAR_OS_V2\docs\knowledge","1219","08/08/2026 19:44:00"
"H:\EAR_OS_V2\EAR_OS_V2\docs\knowledge\EAR_ARTIST_BOOKING_URLS.md","H:\EAR_OS_V2\EAR_OS_V2\docs\knowledge","1394","08/08/2026 19:44:00"
"H:\EAR_OS_V2\EAR_OS_V2\docs\knowledge\EAR_AUTHORITY_TIMELINE.md","H:\EAR_OS_V2\EAR_OS_V2\docs\knowledge","1271","08/08/2026 19:44:00"
"H:\EAR_OS_V2\EAR_OS_V2\docs\knowledge\EAR_CUSTOMER_TRACKING_TOUCHPOINTS.md","H:\EAR_OS_V2\EAR_OS_V2\docs\knowledge","2632","08/08/2026 19:44:00"
"H:\EAR_OS_V2\EAR_OS_V2\docs\knowledge\EAR_DIRECTORY_SYSTEM_ARCHITECTURE.md","H:\EAR_OS_V2\EAR_OS_V2\docs\knowledge","2837","08/08/2026 19:44:00"
"H:\EAR_OS_V2\EAR_OS_V2\docs\knowledge\EAR_DYNAMIC_CONTRACTING_ENGINE.md","H:\EAR_OS_V2\EAR_OS_V2\docs\knowledge","2564","08/08/2026 19:44:00"
"H:\EAR_OS_V2\EAR_OS_V2\docs\knowledge\EAR_DYNAMIC_TEMPLATE_VARIABLES.md","H:\EAR_OS_V2\EAR_OS_V2\docs\knowledge","946","08/08/2026 19:44:00"
"H:\EAR_OS_V2\EAR_OS_V2\docs\knowledge\EAR_FILTERS_AND_MATCHING_ENGINE.md","H:\EAR_OS_V2\EAR_OS_V2\docs\knowledge","948","08/08/2026 19:44:00"
"H:\EAR_OS_V2\EAR_OS_V2\docs\knowledge\EAR_OS_OMEGA_PROMPTS.md","H:\EAR_OS_V2\EAR_OS_V2\docs\knowledge","25405","18/05/2026 17:59:06"
"H:\EAR_OS_V2\EAR_OS_V2\docs\knowledge\EAR_SUPERIOR_BOOKING_EXPERIENCE.md","H:\EAR_OS_V2\EAR_OS_V2\docs\knowledge","2244","08/08/2026 19:44:00"
"H:\EAR_OS_V2\EAR_OS_V2\docs\knowledge\EAR_UBER_LOGISTICS_PRICING_ENGINE.md","H:\EAR_OS_V2\EAR_OS_V2\docs\knowledge","4796","08/08/2026 19:44:00"
"H:\EAR_OS_V2\EAR_OS_V2\docs\knowledge\EAR_URL_FAMILY_SYSTEM.md","H:\EAR_OS_V2\EAR_OS_V2\docs\knowledge","1229","08/08/2026 19:44:00"
"H:\EAR_OS_V2\EAR_OS_V2\docs\knowledge\EAR_WHATSAPP_TELEGRAM_NOTIFICATION_FLOW.md","H:\EAR_OS_V2\EAR_OS_V2\docs\knowledge","1763","08/08/2026 19:44:00"
"H:\EAR_OS_V2\EAR_OS_V2\docs\knowledge\EAR_WINNING_PAGE_DNA.md","H:\EAR_OS_V2\EAR_OS_V2\docs\knowledge","1221","08/08/2026 19:44:00"
"H:\EAR_OS_V2\EAR_OS_V2\docs\knowledge\EDWIN_ALLOWED_FORBIDDEN_LANGUAGE.md","H:\EAR_OS_V2\EAR_OS_V2\docs\knowledge","2108","08/08/2026 19:44:00"
"H:\EAR_OS_V2\EAR_OS_V2\docs\knowledge\EDWIN_EUROPE_LANDING_ARCHITECTURE.md","H:\EAR_OS_V2\EAR_OS_V2\docs\knowledge","1397","08/08/2026 19:44:00"
"H:\EAR_OS_V2\EAR_OS_V2\docs\knowledge\EDWIN_INSTITUTIONAL_BOOKING_PLAYBOOK.md","H:\EAR_OS_V2\EAR_OS_V2\docs\knowledge","1295","08/08/2026 19:44:00"
"H:\EAR_OS_V2\EAR_OS_V2\docs\knowledge\EDWIN_LANDING_PAGE_MATRIX.md","H:\EAR_OS_V2\EAR_OS_V2\docs\knowledge","1440","08/08/2026 19:44:00"
"H:\EAR_OS_V2\EAR_OS_V2\docs\knowledge\EDWIN_LOCAL_LANDING_MESSAGE_SYSTEM.md","H:\EAR_OS_V2\EAR_OS_V2\docs\knowledge","1933","08/08/2026 19:44:00"
"H:\EAR_OS_V2\EAR_OS_V2\docs\knowledge\EDWIN_MARKET_DOMINANCE_ROADMAP.md","H:\EAR_OS_V2\EAR_OS_V2\docs\knowledge","1403","08/08/2026 19:44:00"
"H:\EAR_OS_V2\EAR_OS_V2\docs\knowledge\EDWIN_MASTER_COMMERCE_PROFILE.md","H:\EAR_OS_V2\EAR_OS_V2\docs\knowledge","3134","08/08/2026 19:44:00"
"H:\EAR_OS_V2\EAR_OS_V2\docs\knowledge\EDWIN_MESSAGING_MATRIX.md","H:\EAR_OS_V2\EAR_OS_V2\docs\knowledge","4489","08/08/2026 19:44:00"
"H:\EAR_OS_V2\EAR_OS_V2\docs\knowledge\EDWIN_PAYMENT_CONVERSION_FLOW.md","H:\EAR_OS_V2\EAR_OS_V2\docs\knowledge","1337","08/08/2026 19:44:00"
"H:\EAR_OS_V2\EAR_OS_V2\docs\knowledge\EDWIN_PROGRAMMATIC_SEO_FRAMEWORK.md","H:\EAR_OS_V2\EAR_OS_V2\docs\knowledge","2260","08/08/2026 19:44:00"
"H:\EAR_OS_V2\EAR_OS_V2\docs\knowledge\EDWIN_RESTAURANT_HOTEL_FESTIVAL_PLAYBOOK.md","H:\EAR_OS_V2\EAR_OS_V2\docs\knowledge","1102","08/08/2026 19:44:00"
"H:\EAR_OS_V2\EAR_OS_V2\docs\knowledge\EDWIN_SEO_GEO_SPAIN.md","H:\EAR_OS_V2\EAR_OS_V2\docs\knowledge","1717","08/08/2026 19:44:00"
"H:\EAR_OS_V2\EAR_OS_V2\docs\knowledge\EDWIN_SERVICES_TARIFFS_RIDER.md","H:\EAR_OS_V2\EAR_OS_V2\docs\knowledge","1935","08/08/2026 19:44:00"
"H:\EAR_OS_V2\EAR_OS_V2\docs\knowledge\EDWIN_STAKEHOLDER_VALUE_MATRIX.md","H:\EAR_OS_V2\EAR_OS_V2\docs\knowledge","2390","08/08/2026 19:44:00"
"H:\EAR_OS_V2\EAR_OS_V2\docs\knowledge\ENTREPRENEUR_MASTER_PROFILE.md","H:\EAR_OS_V2\EAR_OS_V2\docs\knowledge","1769","08/08/2026 19:44:00"
"H:\EAR_OS_V2\EAR_OS_V2\docs\knowledge\IMPLEMENTED_VS_MISSING_BOOKING_FEATURES.md","H:\EAR_OS_V2\EAR_OS_V2\docs\knowledge","1858","08/08/2026 19:44:00"
"H:\EAR_OS_V2\EAR_OS_V2\docs\knowledge\INVENTARIO_TOTAL.md","H:\EAR_OS_V2\EAR_OS_V2\docs\knowledge","2179","13/05/2026 9:54:08"
"H:\EAR_OS_V2\EAR_OS_V2\docs\knowledge\Manual EarOS.md","H:\EAR_OS_V2\EAR_OS_V2\docs\knowledge","28359","15/08/2026 7:36:48"
"H:\EAR_OS_V2\EAR_OS_V2\docs\knowledge\Manual_EarOS.md","H:\EAR_OS_V2\EAR_OS_V2\docs\knowledge","28359","15/08/2026 8:05:10"
"H:\EAR_OS_V2\EAR_OS_V2\docs\knowledge\MARKET_DOMINANCE_PLAYBOOK.md","H:\EAR_OS_V2\EAR_OS_V2\docs\knowledge","2123","08/08/2026 19:44:00"
"H:\EAR_OS_V2\EAR_OS_V2\docs\knowledge\SEO_DOMINANCE_PLAN.md","H:\EAR_OS_V2\EAR_OS_V2\docs\knowledge","4385","14/05/2026 11:46:37"
"H:\EAR_OS_V2\EAR_OS_V2\docs\knowledge\SOVEREIGN_GENOMA.md","H:\EAR_OS_V2\EAR_OS_V2\docs\knowledge","1718","14/05/2026 11:36:33"
"H:\EAR_OS_V2\EAR_OS_V2\docs\manual\EAR_BLOCK0_GIT_SNAPSHOT_AND_INVENTORY.md","H:\EAR_OS_V2\EAR_OS_V2\docs\manual","825","08/08/2026 19:44:00"
"H:\EAR_OS_V2\EAR_OS_V2\docs\manual\EAR_ROUTES_MAP_LIVE_AND_BROKEN.md","H:\EAR_OS_V2\EAR_OS_V2\docs\manual","965","08/08/2026 19:44:00"
"H:\EAR_OS_V2\EAR_OS_V2\docs\manual\EAR_STITCH_SCREENS_CATALOG.md","H:\EAR_OS_V2\EAR_OS_V2\docs\manual","2217","08/08/2026 19:44:00"
"H:\EAR_OS_V2\EAR_OS_V2\docs\manual\Manual_EAR_OS.md","H:\EAR_OS_V2\EAR_OS_V2\docs\manual","15442","08/08/2026 19:44:00"
"H:\EAR_OS_V2\EAR_OS_V2\docs\marketing\google_business_posts_drafts.md","H:\EAR_OS_V2\EAR_OS_V2\docs\marketing","1804","13/05/2026 13:28:49"
"H:\EAR_OS_V2\EAR_OS_V2\docs\memoria EAR OS\00-Index\Indice Central.md","H:\EAR_OS_V2\EAR_OS_V2\docs\memoria EAR OS\00-Index","2040","18/05/2026 17:08:28"
"H:\EAR_OS_V2\EAR_OS_V2\docs\memoria EAR OS\01-Arquitectura\Esquema General.md","H:\EAR_OS_V2\EAR_OS_V2\docs\memoria EAR OS\01-Arquitectura","2176","18/05/2026 17:08:32"
"H:\EAR_OS_V2\EAR_OS_V2\docs\memoria EAR OS\01-Arquitectura\Matriz de Permisos.md","H:\EAR_OS_V2\EAR_OS_V2\docs\memoria EAR OS\01-Arquitectura","1943","18/05/2026 17:08:40"
"H:\EAR_OS_V2\EAR_OS_V2\docs\memoria EAR OS\01-Arquitectura\Webhook de Stripe Connect.md","H:\EAR_OS_V2\EAR_OS_V2\docs\memoria EAR OS\01-Arquitectura","2459","18/05/2026 17:08:36"
"H:\EAR_OS_V2\EAR_OS_V2\docs\memoria EAR OS\02-Seguridad_y_Hardening\Checklist de Hardening.md","H:\EAR_OS_V2\EAR_OS_V2\docs\memoria EAR OS\02-Seguridad_y_Hardening","1596","18/05/2026 17:08:44"
"H:\EAR_OS_V2\EAR_OS_V2\docs\memoria EAR OS\03-Roadmap_y_Fases\EAR OS Strategic Roadmap.md","H:\EAR_OS_V2\EAR_OS_V2\docs\memoria EAR OS\03-Roadmap_y_Fases","1650","18/05/2026 17:08:48"
"H:\EAR_OS_V2\EAR_OS_V2\docs\memoria EAR OS\04-Runbooks_y_Despliegues\Runbook de Deploy a Vercel.md","H:\EAR_OS_V2\EAR_OS_V2\docs\memoria EAR OS\04-Runbooks_y_Despliegues","1542","18/05/2026 17:08:53"
"H:\EAR_OS_V2\EAR_OS_V2\docs\memoria EAR OS\04-Runbooks_y_Despliegues\Runbook de Rollback.md","H:\EAR_OS_V2\EAR_OS_V2\docs\memoria EAR OS\04-Runbooks_y_Despliegues","1463","18/05/2026 17:08:57"
"H:\EAR_OS_V2\EAR_OS_V2\docs\memoria EAR OS\05-Registros_y_Decisiones\ADR Plantilla.md","H:\EAR_OS_V2\EAR_OS_V2\docs\memoria EAR OS\05-Registros_y_Decisiones","1398","18/05/2026 17:09:06"
"H:\EAR_OS_V2\EAR_OS_V2\docs\memoria EAR OS\05-Registros_y_Decisiones\Postmortem Plantilla.md","H:\EAR_OS_V2\EAR_OS_V2\docs\memoria EAR OS\05-Registros_y_Decisiones","1646","18/05/2026 17:09:11"
"H:\EAR_OS_V2\EAR_OS_V2\docs\memoria EAR OS\05-Registros_y_Decisiones\Release v1.0.0.md","H:\EAR_OS_V2\EAR_OS_V2\docs\memoria EAR OS\05-Registros_y_Decisiones","1408","18/05/2026 17:09:01"
"H:\EAR_OS_V2\EAR_OS_V2\docs\memoria EAR OS\06-Legado_y_Contexto\Historia de Edwin Agudelo.md","H:\EAR_OS_V2\EAR_OS_V2\docs\memoria EAR OS\06-Legado_y_Contexto","2234","18/05/2026 17:09:16"
"H:\EAR_OS_V2\EAR_OS_V2\docs\observability\EAR_EVENT_TAXONOMY.md","H:\EAR_OS_V2\EAR_OS_V2\docs\observability","819","08/08/2026 19:44:00"
"H:\EAR_OS_V2\EAR_OS_V2\docs\observability\EAR_FAILURE_REPLAY_SYSTEM.md","H:\EAR_OS_V2\EAR_OS_V2\docs\observability","827","08/08/2026 19:44:00"
"H:\EAR_OS_V2\EAR_OS_V2\docs\observability\EAR_OBSERVABILITY_SPEC.md","H:\EAR_OS_V2\EAR_OS_V2\docs\observability","960","08/08/2026 19:44:00"
"H:\EAR_OS_V2\EAR_OS_V2\docs\ops\EAR_ALERT_AND_DISPATCH_RULES.md","H:\EAR_OS_V2\EAR_OS_V2\docs\ops","1136","08/08/2026 19:44:00"
"H:\EAR_OS_V2\EAR_OS_V2\docs\ops\EAR_COMMAND_CENTER_QA_CHECKLIST.md","H:\EAR_OS_V2\EAR_OS_V2\docs\ops","1174","08/08/2026 19:44:00"
"H:\EAR_OS_V2\EAR_OS_V2\docs\ops\EAR_COMMAND_CENTER_STATE_AUDIT.md","H:\EAR_OS_V2\EAR_OS_V2\docs\ops","1533","08/08/2026 19:44:00"
"H:\EAR_OS_V2\EAR_OS_V2\docs\ops\EAR_DATA_TRUTH_LAYERS.md","H:\EAR_OS_V2\EAR_OS_V2\docs\ops","1278","08/08/2026 19:44:00"
"H:\EAR_OS_V2\EAR_OS_V2\docs\ops\EAR_DEGRADED_MODE_POLICY.md","H:\EAR_OS_V2\EAR_OS_V2\docs\ops","1038","08/08/2026 19:44:00"
"H:\EAR_OS_V2\EAR_OS_V2\docs\ops\EAR_LIVE_DATA_AND_DEGRADED_MODE_SPEC.md","H:\EAR_OS_V2\EAR_OS_V2\docs\ops","1264","08/08/2026 19:44:00"
"H:\EAR_OS_V2\EAR_OS_V2\docs\ops\EAR_OPERATIONAL_READINESS_REPORT.md","H:\EAR_OS_V2\EAR_OS_V2\docs\ops","3327","08/08/2026 19:44:00"
"H:\EAR_OS_V2\EAR_OS_V2\docs\ops\EAR_ROLE_BASED_COMMAND_VIEWS.md","H:\EAR_OS_V2\EAR_OS_V2\docs\ops","1378","08/08/2026 19:44:00"
"H:\EAR_OS_V2\EAR_OS_V2\docs\ops\EAR_TELEMETRY_SLO_SPEC.md","H:\EAR_OS_V2\EAR_OS_V2\docs\ops","1207","08/08/2026 19:44:00"
"H:\EAR_OS_V2\EAR_OS_V2\docs\rag\EAR_GOLDEN_DATASET_SPEC.md","H:\EAR_OS_V2\EAR_OS_V2\docs\rag","1327","08/08/2026 19:44:00"
"H:\EAR_OS_V2\EAR_OS_V2\docs\rag\EAR_INGESTION_AND_CHUNKING_SPEC.md","H:\EAR_OS_V2\EAR_OS_V2\docs\rag","1154","08/08/2026 19:44:00"
"H:\EAR_OS_V2\EAR_OS_V2\docs\rag\EAR_METADATA_AND_NAMESPACE_MODEL.md","H:\EAR_OS_V2\EAR_OS_V2\docs\rag","1043","08/08/2026 19:44:00"
"H:\EAR_OS_V2\EAR_OS_V2\docs\rag\EAR_RAG_ARCHITECTURE.md","H:\EAR_OS_V2\EAR_OS_V2\docs\rag","1370","08/08/2026 19:44:00"
"H:\EAR_OS_V2\EAR_OS_V2\docs\rag\EAR_RAG_EVAL_FRAMEWORK.md","H:\EAR_OS_V2\EAR_OS_V2\docs\rag","1078","08/08/2026 19:44:00"
"H:\EAR_OS_V2\EAR_OS_V2\docs\rag\RAG_EVAL_RESULTS.md","H:\EAR_OS_V2\EAR_OS_V2\docs\rag","1644","08/08/2026 19:44:00"
"H:\EAR_OS_V2\EAR_OS_V2\docs\rag\RAG_FAILURE_ANALYSIS.md","H:\EAR_OS_V2\EAR_OS_V2\docs\rag","924","08/08/2026 19:44:00"
"H:\EAR_OS_V2\EAR_OS_V2\docs\rag\RAG_GO_NO_GO.md","H:\EAR_OS_V2\EAR_OS_V2\docs\rag","1242","08/08/2026 19:44:00"
"H:\EAR_OS_V2\EAR_OS_V2\docs\rag\RAG_GOLDEN_DATASET.md","H:\EAR_OS_V2\EAR_OS_V2\docs\rag","2969","08/08/2026 19:44:00"
"H:\EAR_OS_V2\EAR_OS_V2\docs\rag\RAG_REGRESSION_GATE.md","H:\EAR_OS_V2\EAR_OS_V2\docs\rag","827","08/08/2026 19:44:00"
"H:\EAR_OS_V2\EAR_OS_V2\docs\release\absorption_policy.md","H:\EAR_OS_V2\EAR_OS_V2\docs\release","1908","08/08/2026 19:44:00"
"H:\EAR_OS_V2\EAR_OS_V2\docs\release\ANTIGRAVITY_OMEGA_V2_1_PROPOSED.md","H:\EAR_OS_V2\EAR_OS_V2\docs\release","17113","08/08/2026 19:44:00"
"H:\EAR_OS_V2\EAR_OS_V2\docs\release\CLINE_MVP_RULES.md","H:\EAR_OS_V2\EAR_OS_V2\docs\release","1572","08/08/2026 19:44:00"
"H:\EAR_OS_V2\EAR_OS_V2\docs\release\CONVERSATION_EXPORT_BACKUP.md","H:\EAR_OS_V2\EAR_OS_V2\docs\release","3678253","17/08/2026 23:03:30"
"H:\EAR_OS_V2\EAR_OS_V2\docs\release\discovery_policy.md","H:\EAR_OS_V2\EAR_OS_V2\docs\release","1275","08/08/2026 19:44:00"
"H:\EAR_OS_V2\EAR_OS_V2\docs\release\EAR_AI_AND_COMMERCE_RELEASE_POLICY.md","H:\EAR_OS_V2\EAR_OS_V2\docs\release","983","08/08/2026 19:44:00"
"H:\EAR_OS_V2\EAR_OS_V2\docs\release\EAR_OS_ADAPTIVE_JOURNEY_PRESENTATION.md","H:\EAR_OS_V2\EAR_OS_V2\docs\release","5892","14/08/2026 15:22:13"
"H:\EAR_OS_V2\EAR_OS_V2\docs\release\EAR_OS_CAPABILITIES_MAP.md","H:\EAR_OS_V2\EAR_OS_V2\docs\release","2832","08/08/2026 19:44:00"
"H:\EAR_OS_V2\EAR_OS_V2\docs\release\EAR_OS_EXECUTIVE_MINDMAP.md","H:\EAR_OS_V2\EAR_OS_V2\docs\release","3179","08/08/2026 19:44:00"
"H:\EAR_OS_V2\EAR_OS_V2\docs\release\EAR_OS_INVESTOR_MEMO_AND_DECK_ONEPAGER.md","H:\EAR_OS_V2\EAR_OS_V2\docs\release","7446","08/08/2026 19:44:00"
"H:\EAR_OS_V2\EAR_OS_V2\docs\release\EAR_OS_KNOWLEDGE_GRAPH.md","H:\EAR_OS_V2\EAR_OS_V2\docs\release","14819","08/08/2026 19:44:00"
"H:\EAR_OS_V2\EAR_OS_V2\docs\release\EAR_OS_MASTER_TECHNICAL_BLUEPRINT_100_POINTS.md","H:\EAR_OS_V2\EAR_OS_V2\docs\release","29366","17/08/2026 17:25:13"
"H:\EAR_OS_V2\EAR_OS_V2\docs\release\EAR_OS_SESSION_EXPORT_2026_08_17.md","H:\EAR_OS_V2\EAR_OS_V2\docs\release","3678253","17/08/2026 23:03:30"
"H:\EAR_OS_V2\EAR_OS_V2\docs\release\execution_sequence.md","H:\EAR_OS_V2\EAR_OS_V2\docs\release","2306","08/08/2026 19:44:00"
"H:\EAR_OS_V2\EAR_OS_V2\docs\release\FORENSIC_AUDIT_EVIDENCE.md","H:\EAR_OS_V2\EAR_OS_V2\docs\release","1506","08/08/2026 19:44:00"
"H:\EAR_OS_V2\EAR_OS_V2\docs\release\graph_schema.md","H:\EAR_OS_V2\EAR_OS_V2\docs\release","2252","08/08/2026 19:44:00"
"H:\EAR_OS_V2\EAR_OS_V2\docs\release\gravitational_architecture.md","H:\EAR_OS_V2\EAR_OS_V2\docs\release","2405","08/08/2026 19:44:00"
"H:\EAR_OS_V2\EAR_OS_V2\docs\release\mental_map_spec.md","H:\EAR_OS_V2\EAR_OS_V2\docs\release","4006","08/08/2026 19:44:00"
"H:\EAR_OS_V2\EAR_OS_V2\docs\release\MVP_EXECUTION_QUEUE.md","H:\EAR_OS_V2\EAR_OS_V2\docs\release","3579","16/08/2026 16:09:58"
"H:\EAR_OS_V2\EAR_OS_V2\docs\release\MVP_GO_NO_GO_CHECKLIST.md","H:\EAR_OS_V2\EAR_OS_V2\docs\release","1460","08/08/2026 19:44:00"
"H:\EAR_OS_V2\EAR_OS_V2\docs\release\MVP_PREVIEW_DEPLOY_INSTRUCTION.md","H:\EAR_OS_V2\EAR_OS_V2\docs\release","6355","08/08/2026 19:44:00"
"H:\EAR_OS_V2\EAR_OS_V2\docs\release\MVP_RELEASE_DOSSIER.md","H:\EAR_OS_V2\EAR_OS_V2\docs\release","6137","08/08/2026 19:44:00"
"H:\EAR_OS_V2\EAR_OS_V2\docs\release\MVP_STAGING_HARDENING_DOSSIER.md","H:\EAR_OS_V2\EAR_OS_V2\docs\release","3362","08/08/2026 19:44:00"
"H:\EAR_OS_V2\EAR_OS_V2\docs\release\node_scoring_policy.md","H:\EAR_OS_V2\EAR_OS_V2\docs\release","2548","08/08/2026 19:44:00"
"H:\EAR_OS_V2\EAR_OS_V2\docs\release\OMEGA_V2_1_SSOT_DIFF.md","H:\EAR_OS_V2\EAR_OS_V2\docs\release","835","08/08/2026 19:44:00"
"H:\EAR_OS_V2\EAR_OS_V2\docs\release\ROUTE_AUTH_MATRIX.md","H:\EAR_OS_V2\EAR_OS_V2\docs\release","1855","08/08/2026 19:44:00"
"H:\EAR_OS_V2\EAR_OS_V2\docs\release\scripts_matrix.md","H:\EAR_OS_V2\EAR_OS_V2\docs\release","2413","08/08/2026 19:44:00"
"H:\EAR_OS_V2\EAR_OS_V2\docs\release\TECHNICAL_DEBT_REGISTER.md","H:\EAR_OS_V2\EAR_OS_V2\docs\release","1427","16/08/2026 9:13:49"
"H:\EAR_OS_V2\EAR_OS_V2\docs\security\EAR_HIGH_RISK_ACTIONS_GATE.md","H:\EAR_OS_V2\EAR_OS_V2\docs\security","975","08/08/2026 19:44:00"
"H:\EAR_OS_V2\EAR_OS_V2\docs\security\EAR_RAG_GUARDRAILS.md","H:\EAR_OS_V2\EAR_OS_V2\docs\security","1219","08/08/2026 19:44:00"
"H:\EAR_OS_V2\EAR_OS_V2\docs\security\HARDENING_CHECKLIST_SCLASS.md","H:\EAR_OS_V2\EAR_OS_V2\docs\security","8525","18/05/2026 16:48:29"
"H:\EAR_OS_V2\EAR_OS_V2\docs\seo\EDWIN_LOCAL_PAGE_UNIQUENESS_RULES.md","H:\EAR_OS_V2\EAR_OS_V2\docs\seo","1727","08/08/2026 19:44:00"
"H:\EAR_OS_V2\EAR_OS_V2\docs\seo\EDWIN_QUESTION_AND_INTENT_CLUSTERS.md","H:\EAR_OS_V2\EAR_OS_V2\docs\seo","1797","08/08/2026 19:44:00"
"H:\EAR_OS_V2\EAR_OS_V2\docs\seo\EDWIN_SITEMAP_EXPANSION_PLAN.md","H:\EAR_OS_V2\EAR_OS_V2\docs\seo","1624","08/08/2026 19:44:00"
"H:\EAR_OS_V2\EAR_OS_V2\docs\seo\GSC_AUTOMATION_PLAYBOOK.md","H:\EAR_OS_V2\EAR_OS_V2\docs\seo","4247","18/08/2026 9:39:55"
"H:\EAR_OS_V2\EAR_OS_V2\docs\seo\GSC_INDEXING_FIX_REPORT.md","H:\EAR_OS_V2\EAR_OS_V2\docs\seo","2821","18/08/2026 10:59:34"
"H:\EAR_OS_V2\EAR_OS_V2\docs\seo\SEO_REBUILD_AUDIT_REPORT.md","H:\EAR_OS_V2\EAR_OS_V2\docs\seo","5990","18/08/2026 7:58:33"
"H:\EAR_OS_V2\EAR_OS_V2\docs\staging\EAR_CONCURRENCY_RESULTS.md","H:\EAR_OS_V2\EAR_OS_V2\docs\staging","1133","08/08/2026 19:44:00"
"H:\EAR_OS_V2\EAR_OS_V2\docs\staging\EAR_GO_NO_GO_DECISION.md","H:\EAR_OS_V2\EAR_OS_V2\docs\staging","1339","08/08/2026 19:44:00"
"H:\EAR_OS_V2\EAR_OS_V2\docs\staging\EAR_GPS_RESILIENCE_RESULTS.md","H:\EAR_OS_V2\EAR_OS_V2\docs\staging","1142","08/08/2026 19:44:00"
"H:\EAR_OS_V2\EAR_OS_V2\docs\staging\EAR_RBAC_AND_ALERTS_RESULTS.md","H:\EAR_OS_V2\EAR_OS_V2\docs\staging","1153","08/08/2026 19:44:00"
"H:\EAR_OS_V2\EAR_OS_V2\docs\staging\EAR_STAGING_AND_STRESS_REPORT.md","H:\EAR_OS_V2\EAR_OS_V2\docs\staging","2038","08/08/2026 19:44:00"
"H:\EAR_OS_V2\EAR_OS_V2\docs\_derived\00_brief_producto_derived.md","H:\EAR_OS_V2\EAR_OS_V2\docs\_derived","753","08/08/2026 19:43:59"
"H:\EAR_OS_V2\EAR_OS_V2\docs\_derived\00_MOC_MAESTRO_derived.md","H:\EAR_OS_V2\EAR_OS_V2\docs\_derived","718","08/08/2026 19:43:59"
"H:\EAR_OS_V2\EAR_OS_V2\docs\_derived\01_estrategia_lanzamiento_derived.md","H:\EAR_OS_V2\EAR_OS_V2\docs\_derived","756","08/08/2026 19:43:59"
"H:\EAR_OS_V2\EAR_OS_V2\docs\_derived\02_funnel_y_crm_consentimiento_derived.md","H:\EAR_OS_V2\EAR_OS_V2\docs\_derived","843","08/08/2026 19:43:59"
"H:\EAR_OS_V2\EAR_OS_V2\docs\_derived\03_produccion_contenido_derived.md","H:\EAR_OS_V2\EAR_OS_V2\docs\_derived","806","08/08/2026 19:43:59"
"H:\EAR_OS_V2\EAR_OS_V2\docs\_derived\04_catalogo_nombres_derived.md","H:\EAR_OS_V2\EAR_OS_V2\docs\_derived","876","08/08/2026 19:43:59"
"H:\EAR_OS_V2\EAR_OS_V2\docs\_derived\05 05 2026 10 05 h  Deploying EAR OS S-Class_derived.md","H:\EAR_OS_V2\EAR_OS_V2\docs\_derived","28754","08/08/2026 19:43:59"
"H:\EAR_OS_V2\EAR_OS_V2\docs\_derived\05 05 2026 10 23 h  Deploying EAR OS S-Class_derived.md","H:\EAR_OS_V2\EAR_OS_V2\docs\_derived","33382","08/08/2026 19:43:59"
"H:\EAR_OS_V2\EAR_OS_V2\docs\_derived\05 05 2026 10 40 h  Deploying EAR OS S-Class_derived.md","H:\EAR_OS_V2\EAR_OS_V2\docs\_derived","33562","08/08/2026 19:43:59"
"H:\EAR_OS_V2\EAR_OS_V2\docs\_derived\05 05 2026 10 59h  Deploying EAR OS S-Class_derived.md","H:\EAR_OS_V2\EAR_OS_V2\docs\_derived","21000","08/08/2026 19:43:59"
"H:\EAR_OS_V2\EAR_OS_V2\docs\_derived\05 05 2026 11  19 h Deploying EAR OS S-Class_derived.md","H:\EAR_OS_V2\EAR_OS_V2\docs\_derived","22979","08/08/2026 19:43:59"
"H:\EAR_OS_V2\EAR_OS_V2\docs\_derived\05 05 2026 12 01 h Deploying EAR OS S-Class_derived.md","H:\EAR_OS_V2\EAR_OS_V2\docs\_derived","10184","08/08/2026 19:43:59"
"H:\EAR_OS_V2\EAR_OS_V2\docs\_derived\05 05 2026 9 40 h  Deploying EAR OS S-Class_derived.md","H:\EAR_OS_V2\EAR_OS_V2\docs\_derived","22088","08/08/2026 19:43:59"
"H:\EAR_OS_V2\EAR_OS_V2\docs\_derived\05 05 2026 Deploying EAR OS S-Class_derived.md","H:\EAR_OS_V2\EAR_OS_V2\docs\_derived","13374","08/08/2026 19:43:59"
"H:\EAR_OS_V2\EAR_OS_V2\docs\_derived\05_legal_privacidad_sorteo_derived.md","H:\EAR_OS_V2\EAR_OS_V2\docs\_derived","827","08/08/2026 19:43:59"
"H:\EAR_OS_V2\EAR_OS_V2\docs\_derived\06 05 2026  18 48 Resuming Supabase Infrastructure Sovereignty_derived.md","H:\EAR_OS_V2\EAR_OS_V2\docs\_derived","21054","08/08/2026 19:43:59"
"H:\EAR_OS_V2\EAR_OS_V2\docs\_derived\06 05 21 17 hResuming Supabase Infrastructure Sovereignty_derived.md","H:\EAR_OS_V2\EAR_OS_V2\docs\_derived","48170","08/08/2026 19:43:59"
"H:\EAR_OS_V2\EAR_OS_V2\docs\_derived\06_metricas_y_experimentos_derived.md","H:\EAR_OS_V2\EAR_OS_V2\docs\_derived","784","08/08/2026 19:43:59"
"H:\EAR_OS_V2\EAR_OS_V2\docs\_derived\07 05 2026  10 48 Resuming Supabase Infrastructure Sovereignty_derived.md","H:\EAR_OS_V2\EAR_OS_V2\docs\_derived","1390","08/08/2026 19:43:59"
"H:\EAR_OS_V2\EAR_OS_V2\docs\_derived\07 05 2026  11  36 h Resuming Supabase Infrastructure Sovereignty_derived.md","H:\EAR_OS_V2\EAR_OS_V2\docs\_derived","2954","08/08/2026 19:43:59"
"H:\EAR_OS_V2\EAR_OS_V2\docs\_derived\07 05 2026  12 10 h Resuming Supabase Infrastructure Sovereignty_derived.md","H:\EAR_OS_V2\EAR_OS_V2\docs\_derived","10286","08/08/2026 19:43:59"
"H:\EAR_OS_V2\EAR_OS_V2\docs\_derived\07 05 2026  12 43 h Resuming Supabase Infrastructure Sovereignty_derived.md","H:\EAR_OS_V2\EAR_OS_V2\docs\_derived","16080","08/08/2026 19:43:59"
"H:\EAR_OS_V2\EAR_OS_V2\docs\_derived\07 05 2026  13 58 h Resuming Supabase Infrastructure Sovereignty_derived.md","H:\EAR_OS_V2\EAR_OS_V2\docs\_derived","30751","08/08/2026 19:43:59"
"H:\EAR_OS_V2\EAR_OS_V2\docs\_derived\07_backlog_aprobacion_derived.md","H:\EAR_OS_V2\EAR_OS_V2\docs\_derived","846","08/08/2026 19:43:59"
"H:\EAR_OS_V2\EAR_OS_V2\docs\_derived\08 05 2026  00 19 h Resuming Supabase Infrastructure Sovereignty_derived.md","H:\EAR_OS_V2\EAR_OS_V2\docs\_derived","23164","08/08/2026 19:43:59"
"H:\EAR_OS_V2\EAR_OS_V2\docs\_derived\08 05 2026  23 02 h Resuming Supabase Infrastructure Sovereignty_derived.md","H:\EAR_OS_V2\EAR_OS_V2\docs\_derived","26082","08/08/2026 19:43:59"
"H:\EAR_OS_V2\EAR_OS_V2\docs\_derived\08 05 2026  9 02 h Resuming Supabase Infrastructure Sovereignty_derived.md","H:\EAR_OS_V2\EAR_OS_V2\docs\_derived","26898","08/08/2026 19:43:59"
"H:\EAR_OS_V2\EAR_OS_V2\docs\_derived\09  05 2026  08 02 h Resuming Supabase Infrastructure Sovereignty_derived.md","H:\EAR_OS_V2\EAR_OS_V2\docs\_derived","31832","08/08/2026 19:43:59"
"H:\EAR_OS_V2\EAR_OS_V2\docs\_derived\11 05 2026  11 40 h Resuming Supabase Infrastructure Sovereignty_derived.md","H:\EAR_OS_V2\EAR_OS_V2\docs\_derived","16259","08/08/2026 19:43:59"
"H:\EAR_OS_V2\EAR_OS_V2\docs\_derived\11 05 2026  11 47 h Resuming Supabase Infrastructure Sovereignty_derived.md","H:\EAR_OS_V2\EAR_OS_V2\docs\_derived","25436","08/08/2026 19:43:59"
"H:\EAR_OS_V2\EAR_OS_V2\docs\_derived\11 05 2026  12 09 h Resuming Supabase Infrastructure Sovereignty_derived.md","H:\EAR_OS_V2\EAR_OS_V2\docs\_derived","35780","08/08/2026 19:43:59"
"H:\EAR_OS_V2\EAR_OS_V2\docs\_derived\11 05 2026  12 39 h Resuming Supabase Infrastructure Sovereignty_derived.md","H:\EAR_OS_V2\EAR_OS_V2\docs\_derived","44610","08/08/2026 19:43:59"
"H:\EAR_OS_V2\EAR_OS_V2\docs\_derived\11 05 2026  12 48 h Resuming Supabase Infrastructure Sovereignty_derived.md","H:\EAR_OS_V2\EAR_OS_V2\docs\_derived","56609","08/08/2026 19:43:59"
"H:\EAR_OS_V2\EAR_OS_V2\docs\_derived\11 05 2026  13 02 h Resuming Supabase Infrastructure Sovereignty_derived.md","H:\EAR_OS_V2\EAR_OS_V2\docs\_derived","64041","08/08/2026 19:43:59"
"H:\EAR_OS_V2\EAR_OS_V2\docs\_derived\11 05 2026  13 34 h Resuming Supabase Infrastructure Sovereignty_derived.md","H:\EAR_OS_V2\EAR_OS_V2\docs\_derived","78623","08/08/2026 19:43:59"
"H:\EAR_OS_V2\EAR_OS_V2\docs\_derived\11 05 2026  13 42 h Resuming Supabase Infrastructure Sovereignty_derived.md","H:\EAR_OS_V2\EAR_OS_V2\docs\_derived","87701","08/08/2026 19:43:59"
"H:\EAR_OS_V2\EAR_OS_V2\docs\_derived\11 05 2026  13 57 h Resuming Supabase Infrastructure Sovereignty_derived.md","H:\EAR_OS_V2\EAR_OS_V2\docs\_derived","112096","08/08/2026 19:43:59"
"H:\EAR_OS_V2\EAR_OS_V2\docs\_derived\11 05 2026  14 31 h Resuming Supabase Infrastructure Sovereignty_derived.md","H:\EAR_OS_V2\EAR_OS_V2\docs\_derived","180184","08/08/2026 19:43:59"
"H:\EAR_OS_V2\EAR_OS_V2\docs\_derived\11 05 2026  15 21 h Resuming Supabase Infrastructure Sovereignty_derived.md","H:\EAR_OS_V2\EAR_OS_V2\docs\_derived","216381","08/08/2026 19:43:59"
"H:\EAR_OS_V2\EAR_OS_V2\docs\_derived\11 05 2026  17 21 h Resuming Supabase Infrastructure Sovereignty_derived.md","H:\EAR_OS_V2\EAR_OS_V2\docs\_derived","274445","08/08/2026 19:43:59"
"H:\EAR_OS_V2\EAR_OS_V2\docs\_derived\11 05 2026  18 01 h Resuming Supabase Infrastructure Sovereignty_derived.md","H:\EAR_OS_V2\EAR_OS_V2\docs\_derived","294308","08/08/2026 19:43:59"
"H:\EAR_OS_V2\EAR_OS_V2\docs\_derived\11 05 2026  18 18 h Resuming Supabase Infrastructure Sovereignty_derived.md","H:\EAR_OS_V2\EAR_OS_V2\docs\_derived","317901","08/08/2026 19:43:59"
"H:\EAR_OS_V2\EAR_OS_V2\docs\_derived\11 05 2026  18 33 h Resuming Supabase Infrastructure Sovereignty_derived.md","H:\EAR_OS_V2\EAR_OS_V2\docs\_derived","329702","08/08/2026 19:43:59"
"H:\EAR_OS_V2\EAR_OS_V2\docs\_derived\11 05 2026  23 29 h Resuming Supabase Infrastructure Sovereignty_derived.md","H:\EAR_OS_V2\EAR_OS_V2\docs\_derived","182632","08/08/2026 19:43:59"
"H:\EAR_OS_V2\EAR_OS_V2\docs\_derived\12 05 2026  10 59  h Resuming Supabase Infrastructure Sovereignty_derived.md","H:\EAR_OS_V2\EAR_OS_V2\docs\_derived","15940","08/08/2026 19:43:59"
"H:\EAR_OS_V2\EAR_OS_V2\docs\_derived\12 05 2026  14 31 h Resuming Supabase Infrastructure Sovereignty_derived.md","H:\EAR_OS_V2\EAR_OS_V2\docs\_derived","21592","08/08/2026 19:43:59"
"H:\EAR_OS_V2\EAR_OS_V2\docs\_derived\12 05 2026  15 0 3 h Resuming Supabase Infrastructure Sovereignty_derived.md","H:\EAR_OS_V2\EAR_OS_V2\docs\_derived","38001","08/08/2026 19:43:59"
"H:\EAR_OS_V2\EAR_OS_V2\docs\_derived\12 05 2026  16 30 h Resuming Supabase Infrastructure Sovereignty_derived.md","H:\EAR_OS_V2\EAR_OS_V2\docs\_derived","95365","08/08/2026 19:43:59"
"H:\EAR_OS_V2\EAR_OS_V2\docs\_derived\12 05 2026  17 21 h Resuming Supabase Infrastructure Sovereignty_derived.md","H:\EAR_OS_V2\EAR_OS_V2\docs\_derived","126776","08/08/2026 19:43:59"
"H:\EAR_OS_V2\EAR_OS_V2\docs\_derived\12 05 2026  19 21 h Resuming Supabase Infrastructure Sovereignty_derived.md","H:\EAR_OS_V2\EAR_OS_V2\docs\_derived","8207","08/08/2026 19:43:59"
"H:\EAR_OS_V2\EAR_OS_V2\docs\_derived\13 05 2026  07  21 h Resuming Supabase Infrastructure Sovereignty_derived.md","H:\EAR_OS_V2\EAR_OS_V2\docs\_derived","7051","08/08/2026 19:43:59"
"H:\EAR_OS_V2\EAR_OS_V2\docs\_derived\13 05 2026  08 21 h Resuming Supabase Infrastructure Sovereignty_derived.md","H:\EAR_OS_V2\EAR_OS_V2\docs\_derived","53493","08/08/2026 19:43:59"
"H:\EAR_OS_V2\EAR_OS_V2\docs\_derived\13 05 2026  10 06  h Resuming Supabase Infrastructure Sovereignty_derived.md","H:\EAR_OS_V2\EAR_OS_V2\docs\_derived","127357","08/08/2026 19:43:59"
"H:\EAR_OS_V2\EAR_OS_V2\docs\_derived\13 05 2026  10 43 h Resuming Supabase Infrastructure Sovereignty_derived.md","H:\EAR_OS_V2\EAR_OS_V2\docs\_derived","158764","08/08/2026 19:43:59"
"H:\EAR_OS_V2\EAR_OS_V2\docs\_derived\13 05 2026  11 24 h Resuming Supabase Infrastructure Sovereignty_derived.md","H:\EAR_OS_V2\EAR_OS_V2\docs\_derived","209983","08/08/2026 19:43:59"
"H:\EAR_OS_V2\EAR_OS_V2\docs\_derived\13 05 2026  11 33 h Resuming Supabase Infrastructure Sovereignty_derived.md","H:\EAR_OS_V2\EAR_OS_V2\docs\_derived","213739","08/08/2026 19:43:59"
"H:\EAR_OS_V2\EAR_OS_V2\docs\_derived\13 05 2026  12 09 h Resuming Supabase Infrastructure Sovereignty_derived.md","H:\EAR_OS_V2\EAR_OS_V2\docs\_derived","268811","08/08/2026 19:43:59"
"H:\EAR_OS_V2\EAR_OS_V2\docs\_derived\13 05 2026  14 33 h Resuming Supabase Infrastructure Sovereignty_derived.md","H:\EAR_OS_V2\EAR_OS_V2\docs\_derived","339865","08/08/2026 19:43:59"
"H:\EAR_OS_V2\EAR_OS_V2\docs\_derived\13 05 2026  20 03 h Resuming Supabase Infrastructure Sovereignty_derived.md","H:\EAR_OS_V2\EAR_OS_V2\docs\_derived","80850","08/08/2026 19:43:59"
"H:\EAR_OS_V2\EAR_OS_V2\docs\_derived\13 05 2026  20 15 h Resuming Supabase Infrastructure Sovereignty_derived.md","H:\EAR_OS_V2\EAR_OS_V2\docs\_derived","108929","08/08/2026 19:43:59"
"H:\EAR_OS_V2\EAR_OS_V2\docs\_derived\13 05 2026  20 24 h Resuming Supabase Infrastructure Sovereignty_derived.md","H:\EAR_OS_V2\EAR_OS_V2\docs\_derived","130294","08/08/2026 19:43:59"
"H:\EAR_OS_V2\EAR_OS_V2\docs\_derived\13 05 2026  22 42  h Resuming Supabase Infrastructure Sovereignty_derived.md","H:\EAR_OS_V2\EAR_OS_V2\docs\_derived","165271","08/08/2026 19:43:59"
"H:\EAR_OS_V2\EAR_OS_V2\docs\_derived\14 05 2026  12 42  h Resuming Supabase Infrastructure Sovereignty_derived.md","H:\EAR_OS_V2\EAR_OS_V2\docs\_derived","144471","08/08/2026 19:43:59"
"H:\EAR_OS_V2\EAR_OS_V2\docs\_derived\14 05 2026  19 42  h Resuming Supabase Infrastructure Sovereignty_derived.md","H:\EAR_OS_V2\EAR_OS_V2\docs\_derived","12254","08/08/2026 19:43:59"
"H:\EAR_OS_V2\EAR_OS_V2\docs\_derived\15 05  13 07 Forensic Audit Of VIMUME Corpus_derived.md","H:\EAR_OS_V2\EAR_OS_V2\docs\_derived","393328","08/08/2026 19:43:59"
"H:\EAR_OS_V2\EAR_OS_V2\docs\_derived\15 05 2026  10 22  h Resuming Supabase Infrastructure Sovereignty_derived.md","H:\EAR_OS_V2\EAR_OS_V2\docs\_derived","14487","08/08/2026 19:43:59"
"H:\EAR_OS_V2\EAR_OS_V2\docs\_derived\15 05 2026  10 27 h Resuming Supabase Infrastructure Sovereignty - copia_derived.md","H:\EAR_OS_V2\EAR_OS_V2\docs\_derived","77548","08/08/2026 19:43:59"
"H:\EAR_OS_V2\EAR_OS_V2\docs\_derived\15 05 2026  10 27 h Resuming Supabase Infrastructure Sovereignty_derived.md","H:\EAR_OS_V2\EAR_OS_V2\docs\_derived","77540","08/08/2026 19:43:59"
"H:\EAR_OS_V2\EAR_OS_V2\docs\_derived\15 05 2026  17 05 h Resuming Supabase Infrastructure Sovereignty - copia - copia_derived.md","H:\EAR_OS_V2\EAR_OS_V2\docs\_derived","482078","08/08/2026 19:43:59"
"H:\EAR_OS_V2\EAR_OS_V2\docs\_derived\15 05 2026  17 05 h Resuming Supabase Infrastructure Sovereignty - copia_derived.md","H:\EAR_OS_V2\EAR_OS_V2\docs\_derived","482070","08/08/2026 19:43:59"
"H:\EAR_OS_V2\EAR_OS_V2\docs\_derived\15 05 2026  17 05 h Resuming Supabase Infrastructure Sovereignty_derived.md","H:\EAR_OS_V2\EAR_OS_V2\docs\_derived","482062","08/08/2026 19:43:59"
"H:\EAR_OS_V2\EAR_OS_V2\docs\_derived\15 05 2026  22 05 h Resuming Supabase Infrastructure Sovereignty - copia - copia_derived.md","H:\EAR_OS_V2\EAR_OS_V2\docs\_derived","558474","08/08/2026 19:43:59"
"H:\EAR_OS_V2\EAR_OS_V2\docs\_derived\15 05 2026  22 05 h Resuming Supabase Infrastructure Sovereignty - copia_derived.md","H:\EAR_OS_V2\EAR_OS_V2\docs\_derived","558466","08/08/2026 19:43:59"
"H:\EAR_OS_V2\EAR_OS_V2\docs\_derived\15 05 2026  22 05 h Resuming Supabase Infrastructure Sovereignty_derived.md","H:\EAR_OS_V2\EAR_OS_V2\docs\_derived","558458","08/08/2026 19:43:59"
"H:\EAR_OS_V2\EAR_OS_V2\docs\_derived\17 05 2026  10 40 h Resuming Supabase Infrastructure Sovereignty - copia - copia_derived.md","H:\EAR_OS_V2\EAR_OS_V2\docs\_derived","17143","08/08/2026 19:43:59"
"H:\EAR_OS_V2\EAR_OS_V2\docs\_derived\17 05 2026  10 40 h Resuming Supabase Infrastructure Sovereignty - copia_derived.md","H:\EAR_OS_V2\EAR_OS_V2\docs\_derived","17135","08/08/2026 19:43:59"
"H:\EAR_OS_V2\EAR_OS_V2\docs\_derived\17 05 2026  10 40 h Resuming Supabase Infrastructure Sovereignty_derived.md","H:\EAR_OS_V2\EAR_OS_V2\docs\_derived","17127","08/08/2026 19:43:59"
"H:\EAR_OS_V2\EAR_OS_V2\docs\_derived\17 05 2026  19 40 h Resuming Supabase Infrastructure Sovereignty - copia - copia_derived.md","H:\EAR_OS_V2\EAR_OS_V2\docs\_derived","222616","08/08/2026 19:43:59"
"H:\EAR_OS_V2\EAR_OS_V2\docs\_derived\17 05 2026  19 40 h Resuming Supabase Infrastructure Sovereignty - copia_derived.md","H:\EAR_OS_V2\EAR_OS_V2\docs\_derived","222608","08/08/2026 19:43:59"
"H:\EAR_OS_V2\EAR_OS_V2\docs\_derived\17 05 2026  19 40 h Resuming Supabase Infrastructure Sovereignty_derived.md","H:\EAR_OS_V2\EAR_OS_V2\docs\_derived","222600","08/08/2026 19:43:59"
"H:\EAR_OS_V2\EAR_OS_V2\docs\_derived\17 05 2026  21 00 h Resuming Supabase Infrastructure Sovereignty_derived.md","H:\EAR_OS_V2\EAR_OS_V2\docs\_derived","370878","08/08/2026 19:43:59"
"H:\EAR_OS_V2\EAR_OS_V2\docs\_derived\17 05 2026  21 32 h Resuming Supabase Infrastructure Sovereignty_derived.md","H:\EAR_OS_V2\EAR_OS_V2\docs\_derived","373745","08/08/2026 19:43:59"
"H:\EAR_OS_V2\EAR_OS_V2\docs\_derived\18 05 2026  11 22 h Resuming Supabase Infrastructure Sovereignty_derived.md","H:\EAR_OS_V2\EAR_OS_V2\docs\_derived","316217","08/08/2026 19:43:59"
"H:\EAR_OS_V2\EAR_OS_V2\docs\_derived\18 05 2026  11 28 h Resuming Supabase Infrastructure Sovereignty_derived.md","H:\EAR_OS_V2\EAR_OS_V2\docs\_derived","323156","08/08/2026 19:43:59"
"H:\EAR_OS_V2\EAR_OS_V2\docs\_derived\2 Ensamblaje Atómico EAR OS V2_derived.md","H:\EAR_OS_V2\EAR_OS_V2\docs\_derived","27146","08/08/2026 19:43:59"
"H:\EAR_OS_V2\EAR_OS_V2\docs\_derived\3 Ensamblaje Atómico EAR OS V2_derived.md","H:\EAR_OS_V2\EAR_OS_V2\docs\_derived","90675","08/08/2026 19:43:59"
"H:\EAR_OS_V2\EAR_OS_V2\docs\_derived\4 Ensamblaje Atómico EAR OS V2_derived.md","H:\EAR_OS_V2\EAR_OS_V2\docs\_derived","91310","08/08/2026 19:43:59"
"H:\EAR_OS_V2\EAR_OS_V2\docs\_derived\absorption_policy_derived.md","H:\EAR_OS_V2\EAR_OS_V2\docs\_derived","2242","08/08/2026 19:43:59"
"H:\EAR_OS_V2\EAR_OS_V2\docs\_derived\ADR Plantilla_derived.md","H:\EAR_OS_V2\EAR_OS_V2\docs\_derived","1801","08/08/2026 19:43:59"
"H:\EAR_OS_V2\EAR_OS_V2\docs\_derived\ANTIGRAVITY_OMEGA_V2_1_PROPOSED_derived.md","H:\EAR_OS_V2\EAR_OS_V2\docs\_derived","17469","08/08/2026 19:43:59"
"H:\EAR_OS_V2\EAR_OS_V2\docs\_derived\AuraWallet_derived.md","H:\EAR_OS_V2\EAR_OS_V2\docs\_derived","321","08/08/2026 19:43:59"
"H:\EAR_OS_V2\EAR_OS_V2\docs\_derived\Checklist de Hardening_derived.md","H:\EAR_OS_V2\EAR_OS_V2\docs\_derived","2003","08/08/2026 19:43:59"
"H:\EAR_OS_V2\EAR_OS_V2\docs\_derived\CLINE_MVP_RULES_derived.md","H:\EAR_OS_V2\EAR_OS_V2\docs\_derived","1912","08/08/2026 19:43:59"
"H:\EAR_OS_V2\EAR_OS_V2\docs\_derived\CLINE_OMEGA_LOCAL_100_PROMPTS_RX7900XTX_derived.md","H:\EAR_OS_V2\EAR_OS_V2\docs\_derived","13484","08/08/2026 19:43:59"
"H:\EAR_OS_V2\EAR_OS_V2\docs\_derived\CLINE_RULES_V2_derived.md","H:\EAR_OS_V2\EAR_OS_V2\docs\_derived","2554","08/08/2026 19:43:59"
"H:\EAR_OS_V2\EAR_OS_V2\docs\_derived\CLINE_RULES_V3_derived.md","H:\EAR_OS_V2\EAR_OS_V2\docs\_derived","8736","08/08/2026 19:43:59"
"H:\EAR_OS_V2\EAR_OS_V2\docs\_derived\continuity_node_derived.md","H:\EAR_OS_V2\EAR_OS_V2\docs\_derived","2479","08/08/2026 19:43:59"
"H:\EAR_OS_V2\EAR_OS_V2\docs\_derived\DEPLOYCERTIFICATE_derived.md","H:\EAR_OS_V2\EAR_OS_V2\docs\_derived","1717","08/08/2026 19:43:59"
"H:\EAR_OS_V2\EAR_OS_V2\docs\_derived\discovery_policy_derived.md","H:\EAR_OS_V2\EAR_OS_V2\docs\_derived","1608","08/08/2026 19:43:59"
"H:\EAR_OS_V2\EAR_OS_V2\docs\_derived\docs_refresh_report_derived.md","H:\EAR_OS_V2\EAR_OS_V2\docs\_derived","18561","08/08/2026 19:43:59"
"H:\EAR_OS_V2\EAR_OS_V2\docs\_derived\EAR OS Strategic Roadmap_derived.md","H:\EAR_OS_V2\EAR_OS_V2\docs\_derived","2053","08/08/2026 19:43:59"
"H:\EAR_OS_V2\EAR_OS_V2\docs\_derived\EAR_OS_BIT_GENOME_derived.md","H:\EAR_OS_V2\EAR_OS_V2\docs\_derived","654","08/08/2026 19:43:59"
"H:\EAR_OS_V2\EAR_OS_V2\docs\_derived\EAR_OS_DESIGN_TOKENS_derived.md","H:\EAR_OS_V2\EAR_OS_V2\docs\_derived","1885","08/08/2026 19:43:59"
"H:\EAR_OS_V2\EAR_OS_V2\docs\_derived\EAR_OS_OMEGA_PROMPTS_derived.md","H:\EAR_OS_V2\EAR_OS_V2\docs\_derived","26304","08/08/2026 19:43:59"
"H:\EAR_OS_V2\EAR_OS_V2\docs\_derived\EAR_OS_STYLE_AND_VERCEL_PREFLIGHT_derived.md","H:\EAR_OS_V2\EAR_OS_V2\docs\_derived","2887","08/08/2026 19:43:59"
"H:\EAR_OS_V2\EAR_OS_V2\docs\_derived\EAR_OS_VERCEL_CHECKLIST_derived.md","H:\EAR_OS_V2\EAR_OS_V2\docs\_derived","1834","08/08/2026 19:43:59"
"H:\EAR_OS_V2\EAR_OS_V2\docs\_derived\Esquema General_derived.md","H:\EAR_OS_V2\EAR_OS_V2\docs\_derived","2578","08/08/2026 19:43:59"
"H:\EAR_OS_V2\EAR_OS_V2\docs\_derived\execution_sequence_derived.md","H:\EAR_OS_V2\EAR_OS_V2\docs\_derived","2650","08/08/2026 19:43:59"
"H:\EAR_OS_V2\EAR_OS_V2\docs\_derived\final-audit_derived.md","H:\EAR_OS_V2\EAR_OS_V2\docs\_derived","3208","08/08/2026 19:43:59"
"H:\EAR_OS_V2\EAR_OS_V2\docs\_derived\firestore-schema_derived.md","H:\EAR_OS_V2\EAR_OS_V2\docs\_derived","3779","08/08/2026 19:43:59"
"H:\EAR_OS_V2\EAR_OS_V2\docs\_derived\FORENSIC_AUDIT_EVIDENCE_derived.md","H:\EAR_OS_V2\EAR_OS_V2\docs\_derived","1854","08/08/2026 19:43:59"
"H:\EAR_OS_V2\EAR_OS_V2\docs\_derived\formal-audit-status_derived.md","H:\EAR_OS_V2\EAR_OS_V2\docs\_derived","2726","08/08/2026 19:43:59"
"H:\EAR_OS_V2\EAR_OS_V2\docs\_derived\google_business_posts_drafts_derived.md","H:\EAR_OS_V2\EAR_OS_V2\docs\_derived","2158","08/08/2026 19:43:59"
"H:\EAR_OS_V2\EAR_OS_V2\docs\_derived\gravitational_architecture_derived.md","H:\EAR_OS_V2\EAR_OS_V2\docs\_derived","2757","08/08/2026 19:43:59"
"H:\EAR_OS_V2\EAR_OS_V2\docs\_derived\HARDENING_CHECKLIST_SCLASS_derived.md","H:\EAR_OS_V2\EAR_OS_V2\docs\_derived","8972","08/08/2026 19:43:59"
"H:\EAR_OS_V2\EAR_OS_V2\docs\_derived\Historia de Edwin Agudelo_derived.md","H:\EAR_OS_V2\EAR_OS_V2\docs\_derived","2643","08/08/2026 19:43:59"
"H:\EAR_OS_V2\EAR_OS_V2\docs\_derived\Indice Central_derived.md","H:\EAR_OS_V2\EAR_OS_V2\docs\_derived","2430","08/08/2026 19:43:59"
"H:\EAR_OS_V2\EAR_OS_V2\docs\_derived\INVENTARIO_TOTAL_derived.md","H:\EAR_OS_V2\EAR_OS_V2\docs\_derived","2546","08/08/2026 19:43:59"
"H:\EAR_OS_V2\EAR_OS_V2\docs\_derived\inventory_derived.md","H:\EAR_OS_V2\EAR_OS_V2\docs\_derived","2486","08/08/2026 19:43:59"
"H:\EAR_OS_V2\EAR_OS_V2\docs\_derived\knowledge-vault-map_derived.md","H:\EAR_OS_V2\EAR_OS_V2\docs\_derived","1856","08/08/2026 19:43:59"
"H:\EAR_OS_V2\EAR_OS_V2\docs\_derived\manual-admin_derived.md","H:\EAR_OS_V2\EAR_OS_V2\docs\_derived","3757","08/08/2026 19:43:59"
"H:\EAR_OS_V2\EAR_OS_V2\docs\_derived\manual-usuario_derived.md","H:\EAR_OS_V2\EAR_OS_V2\docs\_derived","3420","08/08/2026 19:43:59"
"H:\EAR_OS_V2\EAR_OS_V2\docs\_derived\Matriz de Permisos_derived.md","H:\EAR_OS_V2\EAR_OS_V2\docs\_derived","2353","08/08/2026 19:43:59"
"H:\EAR_OS_V2\EAR_OS_V2\docs\_derived\mental_map_spec_derived.md","H:\EAR_OS_V2\EAR_OS_V2\docs\_derived","4347","08/08/2026 19:43:59"
"H:\EAR_OS_V2\EAR_OS_V2\docs\_derived\MVP_EXECUTION_QUEUE_derived.md","H:\EAR_OS_V2\EAR_OS_V2\docs\_derived","2127","08/08/2026 19:43:59"
"H:\EAR_OS_V2\EAR_OS_V2\docs\_derived\MVP_GO_NO_GO_CHECKLIST_derived.md","H:\EAR_OS_V2\EAR_OS_V2\docs\_derived","1808","08/08/2026 19:43:59"
"H:\EAR_OS_V2\EAR_OS_V2\docs\_derived\MVP_PREVIEW_DEPLOY_INSTRUCTION_derived.md","H:\EAR_OS_V2\EAR_OS_V2\docs\_derived","6711","08/08/2026 19:43:59"
"H:\EAR_OS_V2\EAR_OS_V2\docs\_derived\MVP_RELEASE_DOSSIER_derived.md","H:\EAR_OS_V2\EAR_OS_V2\docs\_derived","5749","08/08/2026 19:43:59"
"H:\EAR_OS_V2\EAR_OS_V2\docs\_derived\node_scoring_policy_derived.md","H:\EAR_OS_V2\EAR_OS_V2\docs\_derived","2884","08/08/2026 19:43:59"
"H:\EAR_OS_V2\EAR_OS_V2\docs\_derived\OMEGA_V2_1_SSOT_DIFF_derived.md","H:\EAR_OS_V2\EAR_OS_V2\docs\_derived","1180","08/08/2026 19:43:59"
"H:\EAR_OS_V2\EAR_OS_V2\docs\_derived\Postmortem Plantilla_derived.md","H:\EAR_OS_V2\EAR_OS_V2\docs\_derived","2061","08/08/2026 19:43:59"
"H:\EAR_OS_V2\EAR_OS_V2\docs\_derived\README_derived.md","H:\EAR_OS_V2\EAR_OS_V2\docs\_derived","1217","08/08/2026 19:43:59"
"H:\EAR_OS_V2\EAR_OS_V2\docs\_derived\reconciliation_derived.md","H:\EAR_OS_V2\EAR_OS_V2\docs\_derived","1648","08/08/2026 19:43:59"
"H:\EAR_OS_V2\EAR_OS_V2\docs\_derived\Release v1.0.0_derived.md","H:\EAR_OS_V2\EAR_OS_V2\docs\_derived","1806","08/08/2026 19:43:59"
"H:\EAR_OS_V2\EAR_OS_V2\docs\_derived\ROUTE_AUTH_MATRIX_derived.md","H:\EAR_OS_V2\EAR_OS_V2\docs\_derived","2197","08/08/2026 19:43:59"
"H:\EAR_OS_V2\EAR_OS_V2\docs\_derived\Runbook de Deploy a Vercel_derived.md","H:\EAR_OS_V2\EAR_OS_V2\docs\_derived","1967","08/08/2026 19:43:59"
"H:\EAR_OS_V2\EAR_OS_V2\docs\_derived\Runbook de Rollback_derived.md","H:\EAR_OS_V2\EAR_OS_V2\docs\_derived","1880","08/08/2026 19:43:59"
"H:\EAR_OS_V2\EAR_OS_V2\docs\_derived\runtime-reality-check_derived.md","H:\EAR_OS_V2\EAR_OS_V2\docs\_derived","1823","08/08/2026 19:43:59"
"H:\EAR_OS_V2\EAR_OS_V2\docs\_derived\scripts_matrix_derived.md","H:\EAR_OS_V2\EAR_OS_V2\docs\_derived","2753","08/08/2026 19:43:59"
"H:\EAR_OS_V2\EAR_OS_V2\docs\_derived\security-audit_derived.md","H:\EAR_OS_V2\EAR_OS_V2\docs\_derived","1370","08/08/2026 19:43:59"
"H:\EAR_OS_V2\EAR_OS_V2\docs\_derived\security-smoke-test_derived.md","H:\EAR_OS_V2\EAR_OS_V2\docs\_derived","2843","08/08/2026 19:43:59"
"H:\EAR_OS_V2\EAR_OS_V2\docs\_derived\SEO_DOMINANCE_PLAN_derived.md","H:\EAR_OS_V2\EAR_OS_V2\docs\_derived","4887","08/08/2026 19:43:59"
"H:\EAR_OS_V2\EAR_OS_V2\docs\_derived\SOVEREIGN_GENOMA_derived.md","H:\EAR_OS_V2\EAR_OS_V2\docs\_derived","2085","08/08/2026 19:43:59"
"H:\EAR_OS_V2\EAR_OS_V2\docs\_derived\STITCH_CUSTOMER_JOURNEY_MAP_derived.md","H:\EAR_OS_V2\EAR_OS_V2\docs\_derived","4795","08/08/2026 19:43:59"
"H:\EAR_OS_V2\EAR_OS_V2\docs\_derived\TECHNICAL_DEBT_REGISTER_derived.md","H:\EAR_OS_V2\EAR_OS_V2\docs\_derived","1273","08/08/2026 19:43:59"
"H:\EAR_OS_V2\EAR_OS_V2\docs\_derived\trace_derived.md","H:\EAR_OS_V2\EAR_OS_V2\docs\_derived","1822","08/08/2026 19:43:59"
"H:\EAR_OS_V2\EAR_OS_V2\docs\_derived\v182-audit_derived.md","H:\EAR_OS_V2\EAR_OS_V2\docs\_derived","3869","08/08/2026 19:43:59"
"H:\EAR_OS_V2\EAR_OS_V2\docs\_derived\V207_WEBHOOK_SECRETS_derived.md","H:\EAR_OS_V2\EAR_OS_V2\docs\_derived","964","08/08/2026 19:43:59"
"H:\EAR_OS_V2\EAR_OS_V2\docs\_derived\vertical-artists-manifest_derived.md","H:\EAR_OS_V2\EAR_OS_V2\docs\_derived","2376","08/08/2026 19:43:59"
"H:\EAR_OS_V2\EAR_OS_V2\docs\_derived\Webhook de Stripe Connect_derived.md","H:\EAR_OS_V2\EAR_OS_V2\docs\_derived","2882","08/08/2026 19:43:59"
"H:\EAR_OS_V2\EAR_OS_V2\docs\_meta\docs_refresh_report.md","H:\EAR_OS_V2\EAR_OS_V2\docs\_meta","18399","08/08/2026 19:43:59"
"H:\EAR_OS_V2\EAR_OS_V2\EAR_OS_CONTROL\staging\absorbed\01_SSOT_Y_KERNELS\CLINE_OMEGA_KERNEL.md","H:\EAR_OS_V2\EAR_OS_V2\EAR_OS_CONTROL\staging\absorbed\01_SSOT_Y_KERNELS","7665","18/05/2026 17:45:51"
"H:\EAR_OS_V2\EAR_OS_V2\EAR_OS_CONTROL\staging\absorbed\docs\EAR_OS_STYLE_AND_VERCEL_PREFLIGHT.md","H:\EAR_OS_V2\EAR_OS_V2\EAR_OS_CONTROL\staging\absorbed\docs","2496","15/05/2026 22:06:36"
"H:\EAR_OS_V2\EAR_OS_V2\EAR_OS_CONTROL\staging\absorbed\docs\EAR_OS_VERCEL_CHECKLIST.md","H:\EAR_OS_V2\EAR_OS_V2\EAR_OS_CONTROL\staging\absorbed\docs","1462","17/05/2026 21:30:26"
"H:\EAR_OS_V2\EAR_OS_V2\EAR_OS_CONTROL\staging\absorbed\docs\release\EAR_OS_KNOWLEDGE_GRAPH.md","H:\EAR_OS_V2\EAR_OS_V2\EAR_OS_CONTROL\staging\absorbed\docs\release","14606","06/08/2026 22:05:21"
"H:\EAR_OS_V2\EAR_OS_V2\EAR_OS_CONTROL\staging\absorbed\docs\release\MVP_EXECUTION_QUEUE.md","H:\EAR_OS_V2\EAR_OS_V2\EAR_OS_CONTROL\staging\absorbed\docs\release","1747","06/08/2026 20:14:35"
"H:\EAR_OS_V2\EAR_OS_V2\EAR_OS_CONTROL\staging\absorbed\docs\release\MVP_RELEASE_DOSSIER.md","H:\EAR_OS_V2\EAR_OS_V2\EAR_OS_CONTROL\staging\absorbed\docs\release","2433","06/08/2026 20:15:00"
"H:\EAR_OS_V2\EAR_OS_V2\extracted_astra_neural\README.md","H:\EAR_OS_V2\EAR_OS_V2\extracted_astra_neural","542","17/08/2026 11:21:49"
"H:\EAR_OS_V2\EAR_OS_V2\g s console\rendimiento a fecha 13 05 2026\Ensamblaje Atómico EAR OS V2.md","H:\EAR_OS_V2\EAR_OS_V2\g s console\rendimiento a fecha 13 05 2026","18332","04/05/2026 13:22:20"
"H:\EAR_OS_V2\EAR_OS_V2\incubadora\2026-05-18_PROMPTS_PARTE_1.md","H:\EAR_OS_V2\EAR_OS_V2\incubadora","879385","05/05/2026 15:57:53"
"H:\EAR_OS_V2\EAR_OS_V2\incubadora\2026-05-18_PROMPTS_PARTE_10.md","H:\EAR_OS_V2\EAR_OS_V2\incubadora","4684481","05/05/2026 15:57:56"
"H:\EAR_OS_V2\EAR_OS_V2\Marketing_Skills\AB_TESTING_ROADMAP_EAR.md","H:\EAR_OS_V2\EAR_OS_V2\Marketing_Skills","3519","10/02/2026 19:15:18"
"H:\EAR_OS_V2\EAR_OS_V2\Marketing_Skills\AUDITORIA_AGENTES_EAR.md","H:\EAR_OS_V2\EAR_OS_V2\Marketing_Skills","9037","12/02/2026 8:47:22"
"H:\EAR_OS_V2\EAR_OS_V2\Marketing_Skills\COPY_HOMEPAGE_EAR.md","H:\EAR_OS_V2\EAR_OS_V2\Marketing_Skills","1959","10/02/2026 23:10:41"
"H:\EAR_OS_V2\EAR_OS_V2\Marketing_Skills\CRO_OPTIMIZATION_PLAN.md","H:\EAR_OS_V2\EAR_OS_V2\Marketing_Skills","1227","10/02/2026 22:09:06"
"H:\EAR_OS_V2\EAR_OS_V2\Marketing_Skills\EAR_SEO_STRATEGY_2026.md","H:\EAR_OS_V2\EAR_OS_V2\Marketing_Skills","2253","14/02/2026 17:11:55"
"H:\EAR_OS_V2\EAR_OS_V2\Marketing_Skills\EMAIL_SEQUENCE_EAR.md","H:\EAR_OS_V2\EAR_OS_V2\Marketing_Skills","5752","10/02/2026 19:11:53"
"H:\EAR_OS_V2\EAR_OS_V2\Marketing_Skills\MARKETING_SEO_MASTER_PLAN.md","H:\EAR_OS_V2\EAR_OS_V2\Marketing_Skills","2303","10/02/2026 23:10:31"
"H:\EAR_OS_V2\EAR_OS_V2\Marketing_Skills\ONBOARDING_INTERVENTION_EAR.md","H:\EAR_OS_V2\EAR_OS_V2\Marketing_Skills","2123","10/02/2026 19:13:09"
"H:\EAR_OS_V2\EAR_OS_V2\Marketing_Skills\POPUP_STRATEGY_EAR.md","H:\EAR_OS_V2\EAR_OS_V2\Marketing_Skills","2005","10/02/2026 23:10:52"
"H:\EAR_OS_V2\EAR_OS_V2\Marketing_Skills\STRATEGY_CALCULATOR_EAR.md","H:\EAR_OS_V2\EAR_OS_V2\Marketing_Skills","4859","10/02/2026 19:09:35"
"H:\EAR_OS_V2\EAR_OS_V2\Marketing_Skills\.agent\skills\ab-test-setup\SKILL.md","H:\EAR_OS_V2\EAR_OS_V2\Marketing_Skills\.agent\skills\ab-test-setup","7074","28/01/2026 9:06:49"
"H:\EAR_OS_V2\EAR_OS_V2\Marketing_Skills\.agent\skills\ab-test-setup\references\sample-size-guide.md","H:\EAR_OS_V2\EAR_OS_V2\Marketing_Skills\.agent\skills\ab-test-setup\references","7068","28/01/2026 9:06:49"
"H:\EAR_OS_V2\EAR_OS_V2\Marketing_Skills\.agent\skills\ab-test-setup\references\test-templates.md","H:\EAR_OS_V2\EAR_OS_V2\Marketing_Skills\.agent\skills\ab-test-setup\references","6250","28/01/2026 9:06:49"
"H:\EAR_OS_V2\EAR_OS_V2\Marketing_Skills\.agent\skills\analytics-tracking\SKILL.md","H:\EAR_OS_V2\EAR_OS_V2\Marketing_Skills\.agent\skills\analytics-tracking","7954","28/01/2026 9:06:49"
"H:\EAR_OS_V2\EAR_OS_V2\Marketing_Skills\.agent\skills\analytics-tracking\references\event-library.md","H:\EAR_OS_V2\EAR_OS_V2\Marketing_Skills\.agent\skills\analytics-tracking\references","8208","28/01/2026 9:06:49"
"H:\EAR_OS_V2\EAR_OS_V2\Marketing_Skills\.agent\skills\analytics-tracking\references\ga4-implementation.md","H:\EAR_OS_V2\EAR_OS_V2\Marketing_Skills\.agent\skills\analytics-tracking\references","5825","28/01/2026 9:06:49"
"H:\EAR_OS_V2\EAR_OS_V2\Marketing_Skills\.agent\skills\analytics-tracking\references\gtm-implementation.md","H:\EAR_OS_V2\EAR_OS_V2\Marketing_Skills\.agent\skills\analytics-tracking\references","7226","28/01/2026 9:06:49"
"H:\EAR_OS_V2\EAR_OS_V2\Marketing_Skills\.agent\skills\astra-artist-tracker\SKILL.md","H:\EAR_OS_V2\EAR_OS_V2\Marketing_Skills\.agent\skills\astra-artist-tracker","1376","15/02/2026 21:36:19"
"H:\EAR_OS_V2\EAR_OS_V2\Marketing_Skills\.agent\skills\astra-content-factory\SKILL.md","H:\EAR_OS_V2\EAR_OS_V2\Marketing_Skills\.agent\skills\astra-content-factory","1291","15/02/2026 21:37:01"
"H:\EAR_OS_V2\EAR_OS_V2\Marketing_Skills\.agent\skills\astra-contract-negotiator\SKILL.md","H:\EAR_OS_V2\EAR_OS_V2\Marketing_Skills\.agent\skills\astra-contract-negotiator","485","13/02/2026 14:03:56"
"H:\EAR_OS_V2\EAR_OS_V2\Marketing_Skills\.agent\skills\astra-conversion-psych\SKILL.md","H:\EAR_OS_V2\EAR_OS_V2\Marketing_Skills\.agent\skills\astra-conversion-psych","474","13/02/2026 14:05:16"
"H:\EAR_OS_V2\EAR_OS_V2\Marketing_Skills\.agent\skills\astra-core-genesis\SKILL.md","H:\EAR_OS_V2\EAR_OS_V2\Marketing_Skills\.agent\skills\astra-core-genesis","1537","15/02/2026 21:35:36"
"H:\EAR_OS_V2\EAR_OS_V2\Marketing_Skills\.agent\skills\astra-crisis-defense\SKILL.md","H:\EAR_OS_V2\EAR_OS_V2\Marketing_Skills\.agent\skills\astra-crisis-defense","593","13/02/2026 14:01:34"
"H:\EAR_OS_V2\EAR_OS_V2\Marketing_Skills\.agent\skills\astra-event-architect\SKILL.md","H:\EAR_OS_V2\EAR_OS_V2\Marketing_Skills\.agent\skills\astra-event-architect","547","13/02/2026 14:03:30"
"H:\EAR_OS_V2\EAR_OS_V2\Marketing_Skills\.agent\skills\astra-financial-core\SKILL.md","H:\EAR_OS_V2\EAR_OS_V2\Marketing_Skills\.agent\skills\astra-financial-core","558","13/02/2026 14:01:34"
"H:\EAR_OS_V2\EAR_OS_V2\Marketing_Skills\.agent\skills\astra-forensic-accounting\SKILL.md","H:\EAR_OS_V2\EAR_OS_V2\Marketing_Skills\.agent\skills\astra-forensic-accounting","517","13/02/2026 14:04:49"
"H:\EAR_OS_V2\EAR_OS_V2\Marketing_Skills\.agent\skills\astra-growth-hacker\SKILL.md","H:\EAR_OS_V2\EAR_OS_V2\Marketing_Skills\.agent\skills\astra-growth-hacker","498","13/02/2026 14:05:16"
"H:\EAR_OS_V2\EAR_OS_V2\Marketing_Skills\.agent\skills\astra-legal-shield\SKILL.md","H:\EAR_OS_V2\EAR_OS_V2\Marketing_Skills\.agent\skills\astra-legal-shield","648","13/02/2026 14:01:34"
"H:\EAR_OS_V2\EAR_OS_V2\Marketing_Skills\.agent\skills\astra-master-index\SKILL.md","H:\EAR_OS_V2\EAR_OS_V2\Marketing_Skills\.agent\skills\astra-master-index","1799","13/02/2026 14:10:08"
"H:\EAR_OS_V2\EAR_OS_V2\Marketing_Skills\.agent\skills\astra-music-director\SKILL.md","H:\EAR_OS_V2\EAR_OS_V2\Marketing_Skills\.agent\skills\astra-music-director","532","13/02/2026 14:04:22"
"H:\EAR_OS_V2\EAR_OS_V2\Marketing_Skills\.agent\skills\astra-neuro-branding\SKILL.md","H:\EAR_OS_V2\EAR_OS_V2\Marketing_Skills\.agent\skills\astra-neuro-branding","550","13/02/2026 14:02:54"
"H:\EAR_OS_V2\EAR_OS_V2\Marketing_Skills\.agent\skills\astra-neuro-branding\prompts\neuro-translation.md","H:\EAR_OS_V2\EAR_OS_V2\Marketing_Skills\.agent\skills\astra-neuro-branding\prompts","1836","14/02/2026 10:27:20"
"H:\EAR_OS_V2\EAR_OS_V2\Marketing_Skills\.agent\skills\astra-neuro-branding\prompts\scarcity-truth.md","H:\EAR_OS_V2\EAR_OS_V2\Marketing_Skills\.agent\skills\astra-neuro-branding\prompts","1712","14/02/2026 10:27:29"
"H:\EAR_OS_V2\EAR_OS_V2\Marketing_Skills\.agent\skills\astra-pr-strategist\SKILL.md","H:\EAR_OS_V2\EAR_OS_V2\Marketing_Skills\.agent\skills\astra-pr-strategist","497","13/02/2026 14:03:56"
"H:\EAR_OS_V2\EAR_OS_V2\Marketing_Skills\.agent\skills\astra-reasoning-core\SKILL.md","H:\EAR_OS_V2\EAR_OS_V2\Marketing_Skills\.agent\skills\astra-reasoning-core","5241","16/02/2026 9:26:26"
"H:\EAR_OS_V2\EAR_OS_V2\Marketing_Skills\.agent\skills\astra-tax-ninja\SKILL.md","H:\EAR_OS_V2\EAR_OS_V2\Marketing_Skills\.agent\skills\astra-tax-ninja","471","13/02/2026 14:04:49"
"H:\EAR_OS_V2\EAR_OS_V2\Marketing_Skills\.agent\skills\astra-tech-rider\SKILL.md","H:\EAR_OS_V2\EAR_OS_V2\Marketing_Skills\.agent\skills\astra-tech-rider","478","13/02/2026 14:04:22"
"H:\EAR_OS_V2\EAR_OS_V2\Marketing_Skills\.agent\skills\astra-venue-intel\SKILL.md","H:\EAR_OS_V2\EAR_OS_V2\Marketing_Skills\.agent\skills\astra-venue-intel","536","13/02/2026 14:02:08"
"H:\EAR_OS_V2\EAR_OS_V2\Marketing_Skills\.agent\skills\competitor-alternatives\SKILL.md","H:\EAR_OS_V2\EAR_OS_V2\Marketing_Skills\.agent\skills\competitor-alternatives","8064","28/01/2026 9:06:49"
"H:\EAR_OS_V2\EAR_OS_V2\Marketing_Skills\.agent\skills\competitor-alternatives\references\content-architecture.md","H:\EAR_OS_V2\EAR_OS_V2\Marketing_Skills\.agent\skills\competitor-alternatives\references","7370","28/01/2026 9:06:49"
"H:\EAR_OS_V2\EAR_OS_V2\Marketing_Skills\.agent\skills\competitor-alternatives\references\templates.md","H:\EAR_OS_V2\EAR_OS_V2\Marketing_Skills\.agent\skills\competitor-alternatives\references","6066","14/02/2026 10:27:40"
"H:\EAR_OS_V2\EAR_OS_V2\Marketing_Skills\.agent\skills\content-strategy\SKILL.md","H:\EAR_OS_V2\EAR_OS_V2\Marketing_Skills\.agent\skills\content-strategy","11514","28/01/2026 9:06:49"
"H:\EAR_OS_V2\EAR_OS_V2\Marketing_Skills\.agent\skills\copy-editing\SKILL.md","H:\EAR_OS_V2\EAR_OS_V2\Marketing_Skills\.agent\skills\copy-editing","13215","28/01/2026 9:06:49"
"H:\EAR_OS_V2\EAR_OS_V2\Marketing_Skills\.agent\skills\copy-editing\references\plain-english-alternatives.md","H:\EAR_OS_V2\EAR_OS_V2\Marketing_Skills\.agent\skills\copy-editing\references","8146","28/01/2026 9:06:49"
"H:\EAR_OS_V2\EAR_OS_V2\Marketing_Skills\.agent\skills\copy-optimizer\SKILL.md","H:\EAR_OS_V2\EAR_OS_V2\Marketing_Skills\.agent\skills\copy-optimizer","4697","16/02/2026 9:27:02"
"H:\EAR_OS_V2\EAR_OS_V2\Marketing_Skills\.agent\skills\copywriting\PROMPTS_AUTOPSIA_EXITO.md","H:\EAR_OS_V2\EAR_OS_V2\Marketing_Skills\.agent\skills\copywriting","5476","12/02/2026 15:38:10"
"H:\EAR_OS_V2\EAR_OS_V2\Marketing_Skills\.agent\skills\copywriting\SKILL.md","H:\EAR_OS_V2\EAR_OS_V2\Marketing_Skills\.agent\skills\copywriting","7127","28/01/2026 9:06:49"
"H:\EAR_OS_V2\EAR_OS_V2\Marketing_Skills\.agent\skills\copywriting\references\copy-frameworks.md","H:\EAR_OS_V2\EAR_OS_V2\Marketing_Skills\.agent\skills\copywriting\references","7428","28/01/2026 9:06:49"
"H:\EAR_OS_V2\EAR_OS_V2\Marketing_Skills\.agent\skills\copywriting\references\natural-transitions.md","H:\EAR_OS_V2\EAR_OS_V2\Marketing_Skills\.agent\skills\copywriting\references","5179","28/01/2026 9:06:49"
"H:\EAR_OS_V2\EAR_OS_V2\Marketing_Skills\.agent\skills\dispatch-optimizer\SKILL.md","H:\EAR_OS_V2\EAR_OS_V2\Marketing_Skills\.agent\skills\dispatch-optimizer","5929","16/02/2026 9:28:13"
"H:\EAR_OS_V2\EAR_OS_V2\Marketing_Skills\.agent\skills\email-sequence\SKILL.md","H:\EAR_OS_V2\EAR_OS_V2\Marketing_Skills\.agent\skills\email-sequence","7900","28/01/2026 9:06:49"
"H:\EAR_OS_V2\EAR_OS_V2\Marketing_Skills\.agent\skills\email-sequence\references\copy-guidelines.md","H:\EAR_OS_V2\EAR_OS_V2\Marketing_Skills\.agent\skills\email-sequence\references","2051","28/01/2026 9:06:49"
"H:\EAR_OS_V2\EAR_OS_V2\Marketing_Skills\.agent\skills\email-sequence\references\email-types.md","H:\EAR_OS_V2\EAR_OS_V2\Marketing_Skills\.agent\skills\email-sequence\references","13515","28/01/2026 9:06:49"
"H:\EAR_OS_V2\EAR_OS_V2\Marketing_Skills\.agent\skills\email-sequence\references\sequence-templates.md","H:\EAR_OS_V2\EAR_OS_V2\Marketing_Skills\.agent\skills\email-sequence\references","3774","28/01/2026 9:06:49"
"H:\EAR_OS_V2\EAR_OS_V2\Marketing_Skills\.agent\skills\event-designer\SKILL.md","H:\EAR_OS_V2\EAR_OS_V2\Marketing_Skills\.agent\skills\event-designer","4518","16/02/2026 9:27:00"
"H:\EAR_OS_V2\EAR_OS_V2\Marketing_Skills\.agent\skills\form-cro\SKILL.md","H:\EAR_OS_V2\EAR_OS_V2\Marketing_Skills\.agent\skills\form-cro","10700","28/01/2026 9:06:49"
"H:\EAR_OS_V2\EAR_OS_V2\Marketing_Skills\.agent\skills\free-tool-strategy\SKILL.md","H:\EAR_OS_V2\EAR_OS_V2\Marketing_Skills\.agent\skills\free-tool-strategy","5569","28/01/2026 9:06:49"
"H:\EAR_OS_V2\EAR_OS_V2\Marketing_Skills\.agent\skills\free-tool-strategy\references\tool-types.md","H:\EAR_OS_V2\EAR_OS_V2\Marketing_Skills\.agent\skills\free-tool-strategy\references","3776","28/01/2026 9:06:49"
"H:\EAR_OS_V2\EAR_OS_V2\Marketing_Skills\.agent\skills\god-tier-optimization\SKILL.md","H:\EAR_OS_V2\EAR_OS_V2\Marketing_Skills\.agent\skills\god-tier-optimization","13087","16/02/2026 9:00:05"
"H:\EAR_OS_V2\EAR_OS_V2\Marketing_Skills\.agent\skills\launch-strategy\SKILL.md","H:\EAR_OS_V2\EAR_OS_V2\Marketing_Skills\.agent\skills\launch-strategy","12465","28/01/2026 9:06:49"
"H:\EAR_OS_V2\EAR_OS_V2\Marketing_Skills\.agent\skills\market-scanner\SKILL.md","H:\EAR_OS_V2\EAR_OS_V2\Marketing_Skills\.agent\skills\market-scanner","4326","16/02/2026 9:28:11"
"H:\EAR_OS_V2\EAR_OS_V2\Marketing_Skills\.agent\skills\marketing-ideas\SKILL.md","H:\EAR_OS_V2\EAR_OS_V2\Marketing_Skills\.agent\skills\marketing-ideas","4805","28/01/2026 9:06:49"
"H:\EAR_OS_V2\EAR_OS_V2\Marketing_Skills\.agent\skills\marketing-ideas\references\ideas-by-category.md","H:\EAR_OS_V2\EAR_OS_V2\Marketing_Skills\.agent\skills\marketing-ideas\references","14682","28/01/2026 9:06:49"
"H:\EAR_OS_V2\EAR_OS_V2\Marketing_Skills\.agent\skills\marketing-psychology\SKILL.md","H:\EAR_OS_V2\EAR_OS_V2\Marketing_Skills\.agent\skills\marketing-psychology","21546","28/01/2026 9:06:49"
"H:\EAR_OS_V2\EAR_OS_V2\Marketing_Skills\.agent\skills\onboarding-cro\SKILL.md","H:\EAR_OS_V2\EAR_OS_V2\Marketing_Skills\.agent\skills\onboarding-cro","6303","28/01/2026 9:06:49"
"H:\EAR_OS_V2\EAR_OS_V2\Marketing_Skills\.agent\skills\onboarding-cro\references\experiments.md","H:\EAR_OS_V2\EAR_OS_V2\Marketing_Skills\.agent\skills\onboarding-cro\references","7199","28/01/2026 9:06:49"
"H:\EAR_OS_V2\EAR_OS_V2\Marketing_Skills\.agent\skills\page-cro\SKILL.md","H:\EAR_OS_V2\EAR_OS_V2\Marketing_Skills\.agent\skills\page-cro","5706","28/01/2026 9:06:49"
"H:\EAR_OS_V2\EAR_OS_V2\Marketing_Skills\.agent\skills\page-cro\references\experiments.md","H:\EAR_OS_V2\EAR_OS_V2\Marketing_Skills\.agent\skills\page-cro\references","7296","28/01/2026 9:06:49"
"H:\EAR_OS_V2\EAR_OS_V2\Marketing_Skills\.agent\skills\paid-ads\SKILL.md","H:\EAR_OS_V2\EAR_OS_V2\Marketing_Skills\.agent\skills\paid-ads","9818","28/01/2026 9:06:49"
"H:\EAR_OS_V2\EAR_OS_V2\Marketing_Skills\.agent\skills\paid-ads\references\ad-copy-templates.md","H:\EAR_OS_V2\EAR_OS_V2\Marketing_Skills\.agent\skills\paid-ads\references","4446","28/01/2026 9:06:49"
"H:\EAR_OS_V2\EAR_OS_V2\Marketing_Skills\.agent\skills\paid-ads\references\audience-targeting.md","H:\EAR_OS_V2\EAR_OS_V2\Marketing_Skills\.agent\skills\paid-ads\references","5716","28/01/2026 9:06:49"
"H:\EAR_OS_V2\EAR_OS_V2\Marketing_Skills\.agent\skills\paid-ads\references\platform-setup-checklists.md","H:\EAR_OS_V2\EAR_OS_V2\Marketing_Skills\.agent\skills\paid-ads\references","6943","28/01/2026 9:06:49"
"H:\EAR_OS_V2\EAR_OS_V2\Marketing_Skills\.agent\skills\paywall-upgrade-cro\SKILL.md","H:\EAR_OS_V2\EAR_OS_V2\Marketing_Skills\.agent\skills\paywall-upgrade-cro","5440","28/01/2026 9:06:49"
"H:\EAR_OS_V2\EAR_OS_V2\Marketing_Skills\.agent\skills\paywall-upgrade-cro\references\experiments.md","H:\EAR_OS_V2\EAR_OS_V2\Marketing_Skills\.agent\skills\paywall-upgrade-cro\references","4896","28/01/2026 9:06:49"
"H:\EAR_OS_V2\EAR_OS_V2\Marketing_Skills\.agent\skills\popup-cro\SKILL.md","H:\EAR_OS_V2\EAR_OS_V2\Marketing_Skills\.agent\skills\popup-cro","11437","28/01/2026 9:06:49"
"H:\EAR_OS_V2\EAR_OS_V2\Marketing_Skills\.agent\skills\pricing-strategy\SKILL.md","H:\EAR_OS_V2\EAR_OS_V2\Marketing_Skills\.agent\skills\pricing-strategy","6559","28/01/2026 9:06:49"
"H:\EAR_OS_V2\EAR_OS_V2\Marketing_Skills\.agent\skills\pricing-strategy\references\research-methods.md","H:\EAR_OS_V2\EAR_OS_V2\Marketing_Skills\.agent\skills\pricing-strategy\references","4490","28/01/2026 9:06:49"
"H:\EAR_OS_V2\EAR_OS_V2\Marketing_Skills\.agent\skills\pricing-strategy\references\tier-structure.md","H:\EAR_OS_V2\EAR_OS_V2\Marketing_Skills\.agent\skills\pricing-strategy\references","6800","28/01/2026 9:06:49"
"H:\EAR_OS_V2\EAR_OS_V2\Marketing_Skills\.agent\skills\product-marketing-context\SKILL.md","H:\EAR_OS_V2\EAR_OS_V2\Marketing_Skills\.agent\skills\product-marketing-context","7132","28/01/2026 9:06:49"
"H:\EAR_OS_V2\EAR_OS_V2\Marketing_Skills\.agent\skills\productora-ear\SKILL.md","H:\EAR_OS_V2\EAR_OS_V2\Marketing_Skills\.agent\skills\productora-ear","10502","15/02/2026 21:39:09"
"H:\EAR_OS_V2\EAR_OS_V2\Marketing_Skills\.agent\skills\programmatic-seo\SKILL.md","H:\EAR_OS_V2\EAR_OS_V2\Marketing_Skills\.agent\skills\programmatic-seo","6626","28/01/2026 9:06:49"
"H:\EAR_OS_V2\EAR_OS_V2\Marketing_Skills\.agent\skills\programmatic-seo\references\playbooks.md","H:\EAR_OS_V2\EAR_OS_V2\Marketing_Skills\.agent\skills\programmatic-seo\references","8048","28/01/2026 9:06:49"
"H:\EAR_OS_V2\EAR_OS_V2\Marketing_Skills\.agent\skills\referral-program\SKILL.md","H:\EAR_OS_V2\EAR_OS_V2\Marketing_Skills\.agent\skills\referral-program","7020","28/01/2026 9:06:49"
"H:\EAR_OS_V2\EAR_OS_V2\Marketing_Skills\.agent\skills\referral-program\references\affiliate-programs.md","H:\EAR_OS_V2\EAR_OS_V2\Marketing_Skills\.agent\skills\referral-program\references","3938","28/01/2026 9:06:49"
"H:\EAR_OS_V2\EAR_OS_V2\Marketing_Skills\.agent\skills\referral-program\references\program-examples.md","H:\EAR_OS_V2\EAR_OS_V2\Marketing_Skills\.agent\skills\referral-program\references","3104","28/01/2026 9:06:49"
"H:\EAR_OS_V2\EAR_OS_V2\Marketing_Skills\.agent\skills\schema-markup\SKILL.md","H:\EAR_OS_V2\EAR_OS_V2\Marketing_Skills\.agent\skills\schema-markup","4773","28/01/2026 9:06:49"
"H:\EAR_OS_V2\EAR_OS_V2\Marketing_Skills\.agent\skills\schema-markup\references\schema-examples.md","H:\EAR_OS_V2\EAR_OS_V2\Marketing_Skills\.agent\skills\schema-markup\references","7997","28/01/2026 9:06:49"
"H:\EAR_OS_V2\EAR_OS_V2\Marketing_Skills\.agent\skills\seo-audit\SKILL.md","H:\EAR_OS_V2\EAR_OS_V2\Marketing_Skills\.agent\skills\seo-audit","8953","28/01/2026 9:06:49"
"H:\EAR_OS_V2\EAR_OS_V2\Marketing_Skills\.agent\skills\seo-audit\references\aeo-geo-patterns.md","H:\EAR_OS_V2\EAR_OS_V2\Marketing_Skills\.agent\skills\seo-audit\references","9465","28/01/2026 9:06:49"
"H:\EAR_OS_V2\EAR_OS_V2\Marketing_Skills\.agent\skills\seo-audit\references\ai-writing-detection.md","H:\EAR_OS_V2\EAR_OS_V2\Marketing_Skills\.agent\skills\seo-audit\references","6204","28/01/2026 9:06:49"
"H:\EAR_OS_V2\EAR_OS_V2\Marketing_Skills\.agent\skills\signup-flow-cro\SKILL.md","H:\EAR_OS_V2\EAR_OS_V2\Marketing_Skills\.agent\skills\signup-flow-cro","9978","28/01/2026 9:06:49"
"H:\EAR_OS_V2\EAR_OS_V2\Marketing_Skills\.agent\skills\social-content\SKILL.md","H:\EAR_OS_V2\EAR_OS_V2\Marketing_Skills\.agent\skills\social-content","8354","28/01/2026 9:06:49"
"H:\EAR_OS_V2\EAR_OS_V2\Marketing_Skills\.agent\skills\social-content\references\platforms.md","H:\EAR_OS_V2\EAR_OS_V2\Marketing_Skills\.agent\skills\social-content\references","4352","28/01/2026 9:06:49"
"H:\EAR_OS_V2\EAR_OS_V2\Marketing_Skills\.agent\skills\social-content\references\post-templates.md","H:\EAR_OS_V2\EAR_OS_V2\Marketing_Skills\.agent\skills\social-content\references","3342","28/01/2026 9:06:49"
"H:\EAR_OS_V2\EAR_OS_V2\Marketing_Skills\.agent\skills\social-content\references\reverse-engineering.md","H:\EAR_OS_V2\EAR_OS_V2\Marketing_Skills\.agent\skills\social-content\references","5409","28/01/2026 9:06:49"
"H:\EAR_OS_V2\EAR_OS_V2\Marketing_Skills\.agent\workflows\deploy-marketing.md","H:\EAR_OS_V2\EAR_OS_V2\Marketing_Skills\.agent\workflows","918","11/02/2026 13:52:02"
"H:\EAR_OS_V2\EAR_OS_V2\Marketing_Skills\.agent\workflows\ear-dev.md","H:\EAR_OS_V2\EAR_OS_V2\Marketing_Skills\.agent\workflows","1072","10/02/2026 20:29:50"
"H:\EAR_OS_V2\EAR_OS_V2\Marketing_Skills\.agent\workflows\lanzar-ear.md","H:\EAR_OS_V2\EAR_OS_V2\Marketing_Skills\.agent\workflows","894","12/02/2026 12:15:43"
"H:\EAR_OS_V2\EAR_OS_V2\Marketing_Skills\.venv\Lib\site-packages\pip\_vendor\idna\LICENSE.md","H:\EAR_OS_V2\EAR_OS_V2\Marketing_Skills\.venv\Lib\site-packages\pip\_vendor\idna","1541","15/02/2026 0:57:08"
"H:\EAR_OS_V2\EAR_OS_V2\Marketing_Skills\.venv\Lib\site-packages\pip-26.0.1.dist-info\licenses\src\pip\_vendor\idna\LICENSE.md","H:\EAR_OS_V2\EAR_OS_V2\Marketing_Skills\.venv\Lib\site-packages\pip-26.0.1.dist-info\licenses\src\pip\_vendor\idna","1541","15/02/2026 0:57:08"
"H:\EAR_OS_V2\EAR_OS_V2\Marketing_Skills\EAR_VAULT\ASTRA_ENGINE\ASTRA_CODE_INDEX.md","H:\EAR_OS_V2\EAR_OS_V2\Marketing_Skills\EAR_VAULT\ASTRA_ENGINE","4582","11/02/2026 10:56:44"
"H:\EAR_OS_V2\EAR_OS_V2\Marketing_Skills\EAR_VAULT\ASTRA_ENGINE\ASTRA_INTEGRATION_PLAN.md","H:\EAR_OS_V2\EAR_OS_V2\Marketing_Skills\EAR_VAULT\ASTRA_ENGINE","4582","11/02/2026 10:56:44"
"H:\EAR_OS_V2\EAR_OS_V2\Marketing_Skills\EAR_VAULT\ASTRA_ENGINE\CASTING_FESTIVAL_MASTER.md","H:\EAR_OS_V2\EAR_OS_V2\Marketing_Skills\EAR_VAULT\ASTRA_ENGINE","3147","11/02/2026 10:56:44"
"H:\EAR_OS_V2\EAR_OS_V2\Marketing_Skills\EAR_VAULT\ASTRA_ENGINE\EAR_INTEGRATION_MASTER_PLAN.md","H:\EAR_OS_V2\EAR_OS_V2\Marketing_Skills\EAR_VAULT\ASTRA_ENGINE","3308","11/02/2026 10:56:44"
"H:\EAR_OS_V2\EAR_OS_V2\Marketing_Skills\EAR_VAULT\ASTRA_ENGINE\FORMACION_ARTISTAS_STRUCTURE.md","H:\EAR_OS_V2\EAR_OS_V2\Marketing_Skills\EAR_VAULT\ASTRA_ENGINE","3335","11/02/2026 10:56:44"
"H:\EAR_OS_V2\EAR_OS_V2\Marketing_Skills\EAR_VAULT\ASTRA_ENGINE\MOD_5025_RAFFLE.md","H:\EAR_OS_V2\EAR_OS_V2\Marketing_Skills\EAR_VAULT\ASTRA_ENGINE","2506","11/02/2026 10:56:44"
"H:\EAR_OS_V2\EAR_OS_V2\Marketing_Skills\EAR_VAULT\ASTRA_ENGINE\MOD_NEWSMIND.md","H:\EAR_OS_V2\EAR_OS_V2\Marketing_Skills\EAR_VAULT\ASTRA_ENGINE","2764","11/02/2026 10:56:44"
"H:\EAR_OS_V2\EAR_OS_V2\Marketing_Skills\EAR_VAULT\ASTRA_ENGINE\MOD_TOOLKIT_GEMINI.md","H:\EAR_OS_V2\EAR_OS_V2\Marketing_Skills\EAR_VAULT\ASTRA_ENGINE","2942","11/02/2026 10:56:44"
"H:\EAR_OS_V2\EAR_OS_V2\Marketing_Skills\EAR_VAULT\ASTRA_ENGINE\MOD_WEB_ANTIGUA_EAR.md","H:\EAR_OS_V2\EAR_OS_V2\Marketing_Skills\EAR_VAULT\ASTRA_ENGINE","2522","11/02/2026 10:56:44"
"H:\EAR_OS_V2\EAR_OS_V2\output\documentacion-hermes\manual-admin.md","H:\EAR_OS_V2\EAR_OS_V2\output\documentacion-hermes","8623","17/05/2026 11:01:45"
"H:\EAR_OS_V2\EAR_OS_V2\output\documentacion-hermes\manual-usuario.md","H:\EAR_OS_V2\EAR_OS_V2\output\documentacion-hermes","8553","17/05/2026 11:01:38"
"H:\EAR_OS_V2\EAR_OS_V2\output\documentacion-hermes\README.md","H:\EAR_OS_V2\EAR_OS_V2\output\documentacion-hermes","2600","17/05/2026 11:01:29"
"H:\EAR_OS_V2\EAR_OS_V2\output\talent-os-seo\sitemap-final.md","H:\EAR_OS_V2\EAR_OS_V2\output\talent-os-seo","268","17/05/2026 19:46:21"
"H:\EAR_OS_V2\EAR_OS_V2\output\talent-os-seo\talent_os_seo_dominance.md","H:\EAR_OS_V2\EAR_OS_V2\output\talent-os-seo","2004","17/05/2026 19:46:21"
"H:\EAR_OS_V2\EAR_OS_V2\output\talent-os-seo\talent_os_seo_inventory.md","H:\EAR_OS_V2\EAR_OS_V2\output\talent-os-seo","37195","17/05/2026 19:54:44"
"H:\EAR_OS_V2\EAR_OS_V2\scratch\astra_extracted\README.md","H:\EAR_OS_V2\EAR_OS_V2\scratch\astra_extracted","542","21/08/2026 20:36:32"
"H:\EAR_OS_V2\EAR_OS_V2\src\adn_vault\ADN_VAULT_INDEX.md","H:\EAR_OS_V2\EAR_OS_V2\src\adn_vault","39341","18/08/2026 18:59:04"
"H:\EAR_OS_V2\EAR_OS_V2\src\infrastructure\docs\archive\.instructions.md","H:\EAR_OS_V2\EAR_OS_V2\src\infrastructure\docs\archive","6594","22/04/2026 13:24:57"
"H:\EAR_OS_V2\EAR_OS_V2\src\infrastructure\docs\archive\BLUEPRINT_SCLASS.md","H:\EAR_OS_V2\EAR_OS_V2\src\infrastructure\docs\archive","4791","04/05/2026 15:26:35"
"H:\EAR_OS_V2\EAR_OS_V2\src\infrastructure\docs\archive\CONSOLIDACION_PASO_4.md","H:\EAR_OS_V2\EAR_OS_V2\src\infrastructure\docs\archive","2335","24/04/2026 11:11:43"
"H:\EAR_OS_V2\EAR_OS_V2\src\infrastructure\docs\archive\EAR_OS_MASTER_PROMPTS.md","H:\EAR_OS_V2\EAR_OS_V2\src\infrastructure\docs\archive","4001","05/05/2026 12:41:17"
"H:\EAR_OS_V2\EAR_OS_V2\src\infrastructure\docs\archive\EAR_OS_OMEGA_CODEX.md","H:\EAR_OS_V2\EAR_OS_V2\src\infrastructure\docs\archive","56349318","24/04/2026 13:25:56"
"H:\EAR_OS_V2\EAR_OS_V2\src\infrastructure\docs\archive\IMPERIO_MAPA_ESTRUCTURAL.md","H:\EAR_OS_V2\EAR_OS_V2\src\infrastructure\docs\archive","3782","29/04/2026 19:52:14"
"H:\EAR_OS_V2\EAR_OS_V2\src\infrastructure\docs\archive\IMPERIUM_OMEGA_ROADMAP.md","H:\EAR_OS_V2\EAR_OS_V2\src\infrastructure\docs\archive","9581","24/04/2026 13:40:06"
"H:\EAR_OS_V2\EAR_OS_V2\src\infrastructure\docs\archive\instrucciones_ejecucion.md","H:\EAR_OS_V2\EAR_OS_V2\src\infrastructure\docs\archive","1497","24/04/2026 13:20:21"
"H:\EAR_OS_V2\EAR_OS_V2\src\infrastructure\docs\archive\MANUAL_CLINE_RX7900_XTX.md","H:\EAR_OS_V2\EAR_OS_V2\src\infrastructure\docs\archive","48358","29/04/2026 19:48:40"
"H:\EAR_OS_V2\EAR_OS_V2\src\infrastructure\docs\archive\README_SOVEREIGN.md","H:\EAR_OS_V2\EAR_OS_V2\src\infrastructure\docs\archive","2306","19/04/2026 14:21:21"
"H:\EAR_OS_V2\EAR_OS_V2\src\infrastructure\docs\archive\SEGUIMIENTO_DE_MISION_V5.md","H:\EAR_OS_V2\EAR_OS_V2\src\infrastructure\docs\archive","1882","07/05/2026 18:15:59"
"H:\EAR_OS_V2\EAR_OS_V2\src\infrastructure\docs\archive\TESTAMENTO_CLINE_V2.md","H:\EAR_OS_V2\EAR_OS_V2\src\infrastructure\docs\archive","1895","11/05/2026 14:13:12"
"H:\EAR_OS_V2\EAR_OS_V2\src\infrastructure\docs\archive\TESTAMENTO_CLINE.md","H:\EAR_OS_V2\EAR_OS_V2\src\infrastructure\docs\archive","6978","29/04/2026 19:48:40"
"H:\EAR_OS_V2\EAR_OS_V2\src\lib\services\scrapers\README_SCRAPER.md","H:\EAR_OS_V2\EAR_OS_V2\src\lib\services\scrapers","1510","06/02/2026 8:56:29"
"H:\EAR_OS_V2\EAR_OS_V2\sync_nexus\STITCH_DIRECTIVE_01.md","H:\EAR_OS_V2\EAR_OS_V2\sync_nexus","1993","29/04/2026 19:48:40"
"H:\EAR_OS_V2\EAR_OS_V2\sync_nexus\STITCH_DIRECTIVE_02_VIMUME.md","H:\EAR_OS_V2\EAR_OS_V2\sync_nexus","2609","29/04/2026 19:48:40"
"H:\EAR_OS_V2\EAR_OS_V2\tools\free-claude-code\AGENTS.md","H:\EAR_OS_V2\EAR_OS_V2\tools\free-claude-code","3490","06/08/2026 20:50:11"
"H:\EAR_OS_V2\EAR_OS_V2\tools\free-claude-code\CLAUDE.md","H:\EAR_OS_V2\EAR_OS_V2\tools\free-claude-code","105","06/08/2026 20:50:11"
"H:\EAR_OS_V2\EAR_OS_V2\tools\free-claude-code\PLAN.md","H:\EAR_OS_V2\EAR_OS_V2\tools\free-claude-code","5080","06/08/2026 20:50:11"
"H:\EAR_OS_V2\EAR_OS_V2\tools\free-claude-code\README.md","H:\EAR_OS_V2\EAR_OS_V2\tools\free-claude-code","29676","06/08/2026 20:50:11"
"H:\EAR_OS_V2\EAR_OS_V2\tools\free-claude-code\smoke\README.md","H:\EAR_OS_V2\EAR_OS_V2\tools\free-claude-code\smoke","5645","06/08/2026 20:50:11"
"H:\EAR_OS_V2\EAR_OS_V2\_auditoria\baseline_build.md","H:\EAR_OS_V2\EAR_OS_V2\_auditoria","912","30/07/2026 17:17:49"
"H:\EAR_OS_V2\EAR_OS_V2\_auditoria\INVENTARIO_ESTRUCTURA_EAR_OS.md","H:\EAR_OS_V2\EAR_OS_V2\_auditoria","57102","19/08/2026 13:09:36"
"H:\EAR_OS_V2\EAR_OS_V2\_auditoria\mapa_funcional_discos.md","H:\EAR_OS_V2\EAR_OS_V2\_auditoria","324","11/08/2026 18:39:55"
"H:\incubadora despegue\INDICE_INCUBADORA.md","H:\incubadora despegue","19658","16/08/2026 17:03:58"
"H:\incubadora despegue\INDICE_MAESTRO_SEMANTICO.md","H:\incubadora despegue","144555","16/08/2026 17:56:47"
"H:\incubadora despegue\INDICE_WHISPER_MAESTRO.md","H:\incubadora despegue","45758","16/08/2026 17:35:00"
"H:\incubadora despegue\AMPLIFY_MEDIA\1776423645111 - 712.md","H:\incubadora despegue\AMPLIFY_MEDIA","29261","17/04/2026 13:00:45"
"H:\incubadora despegue\AMPLIFY_MEDIA\1776441801541 - 628.md","H:\incubadora despegue\AMPLIFY_MEDIA","29261","17/04/2026 18:03:21"
"H:\incubadora despegue\AMPLIFY_MEDIA\1776441801549 - 596.md","H:\incubadora despegue\AMPLIFY_MEDIA","60275","17/04/2026 18:03:21"
"H:\incubadora despegue\AMPLIFY_MEDIA\1776805822817 - 663.md","H:\incubadora despegue\AMPLIFY_MEDIA","29261","21/04/2026 23:10:22"
"H:\incubadora despegue\AMPLIFY_MEDIA\1776805822817 - 683.md","H:\incubadora despegue\AMPLIFY_MEDIA","60275","21/04/2026 23:10:22"
"H:\incubadora despegue\AMPLIFY_MEDIA\1776807332547 - 458.md","H:\incubadora despegue\AMPLIFY_MEDIA","29261","21/04/2026 23:35:32"
"H:\incubadora despegue\AMPLIFY_MEDIA\1776807332549 - 970.md","H:\incubadora despegue\AMPLIFY_MEDIA","60275","21/04/2026 23:35:32"
"H:\incubadora despegue\AMPLIFY_MEDIA\analisis_competitivo_astra_vs_ipolaris_000B.md","H:\incubadora despegue\AMPLIFY_MEDIA","4821","11/03/2026 19:24:52"
"H:\incubadora despegue\AMPLIFY_MEDIA\DNA_A3_A2_testimonios_branding.md","H:\incubadora despegue\AMPLIFY_MEDIA","1066","10/02/2026 23:06:14"
"H:\incubadora despegue\AMPLIFY_MEDIA\DNA_protocolo_comunicacion_ear_110629084..md","H:\incubadora despegue\AMPLIFY_MEDIA","5198","12/03/2026 10:30:24"
"H:\incubadora despegue\AMPLIFY_MEDIA\DNA_protocolo_comunicacion_ear_343790591..md","H:\incubadora despegue\AMPLIFY_MEDIA","5198","12/03/2026 10:30:24"
"H:\incubadora despegue\AMPLIFY_MEDIA\DNA_protocolo_comunicacion_ear_B8E6.md","H:\incubadora despegue\AMPLIFY_MEDIA","5198","12/03/2026 10:30:24"
"H:\incubadora despegue\AMPLIFY_MEDIA\DNA_protocolo_comunicacion_ear.md","H:\incubadora despegue\AMPLIFY_MEDIA","5198","12/03/2026 10:30:24"
"H:\incubadora despegue\AMPLIFY_MEDIA\Documentos_README_1267_49fef769.md","H:\incubadora despegue\AMPLIFY_MEDIA","11209","14/11/2025 15:29:56"
"H:\incubadora despegue\AMPLIFY_MEDIA\Documentos_readme_464.md","H:\incubadora despegue\AMPLIFY_MEDIA","1422","14/11/2025 15:41:04"
"H:\incubadora despegue\AMPLIFY_MEDIA\Documentos_README_467.md","H:\incubadora despegue\AMPLIFY_MEDIA","3430","14/11/2025 15:41:05"
"H:\incubadora despegue\AMPLIFY_MEDIA\Documentos_README_468.md","H:\incubadora despegue\AMPLIFY_MEDIA","5830","14/11/2025 15:41:04"
"H:\incubadora despegue\AMPLIFY_MEDIA\EAR_INTEGRATION_MASTER_PLAN_865C.md","H:\incubadora despegue\AMPLIFY_MEDIA","3308","11/02/2026 10:56:44"
"H:\incubadora despegue\AMPLIFY_MEDIA\EAR_INTEGRATION_MASTER_PLAN.md","H:\incubadora despegue\AMPLIFY_MEDIA","3308","11/02/2026 10:56:44"
"H:\incubadora despegue\AMPLIFY_MEDIA\EAR_KNOWLEDGE_BASE_2026_071927.md","H:\incubadora despegue\AMPLIFY_MEDIA","6770","16/02/2026 9:29:44"
"H:\incubadora despegue\AMPLIFY_MEDIA\EAR_KNOWLEDGE_BASE_2026_071928.md","H:\incubadora despegue\AMPLIFY_MEDIA","6770","16/02/2026 9:29:44"
"H:\incubadora despegue\AMPLIFY_MEDIA\EAR_KNOWLEDGE_BASE_2026_071929.md","H:\incubadora despegue\AMPLIFY_MEDIA","6770","16/02/2026 9:29:44"
"H:\incubadora despegue\AMPLIFY_MEDIA\EAR_KNOWLEDGE_BASE_2026.md","H:\incubadora despegue\AMPLIFY_MEDIA","6770","16/02/2026 9:29:44"
"H:\incubadora despegue\AMPLIFY_MEDIA\EAR_OS_MAESTRO_PROMPTS_PARTE_21.md","H:\incubadora despegue\AMPLIFY_MEDIA","169675","05/05/2026 15:57:58"
"H:\incubadora despegue\AMPLIFY_MEDIA\EAR_OS_MAESTRO_PROMPTS_PARTE_48.md","H:\incubadora despegue\AMPLIFY_MEDIA","227457","05/05/2026 15:58:04"
"H:\incubadora despegue\AMPLIFY_MEDIA\EAR_OS_MAESTRO_PROMPTS_PARTE_8.md","H:\incubadora despegue\AMPLIFY_MEDIA","169695","05/05/2026 15:57:55"
"H:\incubadora despegue\AMPLIFY_MEDIA\Executing EAR OS Semantic Reconstruction 17 04 2026.md","H:\incubadora despegue\AMPLIFY_MEDIA","29261","17/04/2026 12:53:36"
"H:\incubadora despegue\AMPLIFY_MEDIA\Executing EAR OS Semantic Reconstruction.md","H:\incubadora despegue\AMPLIFY_MEDIA","60275","17/04/2026 17:23:58"
"H:\incubadora despegue\AMPLIFY_MEDIA\protocolo_comunicacion_ear_B8E6.md","H:\incubadora despegue\AMPLIFY_MEDIA","5198","12/03/2026 10:30:24"
"H:\incubadora despegue\AMPLIFY_MEDIA\README_203_6CCD.md","H:\incubadora despegue\AMPLIFY_MEDIA","8343","14/11/2025 15:41:05"
"H:\incubadora despegue\AMPLIFY_MEDIA\README_203.md","H:\incubadora despegue\AMPLIFY_MEDIA","8343","14/11/2025 15:41:05"
"H:\incubadora despegue\AMPLIFY_MEDIA\README_4db0df13_C828.md","H:\incubadora despegue\AMPLIFY_MEDIA","2963","23/04/2025 14:27:59"
"H:\incubadora despegue\AMPLIFY_MEDIA\README_4db0df13.md","H:\incubadora despegue\AMPLIFY_MEDIA","2963","23/04/2025 14:27:59"
"H:\incubadora despegue\AMPLIFY_MEDIA\README_699D.md","H:\incubadora despegue\AMPLIFY_MEDIA","4100","16/03/2026 10:59:06"
"H:\incubadora despegue\AMPLIFY_MEDIA\README_98E5.md","H:\incubadora despegue\AMPLIFY_MEDIA","3711","27/11/2025 13:55:11"
"H:\incubadora despegue\AMPLIFY_MEDIA\README_C828.md","H:\incubadora despegue\AMPLIFY_MEDIA","2963","23/04/2025 14:27:59"
"H:\incubadora despegue\AMPLIFY_MEDIA\REC_20260729_protocolo_comunicacion_ear.md","H:\incubadora despegue\AMPLIFY_MEDIA","5198","12/03/2026 10:30:24"
"H:\incubadora despegue\AMPLIFY_MEDIA\scratchpad_05x26klb_25A0.md","H:\incubadora despegue\AMPLIFY_MEDIA","1132","11/03/2026 8:21:17"
"H:\incubadora despegue\AMPLIFY_NEWS\Documentos_README_1174_06a72fd0.md","H:\incubadora despegue\AMPLIFY_NEWS","2401","14/11/2025 15:29:54"
"H:\incubadora despegue\AMPLIFY_NEWS\Documentos_README_1260_32a581bc.md","H:\incubadora despegue\AMPLIFY_NEWS","5596","14/11/2025 15:29:54"
"H:\incubadora despegue\AMPLIFY_NEWS\Documentos_README_1260.md","H:\incubadora despegue\AMPLIFY_NEWS","5596","14/11/2025 15:29:54"
"H:\incubadora despegue\AMPLIFY_NEWS\Documentos_README_456.md","H:\incubadora despegue\AMPLIFY_NEWS","2354","14/11/2025 15:41:05"
"H:\incubadora despegue\AMPLIFY_NEWS\Documentos_README_816_0a7a5a49.md","H:\incubadora despegue\AMPLIFY_NEWS","82337","14/11/2025 15:29:56"
"H:\incubadora despegue\AMPLIFY_NEWS\Documentos_README_816.md","H:\incubadora despegue\AMPLIFY_NEWS","82337","14/11/2025 15:29:56"
"H:\incubadora despegue\AMPLIFY_NEWS\README_0C1A.md","H:\incubadora despegue\AMPLIFY_NEWS","27445","08/02/2026 20:06:31"
"H:\incubadora despegue\AMPLIFY_NEWS\README_20210527213803_4798.md","H:\incubadora despegue\AMPLIFY_NEWS","1602","25/07/2025 18:32:20"
"H:\incubadora despegue\AMPLIFY_NEWS\README_20210527213803_a27a7bf3_4798.md","H:\incubadora despegue\AMPLIFY_NEWS","1602","25/07/2025 18:32:20"
"H:\incubadora despegue\AMPLIFY_NEWS\README_20210527213803_a27a7bf3.md","H:\incubadora despegue\AMPLIFY_NEWS","1602","25/07/2025 18:32:20"
"H:\incubadora despegue\AMPLIFY_NEWS\README_20210527213803.md","H:\incubadora despegue\AMPLIFY_NEWS","1602","25/07/2025 18:32:20"
"H:\incubadora despegue\AMPLIFY_NEWS\README_8371a72f_0C1A.md","H:\incubadora despegue\AMPLIFY_NEWS","27445","08/02/2026 20:06:31"
"H:\incubadora despegue\AMPLIFY_NEWS\README_8371a72f.md","H:\incubadora despegue\AMPLIFY_NEWS","27445","08/02/2026 20:06:31"
"H:\incubadora despegue\CATALOGO_DESPEGUE\02_PODCASTS\Accelerate\3. Accelerate en Optimización de procesos de venta.mp3.md","H:\incubadora despegue\CATALOGO_DESPEGUE\02_PODCASTS\Accelerate","11921","20/02/2026 16:16:08"
"H:\incubadora despegue\CATALOGO_DESPEGUE\03_CURSOS\Facebook_Ads\meta-ads.md","H:\incubadora despegue\CATALOGO_DESPEGUE\03_CURSOS\Facebook_Ads","3457","14/03/2026 10:06:23"
"H:\incubadora despegue\CATALOGO_DESPEGUE\03_CURSOS\Midas\1. Introducción a Midas.mp4.md","H:\incubadora despegue\CATALOGO_DESPEGUE\03_CURSOS\Midas","8792","20/02/2026 16:16:08"
"H:\incubadora despegue\CATALOGO_DESPEGUE\05_WORKSHOPS\Propuesta_de_Valor\Encuentra tu PROPUESTA de VALOR como ARTISTA _ VENDE TU ARTE.md","H:\incubadora despegue\CATALOGO_DESPEGUE\05_WORKSHOPS\Propuesta_de_Valor","7712","10/02/2026 16:37:40"
"H:\incubadora despegue\CATALOGO_DESPEGUE\05_WORKSHOPS\Propuesta_de_Valor_Irresistible\Encuentra tu PROPUESTA de VALOR como ARTISTA _ VENDE TU ARTE.md","H:\incubadora despegue\CATALOGO_DESPEGUE\05_WORKSHOPS\Propuesta_de_Valor_Irresistible","7712","10/02/2026 16:37:40"
"H:\incubadora despegue\ESTRATEGIAS_Y_FRAMEWORKS\🎯 AUDITORÍA EXHAUSTIVA - PRODUCTORAEAR.COM_C360.md","H:\incubadora despegue\ESTRATEGIAS_Y_FRAMEWORKS","98931","04/03/2026 13:30:14"
"H:\incubadora despegue\ESTRATEGIAS_Y_FRAMEWORKS\🎯 AUDITORÍA EXHAUSTIVA - PRODUCTORAEAR.COM.md","H:\incubadora despegue\ESTRATEGIAS_Y_FRAMEWORKS","98931","04/03/2026 13:30:14"
"H:\incubadora despegue\ESTRATEGIAS_Y_FRAMEWORKS\01_estrategia_lanzamiento_derived.md","H:\incubadora despegue\ESTRATEGIAS_Y_FRAMEWORKS","756","08/08/2026 19:43:59"
"H:\incubadora despegue\ESTRATEGIAS_Y_FRAMEWORKS\01_estrategia_lanzamiento.md","H:\incubadora despegue\ESTRATEGIAS_Y_FRAMEWORKS","383","08/08/2026 19:44:00"
"H:\incubadora despegue\ESTRATEGIAS_Y_FRAMEWORKS\02_ARQUITECTURA_TECNICA_FIREBASE.md","H:\incubadora despegue\ESTRATEGIAS_Y_FRAMEWORKS","15723","14/11/2025 14:27:16"
"H:\incubadora despegue\ESTRATEGIAS_Y_FRAMEWORKS\08 05 2026  9 02 h Resuming Supabase Infrastructure Sovereignty_derived.md","H:\incubadora despegue\ESTRATEGIAS_Y_FRAMEWORKS","26898","08/08/2026 19:43:59"
"H:\incubadora despegue\ESTRATEGIAS_Y_FRAMEWORKS\08 05 2026  9 02 h Resuming Supabase Infrastructure Sovereignty.md","H:\incubadora despegue\ESTRATEGIAS_Y_FRAMEWORKS","25920","08/05/2026 9:02:48"
"H:\incubadora despegue\ESTRATEGIAS_Y_FRAMEWORKS\12 05 2026  15 0 3 h Resuming Supabase Infrastructure Sovereignty_derived.md","H:\incubadora despegue\ESTRATEGIAS_Y_FRAMEWORKS","38001","08/08/2026 19:43:59"
"H:\incubadora despegue\ESTRATEGIAS_Y_FRAMEWORKS\12 05 2026  15 0 3 h Resuming Supabase Infrastructure Sovereignty.md","H:\incubadora despegue\ESTRATEGIAS_Y_FRAMEWORKS","36913","12/05/2026 15:03:05"
"H:\incubadora despegue\ESTRATEGIAS_Y_FRAMEWORKS\12 05 2026  16 30 h Resuming Supabase Infrastructure Sovereignty_derived.md","H:\incubadora despegue\ESTRATEGIAS_Y_FRAMEWORKS","95365","08/08/2026 19:43:59"
"H:\incubadora despegue\ESTRATEGIAS_Y_FRAMEWORKS\12 05 2026  16 30 h Resuming Supabase Infrastructure Sovereignty.md","H:\incubadora despegue\ESTRATEGIAS_Y_FRAMEWORKS","93187","12/05/2026 16:31:00"
"H:\incubadora despegue\ESTRATEGIAS_Y_FRAMEWORKS\12 05 2026  17 21 h Resuming Supabase Infrastructure Sovereignty_derived.md","H:\incubadora despegue\ESTRATEGIAS_Y_FRAMEWORKS","126776","08/08/2026 19:43:59"
"H:\incubadora despegue\ESTRATEGIAS_Y_FRAMEWORKS\12 05 2026  17 21 h Resuming Supabase Infrastructure Sovereignty.md","H:\incubadora despegue\ESTRATEGIAS_Y_FRAMEWORKS","124079","12/05/2026 17:22:09"
"H:\incubadora despegue\ESTRATEGIAS_Y_FRAMEWORKS\15 05  13 07 Forensic Audit Of VIMUME Corpus_derived.md","H:\incubadora despegue\ESTRATEGIAS_Y_FRAMEWORKS","393328","08/08/2026 19:43:59"
"H:\incubadora despegue\ESTRATEGIAS_Y_FRAMEWORKS\15 05  13 07 Forensic Audit Of VIMUME Corpus.md","H:\incubadora despegue\ESTRATEGIAS_Y_FRAMEWORKS","383766","15/05/2026 13:07:36"
"H:\incubadora despegue\ESTRATEGIAS_Y_FRAMEWORKS\15 05 2026  10 27 h Resuming Supabase Infrastructure Sovereignty - copia_derived.md","H:\incubadora despegue\ESTRATEGIAS_Y_FRAMEWORKS","77548","08/08/2026 19:43:59"
"H:\incubadora despegue\ESTRATEGIAS_Y_FRAMEWORKS\15 05 2026  10 27 h Resuming Supabase Infrastructure Sovereignty - copia.md","H:\incubadora despegue\ESTRATEGIAS_Y_FRAMEWORKS","75322","15/05/2026 10:27:57"
"H:\incubadora despegue\ESTRATEGIAS_Y_FRAMEWORKS\15 05 2026  10 27 h Resuming Supabase Infrastructure Sovereignty_derived.md","H:\incubadora despegue\ESTRATEGIAS_Y_FRAMEWORKS","77540","08/08/2026 19:43:59"
"H:\incubadora despegue\ESTRATEGIAS_Y_FRAMEWORKS\15 05 2026  10 27 h Resuming Supabase Infrastructure Sovereignty.md","H:\incubadora despegue\ESTRATEGIAS_Y_FRAMEWORKS","75322","15/05/2026 10:27:57"
"H:\incubadora despegue\ESTRATEGIAS_Y_FRAMEWORKS\15 05 2026  17 05 h Resuming Supabase Infrastructure Sovereignty - copia - copia_derived.md","H:\incubadora despegue\ESTRATEGIAS_Y_FRAMEWORKS","482078","08/08/2026 19:43:59"
"H:\incubadora despegue\ESTRATEGIAS_Y_FRAMEWORKS\15 05 2026  17 05 h Resuming Supabase Infrastructure Sovereignty - copia - copia.md","H:\incubadora despegue\ESTRATEGIAS_Y_FRAMEWORKS","470830","15/05/2026 17:05:30"
"H:\incubadora despegue\ESTRATEGIAS_Y_FRAMEWORKS\15 05 2026  17 05 h Resuming Supabase Infrastructure Sovereignty - copia_derived.md","H:\incubadora despegue\ESTRATEGIAS_Y_FRAMEWORKS","482070","08/08/2026 19:43:59"
"H:\incubadora despegue\ESTRATEGIAS_Y_FRAMEWORKS\15 05 2026  17 05 h Resuming Supabase Infrastructure Sovereignty - copia.md","H:\incubadora despegue\ESTRATEGIAS_Y_FRAMEWORKS","470830","15/05/2026 17:05:30"
"H:\incubadora despegue\ESTRATEGIAS_Y_FRAMEWORKS\15 05 2026  17 05 h Resuming Supabase Infrastructure Sovereignty_derived.md","H:\incubadora despegue\ESTRATEGIAS_Y_FRAMEWORKS","482062","08/08/2026 19:43:59"
"H:\incubadora despegue\ESTRATEGIAS_Y_FRAMEWORKS\15 05 2026  17 05 h Resuming Supabase Infrastructure Sovereignty.md","H:\incubadora despegue\ESTRATEGIAS_Y_FRAMEWORKS","470830","15/05/2026 17:05:30"
"H:\incubadora despegue\ESTRATEGIAS_Y_FRAMEWORKS\15 05 2026  22 05 h Resuming Supabase Infrastructure Sovereignty - copia - copia_derived.md","H:\incubadora despegue\ESTRATEGIAS_Y_FRAMEWORKS","558474","08/08/2026 19:43:59"
"H:\incubadora despegue\ESTRATEGIAS_Y_FRAMEWORKS\15 05 2026  22 05 h Resuming Supabase Infrastructure Sovereignty - copia - copia.md","H:\incubadora despegue\ESTRATEGIAS_Y_FRAMEWORKS","546868","15/05/2026 22:15:18"
"H:\incubadora despegue\ESTRATEGIAS_Y_FRAMEWORKS\15 05 2026  22 05 h Resuming Supabase Infrastructure Sovereignty - copia_derived.md","H:\incubadora despegue\ESTRATEGIAS_Y_FRAMEWORKS","558466","08/08/2026 19:43:59"
"H:\incubadora despegue\ESTRATEGIAS_Y_FRAMEWORKS\15 05 2026  22 05 h Resuming Supabase Infrastructure Sovereignty - copia.md","H:\incubadora despegue\ESTRATEGIAS_Y_FRAMEWORKS","546868","15/05/2026 22:15:18"
"H:\incubadora despegue\ESTRATEGIAS_Y_FRAMEWORKS\15 05 2026  22 05 h Resuming Supabase Infrastructure Sovereignty_derived.md","H:\incubadora despegue\ESTRATEGIAS_Y_FRAMEWORKS","558458","08/08/2026 19:43:59"
"H:\incubadora despegue\ESTRATEGIAS_Y_FRAMEWORKS\15 05 2026  22 05 h Resuming Supabase Infrastructure Sovereignty.md","H:\incubadora despegue\ESTRATEGIAS_Y_FRAMEWORKS","546868","15/05/2026 22:15:18"
"H:\incubadora despegue\ESTRATEGIAS_Y_FRAMEWORKS\1773911382297 - 792_4E1C.md","H:\incubadora despegue\ESTRATEGIAS_Y_FRAMEWORKS","4234","19/03/2026 10:09:42"
"H:\incubadora despegue\ESTRATEGIAS_Y_FRAMEWORKS\1773911382297 - 792.md","H:\incubadora despegue\ESTRATEGIAS_Y_FRAMEWORKS","4234","19/03/2026 10:09:42"
"H:\incubadora despegue\ESTRATEGIAS_Y_FRAMEWORKS\1773911480434 - 337.md","H:\incubadora despegue\ESTRATEGIAS_Y_FRAMEWORKS","5834","19/03/2026 10:11:20"
"H:\incubadora despegue\ESTRATEGIAS_Y_FRAMEWORKS\1773912602334 - 973.md","H:\incubadora despegue\ESTRATEGIAS_Y_FRAMEWORKS","15465","19/03/2026 10:30:02"
"H:\incubadora despegue\ESTRATEGIAS_Y_FRAMEWORKS\1773913413090 - 783.md","H:\incubadora despegue\ESTRATEGIAS_Y_FRAMEWORKS","3918","19/03/2026 10:43:33"
"H:\incubadora despegue\ESTRATEGIAS_Y_FRAMEWORKS\1773913668467 - 543_9F79.md","H:\incubadora despegue\ESTRATEGIAS_Y_FRAMEWORKS","13579","19/03/2026 10:47:48"
"H:\incubadora despegue\ESTRATEGIAS_Y_FRAMEWORKS\1773913668467 - 543.md","H:\incubadora despegue\ESTRATEGIAS_Y_FRAMEWORKS","13579","19/03/2026 10:47:48"
"H:\incubadora despegue\ESTRATEGIAS_Y_FRAMEWORKS\1776805822876 - 694.md","H:\incubadora despegue\ESTRATEGIAS_Y_FRAMEWORKS","8358","21/04/2026 23:10:22"
"H:\incubadora despegue\ESTRATEGIAS_Y_FRAMEWORKS\1776805822894 - 794.md","H:\incubadora despegue\ESTRATEGIAS_Y_FRAMEWORKS","10302","21/04/2026 23:10:22"
"H:\incubadora despegue\ESTRATEGIAS_Y_FRAMEWORKS\1776805822924 - 319.md","H:\incubadora despegue\ESTRATEGIAS_Y_FRAMEWORKS","12226","21/04/2026 23:10:22"
"H:\incubadora despegue\ESTRATEGIAS_Y_FRAMEWORKS\1776805822951 - 4.md","H:\incubadora despegue\ESTRATEGIAS_Y_FRAMEWORKS","18631","21/04/2026 23:10:22"
"H:\incubadora despegue\ESTRATEGIAS_Y_FRAMEWORKS\1776805822976 - 204.md","H:\incubadora despegue\ESTRATEGIAS_Y_FRAMEWORKS","19398","21/04/2026 23:10:22"
"H:\incubadora despegue\ESTRATEGIAS_Y_FRAMEWORKS\1776805823001 - 16.md","H:\incubadora despegue\ESTRATEGIAS_Y_FRAMEWORKS","20731","21/04/2026 23:10:23"
"H:\incubadora despegue\ESTRATEGIAS_Y_FRAMEWORKS\1776805823027 - 493.md","H:\incubadora despegue\ESTRATEGIAS_Y_FRAMEWORKS","22609","21/04/2026 23:10:23"
"H:\incubadora despegue\ESTRATEGIAS_Y_FRAMEWORKS\1776805823054 - 202.md","H:\incubadora despegue\ESTRATEGIAS_Y_FRAMEWORKS","28480","21/04/2026 23:10:23"
"H:\incubadora despegue\ESTRATEGIAS_Y_FRAMEWORKS\1776805823085 - 37.md","H:\incubadora despegue\ESTRATEGIAS_Y_FRAMEWORKS","30681","21/04/2026 23:10:23"
"H:\incubadora despegue\ESTRATEGIAS_Y_FRAMEWORKS\1776805823119 - 596.md","H:\incubadora despegue\ESTRATEGIAS_Y_FRAMEWORKS","37961","21/04/2026 23:10:23"
"H:\incubadora despegue\ESTRATEGIAS_Y_FRAMEWORKS\1776805823156 - 82.md","H:\incubadora despegue\ESTRATEGIAS_Y_FRAMEWORKS","41014","21/04/2026 23:10:23"
"H:\incubadora despegue\ESTRATEGIAS_Y_FRAMEWORKS\1776805823197 - 668.md","H:\incubadora despegue\ESTRATEGIAS_Y_FRAMEWORKS","43070","21/04/2026 23:10:23"
"H:\incubadora despegue\ESTRATEGIAS_Y_FRAMEWORKS\1776805823247 - 650.md","H:\incubadora despegue\ESTRATEGIAS_Y_FRAMEWORKS","49223","21/04/2026 23:10:23"
"H:\incubadora despegue\ESTRATEGIAS_Y_FRAMEWORKS\1776805823297 - 872.md","H:\incubadora despegue\ESTRATEGIAS_Y_FRAMEWORKS","58066","21/04/2026 23:10:23"
"H:\incubadora despegue\ESTRATEGIAS_Y_FRAMEWORKS\1776805823355 - 596.md","H:\incubadora despegue\ESTRATEGIAS_Y_FRAMEWORKS","60365","21/04/2026 23:10:23"
"H:\incubadora despegue\ESTRATEGIAS_Y_FRAMEWORKS\1776805823422 - 598.md","H:\incubadora despegue\ESTRATEGIAS_Y_FRAMEWORKS","64189","21/04/2026 23:10:23"
"H:\incubadora despegue\ESTRATEGIAS_Y_FRAMEWORKS\1776805823492 - 111.md","H:\incubadora despegue\ESTRATEGIAS_Y_FRAMEWORKS","105196","21/04/2026 23:10:23"
"H:\incubadora despegue\ESTRATEGIAS_Y_FRAMEWORKS\1776805823576 - 696.md","H:\incubadora despegue\ESTRATEGIAS_Y_FRAMEWORKS","111731","21/04/2026 23:10:23"
"H:\incubadora despegue\ESTRATEGIAS_Y_FRAMEWORKS\18 05 2026  11 22 h Resuming Supabase Infrastructure Sovereignty_derived.md","H:\incubadora despegue\ESTRATEGIAS_Y_FRAMEWORKS","316217","08/08/2026 19:43:59"
"H:\incubadora despegue\ESTRATEGIAS_Y_FRAMEWORKS\18 05 2026  11 22 h Resuming Supabase Infrastructure Sovereignty.md","H:\incubadora despegue\ESTRATEGIAS_Y_FRAMEWORKS","309820","18/05/2026 11:25:35"
"H:\incubadora despegue\ESTRATEGIAS_Y_FRAMEWORKS\18 05 2026  11 28 h Resuming Supabase Infrastructure Sovereignty_derived.md","H:\incubadora despegue\ESTRATEGIAS_Y_FRAMEWORKS","323156","08/08/2026 19:43:59"
"H:\incubadora despegue\ESTRATEGIAS_Y_FRAMEWORKS\18 05 2026  11 28 h Resuming Supabase Infrastructure Sovereignty.md","H:\incubadora despegue\ESTRATEGIAS_Y_FRAMEWORKS","316595","18/05/2026 11:28:55"
"H:\incubadora despegue\ESTRATEGIAS_Y_FRAMEWORKS\24e21e8cb3fe9197c1d3ebcb0c094644_README_ESTRATEGIA_7AB4.md","H:\incubadora despegue\ESTRATEGIAS_Y_FRAMEWORKS","1835","25/02/2026 8:56:14"
"H:\incubadora despegue\ESTRATEGIAS_Y_FRAMEWORKS\ADN_LEGAL_EAR_071927.md","H:\incubadora despegue\ESTRATEGIAS_Y_FRAMEWORKS","14483","23/02/2026 23:10:26"
"H:\incubadora despegue\ESTRATEGIAS_Y_FRAMEWORKS\ADN_LEGAL_EAR.md","H:\incubadora despegue\ESTRATEGIAS_Y_FRAMEWORKS","14483","23/02/2026 23:10:26"
"H:\incubadora despegue\ESTRATEGIAS_Y_FRAMEWORKS\ARQUITECTURA_FIREBASE.md","H:\incubadora despegue\ESTRATEGIAS_Y_FRAMEWORKS","15723","14/11/2025 14:27:16"
"H:\incubadora despegue\ESTRATEGIAS_Y_FRAMEWORKS\astra escríbeme un documento prd basándote en la idea de construir un sistema de backend para un directorio de artistas con las necesidades que cada artista_empresario deberia de tener como acceso con registr_7389.md","H:\incubadora despegue\ESTRATEGIAS_Y_FRAMEWORKS","284392","02/12/2025 21:05:32"
"H:\incubadora despegue\ESTRATEGIAS_Y_FRAMEWORKS\astra escríbeme un documento prd basándote en la idea de construir un sistema de backend para un directorio de artistas con las necesidades que cada artista_empresario deberia de tener como acceso con registr.md","H:\incubadora despegue\ESTRATEGIAS_Y_FRAMEWORKS","284392","02/12/2025 21:05:32"
"H:\incubadora despegue\ESTRATEGIAS_Y_FRAMEWORKS\ASTRA_BUSINESS_MODEL.md","H:\incubadora despegue\ESTRATEGIAS_Y_FRAMEWORKS","1649","21/03/2026 14:18:55"
"H:\incubadora despegue\ESTRATEGIAS_Y_FRAMEWORKS\AUDITORÍA FULLSTACK SENIOR — PRODUCTORA EAR_071926_770F.md","H:\incubadora despegue\ESTRATEGIAS_Y_FRAMEWORKS","131045","26/02/2026 16:14:16"
"H:\incubadora despegue\ESTRATEGIAS_Y_FRAMEWORKS\AUDITORÍA FULLSTACK SENIOR — PRODUCTORA EAR_071926.md","H:\incubadora despegue\ESTRATEGIAS_Y_FRAMEWORKS","131045","26/02/2026 16:14:16"
"H:\incubadora despegue\ESTRATEGIAS_Y_FRAMEWORKS\AUDITORÍA FULLSTACK SENIOR — PRODUCTORA EAR_770F.md","H:\incubadora despegue\ESTRATEGIAS_Y_FRAMEWORKS","131045","04/03/2026 13:28:00"
"H:\incubadora despegue\ESTRATEGIAS_Y_FRAMEWORKS\AUDITORÍA FULLSTACK SENIOR — PRODUCTORA EAR.md","H:\incubadora despegue\ESTRATEGIAS_Y_FRAMEWORKS","131045","26/02/2026 16:14:16"
"H:\incubadora despegue\ESTRATEGIAS_Y_FRAMEWORKS\be94455af769589870a87545abd0925b_VIMUME_MASTER_DASHBOARD_2FD9.md","H:\incubadora despegue\ESTRATEGIAS_Y_FRAMEWORKS","1598","25/02/2026 11:18:45"
"H:\incubadora despegue\ESTRATEGIAS_Y_FRAMEWORKS\benchmarks_4E1C.md","H:\incubadora despegue\ESTRATEGIAS_Y_FRAMEWORKS","4234","14/03/2026 10:06:23"
"H:\incubadora despegue\ESTRATEGIAS_Y_FRAMEWORKS\benchmarks.md","H:\incubadora despegue\ESTRATEGIAS_Y_FRAMEWORKS","4234","14/03/2026 10:06:23"
"H:\incubadora despegue\ESTRATEGIAS_Y_FRAMEWORKS\CENTRO_DE_MANDO_EAR.md","H:\incubadora despegue\ESTRATEGIAS_Y_FRAMEWORKS","1517","23/02/2026 23:24:05"
"H:\incubadora despegue\ESTRATEGIAS_Y_FRAMEWORKS\CHANGELOG_336.md","H:\incubadora despegue\ESTRATEGIAS_Y_FRAMEWORKS","17574","14/11/2025 15:29:57"
"H:\incubadora despegue\ESTRATEGIAS_Y_FRAMEWORKS\D_OS AZUL_1_EAR_00_CEREBRO_DIGITAL_0_ESTRATEGIA_MAESTRA_00_SISTEMA_Y_PLANIFICACION_Instrucciones para IA ______De ahora en adelante,_071959.md","H:\incubadora despegue\ESTRATEGIAS_Y_FRAMEWORKS","7603","02/12/2025 16:31:20"
"H:\incubadora despegue\ESTRATEGIAS_Y_FRAMEWORKS\D_OS AZUL_1_EAR_00_CEREBRO_DIGITAL_0_ESTRATEGIA_MAESTRA_00_SISTEMA_Y_PLANIFICACION_Instrucciones para IA ______De ahora en adelante,.md","H:\incubadora despegue\ESTRATEGIAS_Y_FRAMEWORKS","7603","02/12/2025 16:31:20"
"H:\incubadora despegue\ESTRATEGIAS_Y_FRAMEWORKS\D_OS AZUL_1_EAR_00_CEREBRO_DIGITAL_10_MI_VOZ_01_CAOS_ORIGINAL_TEXTOS_CANDIDATOS_D_OS AZUL_0_INBOX_Documentos_CHANGELOG_88.md","H:\incubadora despegue\ESTRATEGIAS_Y_FRAMEWORKS","3543","14/11/2025 15:41:05"
"H:\incubadora despegue\ESTRATEGIAS_Y_FRAMEWORKS\D_OS AZUL_1_EAR_00_CEREBRO_DIGITAL_10_MI_VOZ_01_CAOS_ORIGINAL_TEXTOS_CANDIDATOS_D_OS AZUL_0_INBOX_Documentos_cli-examples.md","H:\incubadora despegue\ESTRATEGIAS_Y_FRAMEWORKS","1572","25/07/2025 18:32:20"
"H:\incubadora despegue\ESTRATEGIAS_Y_FRAMEWORKS\D_OS AZUL_1_EAR_00_CEREBRO_DIGITAL_10_MI_VOZ_01_CAOS_ORIGINAL_TEXTOS_D_OS AZUL_0_INBOX_Documentos_CHANGELOG_38.md","H:\incubadora despegue\ESTRATEGIAS_Y_FRAMEWORKS","2760","14/11/2025 15:41:05"
"H:\incubadora despegue\ESTRATEGIAS_Y_FRAMEWORKS\D_OS AZUL_1_EAR_00_CEREBRO_DIGITAL_10_MI_VOZ_01_CAOS_ORIGINAL_TEXTOS_D_OS AZUL_0_INBOX_Documentos_INFORME_ESTADO_APLICACION.md","H:\incubadora despegue\ESTRATEGIAS_Y_FRAMEWORKS","19421","14/11/2025 14:27:18"
"H:\incubadora despegue\ESTRATEGIAS_Y_FRAMEWORKS\D_OS AZUL_1_EAR_00_CEREBRO_DIGITAL_10_MI_VOZ_01_CAOS_ORIGINAL_TEXTOS_D_OS AZUL_0_INBOX_Documentos_LICENSE_58.md","H:\incubadora despegue\ESTRATEGIAS_Y_FRAMEWORKS","34974","14/11/2025 15:29:56"
"H:\incubadora despegue\ESTRATEGIAS_Y_FRAMEWORKS\D_OS AZUL_1_EAR_00_CEREBRO_DIGITAL_10_MI_VOZ_01_CAOS_ORIGINAL_TEXTOS_D_OS AZUL_0_INBOX_Documentos_README_1267.md","H:\incubadora despegue\ESTRATEGIAS_Y_FRAMEWORKS","11209","14/11/2025 15:29:56"
"H:\incubadora despegue\ESTRATEGIAS_Y_FRAMEWORKS\D_OS AZUL_1_EAR_00_CEREBRO_DIGITAL_10_MI_VOZ_01_CAOS_ORIGINAL_TEXTOS_D_OS AZUL_0_INBOX_Documentos_README_132.md","H:\incubadora despegue\ESTRATEGIAS_Y_FRAMEWORKS","9206","14/11/2025 15:41:04"
"H:\incubadora despegue\ESTRATEGIAS_Y_FRAMEWORKS\D_OS AZUL_1_EAR_00_CEREBRO_DIGITAL_10_MI_VOZ_01_CAOS_ORIGINAL_TEXTOS_D_OS AZUL_0_INBOX_Video_Multimedia_PRO_node_modules_socks_docs_examples_typescript_connectExample.md","H:\incubadora despegue\ESTRATEGIAS_Y_FRAMEWORKS","7738","08/12/2025 9:55:38"
"H:\incubadora despegue\ESTRATEGIAS_Y_FRAMEWORKS\D_OS AZUL_1_EAR_00_CEREBRO_DIGITAL_10_MI_VOZ_01_CAOS_ORIGINAL_TEXTOS_D_OS AZUL_1_EAR_00_CEREBRO_DIGITAL_0_ESTRATEGIA_MAESTRA_00_SISTEMA_Y_PLANIFICACION_Instrucciones para IA ______De ahora en adelante,.md","H:\incubadora despegue\ESTRATEGIAS_Y_FRAMEWORKS","7603","02/12/2025 16:31:20"
"H:\incubadora despegue\ESTRATEGIAS_Y_FRAMEWORKS\diseño de EAR y baño de realidad cifras.md","H:\incubadora despegue\ESTRATEGIAS_Y_FRAMEWORKS","684055","28/02/2026 18:11:20"
"H:\incubadora despegue\ESTRATEGIAS_Y_FRAMEWORKS\DNA_24e21e8cb3fe9197c1d3ebcb0c094644_README_ESTRATEGIA_7AB4.md","H:\incubadora despegue\ESTRATEGIAS_Y_FRAMEWORKS","1835","25/02/2026 8:56:14"
"H:\incubadora despegue\ESTRATEGIAS_Y_FRAMEWORKS\DNA_24e21e8cb3fe9197c1d3ebcb0c094644_README_ESTRATEGIA.md","H:\incubadora despegue\ESTRATEGIAS_Y_FRAMEWORKS","1835","25/02/2026 8:56:14"
"H:\incubadora despegue\ESTRATEGIAS_Y_FRAMEWORKS\DNA_79caaef8b78318deaa5f605351c553ae_02-homepage-copy.md","H:\incubadora despegue\ESTRATEGIAS_Y_FRAMEWORKS","9882","24/02/2026 7:56:40"
"H:\incubadora despegue\ESTRATEGIAS_Y_FRAMEWORKS\DNA_9a894139d0c56b7a0bbeb44fbf336cb5_01-product-marketing-context.md","H:\incubadora despegue\ESTRATEGIAS_Y_FRAMEWORKS","6843","24/02/2026 7:56:40"
"H:\incubadora despegue\ESTRATEGIAS_Y_FRAMEWORKS\DNA_log textos desde mi pc Edwin Agudelo multiples frentes. (caos)_refinado_497483414..md","H:\incubadora despegue\ESTRATEGIAS_Y_FRAMEWORKS","610","04/03/2026 15:39:22"
"H:\incubadora despegue\ESTRATEGIAS_Y_FRAMEWORKS\DNA_log textos desde mi pc Edwin Agudelo multiples frentes. (caos)_refinado_525094887..md","H:\incubadora despegue\ESTRATEGIAS_Y_FRAMEWORKS","610","04/03/2026 15:39:22"
"H:\incubadora despegue\ESTRATEGIAS_Y_FRAMEWORKS\DNA_log textos desde mi pc Edwin Agudelo multiples frentes. (caos)_refinado_5D69.md","H:\incubadora despegue\ESTRATEGIAS_Y_FRAMEWORKS","610","04/03/2026 15:39:22"
"H:\incubadora despegue\ESTRATEGIAS_Y_FRAMEWORKS\DNA_log textos desde mi pc Edwin Agudelo multiples frentes. (caos)_refinado.md","H:\incubadora despegue\ESTRATEGIAS_Y_FRAMEWORKS","610","04/03/2026 15:39:22"
"H:\incubadora despegue\ESTRATEGIAS_Y_FRAMEWORKS\DNA_README_ESTRATEGIA.md","H:\incubadora despegue\ESTRATEGIAS_Y_FRAMEWORKS","1746","25/02/2026 8:56:14"
"H:\incubadora despegue\ESTRATEGIAS_Y_FRAMEWORKS\Documentos_CHANGELOG_220.md","H:\incubadora despegue\ESTRATEGIAS_Y_FRAMEWORKS","120192","14/11/2025 15:30:04"
"H:\incubadora despegue\ESTRATEGIAS_Y_FRAMEWORKS\Documentos_changelog_239.md","H:\incubadora despegue\ESTRATEGIAS_Y_FRAMEWORKS","16026","14/11/2025 15:29:53"
"H:\incubadora despegue\ESTRATEGIAS_Y_FRAMEWORKS\Documentos_CHANGELOG_290_258b342f.md","H:\incubadora despegue\ESTRATEGIAS_Y_FRAMEWORKS","36562","14/11/2025 15:29:55"
"H:\incubadora despegue\ESTRATEGIAS_Y_FRAMEWORKS\Documentos_CHANGELOG_56.md","H:\incubadora despegue\ESTRATEGIAS_Y_FRAMEWORKS","12950","14/11/2025 15:41:05"
"H:\incubadora despegue\ESTRATEGIAS_Y_FRAMEWORKS\Documentos_CHANGELOG_62_86937ecc.md","H:\incubadora despegue\ESTRATEGIAS_Y_FRAMEWORKS","4510","14/11/2025 15:41:04"
"H:\incubadora despegue\ESTRATEGIAS_Y_FRAMEWORKS\Documentos_CHANGELOG_78_29b46dac.md","H:\incubadora despegue\ESTRATEGIAS_Y_FRAMEWORKS","11885","14/11/2025 15:41:05"
"H:\incubadora despegue\ESTRATEGIAS_Y_FRAMEWORKS\Documentos_INFORME_ESTADO_APLICACION_4ecc76b2.md","H:\incubadora despegue\ESTRATEGIAS_Y_FRAMEWORKS","19421","14/11/2025 14:27:18"
"H:\incubadora despegue\ESTRATEGIAS_Y_FRAMEWORKS\Documentos_LICENSE_58_f7ee4347.md","H:\incubadora despegue\ESTRATEGIAS_Y_FRAMEWORKS","34974","14/11/2025 15:29:56"
"H:\incubadora despegue\ESTRATEGIAS_Y_FRAMEWORKS\Documentos_README_1029.md","H:\incubadora despegue\ESTRATEGIAS_Y_FRAMEWORKS","24592","14/11/2025 15:29:56"
"H:\incubadora despegue\ESTRATEGIAS_Y_FRAMEWORKS\Documentos_README_1032.md","H:\incubadora despegue\ESTRATEGIAS_Y_FRAMEWORKS","6054","14/11/2025 15:29:55"
"H:\incubadora despegue\ESTRATEGIAS_Y_FRAMEWORKS\Documentos_README_1216.md","H:\incubadora despegue\ESTRATEGIAS_Y_FRAMEWORKS","1717","14/11/2025 15:29:54"
"H:\incubadora despegue\ESTRATEGIAS_Y_FRAMEWORKS\Documentos_README_1267_85d298a5.md","H:\incubadora despegue\ESTRATEGIAS_Y_FRAMEWORKS","11209","14/11/2025 15:29:56"
"H:\incubadora despegue\ESTRATEGIAS_Y_FRAMEWORKS\Documentos_README_132_1f3d5519.md","H:\incubadora despegue\ESTRATEGIAS_Y_FRAMEWORKS","9206","14/11/2025 15:41:04"
"H:\incubadora despegue\ESTRATEGIAS_Y_FRAMEWORKS\Documentos_README_190.md","H:\incubadora despegue\ESTRATEGIAS_Y_FRAMEWORKS","4198","14/11/2025 15:41:04"
"H:\incubadora despegue\ESTRATEGIAS_Y_FRAMEWORKS\Documentos_README_806_9363bf13.md","H:\incubadora despegue\ESTRATEGIAS_Y_FRAMEWORKS","2001","14/11/2025 15:29:54"
"H:\incubadora despegue\ESTRATEGIAS_Y_FRAMEWORKS\EAR_CONVERSION_PLAYBOOK_071927.md","H:\incubadora despegue\ESTRATEGIAS_Y_FRAMEWORKS","9032","16/02/2026 9:24:18"
"H:\incubadora despegue\ESTRATEGIAS_Y_FRAMEWORKS\EAR_CONVERSION_PLAYBOOK_071928.md","H:\incubadora despegue\ESTRATEGIAS_Y_FRAMEWORKS","9032","16/02/2026 9:24:18"
"H:\incubadora despegue\ESTRATEGIAS_Y_FRAMEWORKS\EAR_CONVERSION_PLAYBOOK_071929.md","H:\incubadora despegue\ESTRATEGIAS_Y_FRAMEWORKS","9032","16/02/2026 9:24:18"
"H:\incubadora despegue\ESTRATEGIAS_Y_FRAMEWORKS\EAR_CONVERSION_PLAYBOOK.md","H:\incubadora despegue\ESTRATEGIAS_Y_FRAMEWORKS","9032","16/02/2026 9:24:18"
"H:\incubadora despegue\ESTRATEGIAS_Y_FRAMEWORKS\ear_os_architecture_plan_B9EC.md","H:\incubadora despegue\ESTRATEGIAS_Y_FRAMEWORKS","2597","23/03/2026 17:08:06"
"H:\incubadora despegue\ESTRATEGIAS_Y_FRAMEWORKS\EAR_OS_INVESTOR_MEMO_AND_DECK_ONEPAGER.md","H:\incubadora despegue\ESTRATEGIAS_Y_FRAMEWORKS","7446","08/08/2026 19:44:00"
"H:\incubadora despegue\ESTRATEGIAS_Y_FRAMEWORKS\EAR_OS_MAESTRO_PROMPTS_PARTE_109.md","H:\incubadora despegue\ESTRATEGIAS_Y_FRAMEWORKS","1870474","05/05/2026 15:58:34"
"H:\incubadora despegue\ESTRATEGIAS_Y_FRAMEWORKS\EAR_OS_MAESTRO_PROMPTS_PARTE_110.md","H:\incubadora despegue\ESTRATEGIAS_Y_FRAMEWORKS","5428169","05/05/2026 15:58:34"
"H:\incubadora despegue\ESTRATEGIAS_Y_FRAMEWORKS\EAR_OS_MAESTRO_PROMPTS_PARTE_15.md","H:\incubadora despegue\ESTRATEGIAS_Y_FRAMEWORKS","4378812","05/05/2026 15:57:57"
"H:\incubadora despegue\ESTRATEGIAS_Y_FRAMEWORKS\EAR_OS_MAESTRO_PROMPTS_PARTE_2.md","H:\incubadora despegue\ESTRATEGIAS_Y_FRAMEWORKS","4378820","05/05/2026 15:57:53"
"H:\incubadora despegue\ESTRATEGIAS_Y_FRAMEWORKS\EAR_OS_MAESTRO_PROMPTS_PARTE_28.md","H:\incubadora despegue\ESTRATEGIAS_Y_FRAMEWORKS","4378805","05/05/2026 15:58:00"
"H:\incubadora despegue\ESTRATEGIAS_Y_FRAMEWORKS\EAR_OS_MAESTRO_PROMPTS_PARTE_43.md","H:\incubadora despegue\ESTRATEGIAS_Y_FRAMEWORKS","4378774","05/05/2026 15:58:02"
"H:\incubadora despegue\ESTRATEGIAS_Y_FRAMEWORKS\EAR_OS_OMEGA_BRAIN.md","H:\incubadora despegue\ESTRATEGIAS_Y_FRAMEWORKS","20169","24/03/2026 11:16:15"
"H:\incubadora despegue\ESTRATEGIAS_Y_FRAMEWORKS\EAR_RECOVERY_PROTOCOL.md","H:\incubadora despegue\ESTRATEGIAS_Y_FRAMEWORKS","2108","15/02/2026 11:00:24"
"H:\incubadora despegue\ESTRATEGIAS_Y_FRAMEWORKS\EAR_REVENUE_OPERATING_SYSTEM.md","H:\incubadora despegue\ESTRATEGIAS_Y_FRAMEWORKS","1092","08/08/2026 19:44:00"
"H:\incubadora despegue\ESTRATEGIAS_Y_FRAMEWORKS\format-guide.md","H:\incubadora despegue\ESTRATEGIAS_Y_FRAMEWORKS","5834","14/03/2026 10:06:23"
"H:\incubadora despegue\ESTRATEGIAS_Y_FRAMEWORKS\IMPLEMENTACION_COMPLETA_C1BC.md","H:\incubadora despegue\ESTRATEGIAS_Y_FRAMEWORKS","16136","14/11/2025 14:27:18"
"H:\incubadora despegue\ESTRATEGIAS_Y_FRAMEWORKS\IMPLEMENTACION_COMPLETA.md","H:\incubadora despegue\ESTRATEGIAS_Y_FRAMEWORKS","16136","14/11/2025 14:27:18"
"H:\incubadora despegue\ESTRATEGIAS_Y_FRAMEWORKS\INFORME_UBER_MARIACHIS_RED_EMOCIONAL_5417.md","H:\incubadora despegue\ESTRATEGIAS_Y_FRAMEWORKS","6136","04/03/2026 16:36:34"
"H:\incubadora despegue\ESTRATEGIAS_Y_FRAMEWORKS\INTEL_astra escríbeme un documento prd basándote en la idea de construir un sistema de backend para un directorio de artistas con las necesidades que cada artista_empresario deberia de tener como acceso con registr_7389.md","H:\incubadora despegue\ESTRATEGIAS_Y_FRAMEWORKS","284392","02/12/2025 21:05:32"
"H:\incubadora despegue\ESTRATEGIAS_Y_FRAMEWORKS\INTEL_astra escríbeme un documento prd basándote en la idea de construir un sistema de backend para un directorio de artistas con las necesidades que cada artista_empresario deberia de tener como acceso con registr.md","H:\incubadora despegue\ESTRATEGIAS_Y_FRAMEWORKS","284392","02/12/2025 21:05:32"
"H:\incubadora despegue\ESTRATEGIAS_Y_FRAMEWORKS\INTEL_MANUAL_SOBERANO_EAR_OS.md","H:\incubadora despegue\ESTRATEGIAS_Y_FRAMEWORKS","15228","04/04/2026 13:03:21"
"H:\incubadora despegue\ESTRATEGIAS_Y_FRAMEWORKS\INVENTARIO_MAESTRO_FUENTES_EAR.md","H:\incubadora despegue\ESTRATEGIAS_Y_FRAMEWORKS","7991","15/02/2026 16:37:38"
"H:\incubadora despegue\ESTRATEGIAS_Y_FRAMEWORKS\log textos desde mi pc Edwin Agudelo multiples frentes. (caos)_refinado_5D69.md","H:\incubadora despegue\ESTRATEGIAS_Y_FRAMEWORKS","610","04/03/2026 15:39:22"
"H:\incubadora despegue\ESTRATEGIAS_Y_FRAMEWORKS\log textos desde mi pc Edwin Agudelo multiples frentes. (caos)_refinado.md","H:\incubadora despegue\ESTRATEGIAS_Y_FRAMEWORKS","610","04/03/2026 15:39:22"
"H:\incubadora despegue\ESTRATEGIAS_Y_FRAMEWORKS\MANUAL_SOBERANO_EAR_OS (2).md","H:\incubadora despegue\ESTRATEGIAS_Y_FRAMEWORKS","15228","04/04/2026 13:03:21"
"H:\incubadora despegue\ESTRATEGIAS_Y_FRAMEWORKS\MANUAL_SOBERANO_EAR_OS.md","H:\incubadora despegue\ESTRATEGIAS_Y_FRAMEWORKS","15228","04/04/2026 13:03:21"
"H:\incubadora despegue\ESTRATEGIAS_Y_FRAMEWORKS\Martes de Consultoría 🎯 Sesión 4 (19_11_2024) con María Dancausa_170fb2c4.md","H:\incubadora despegue\ESTRATEGIAS_Y_FRAMEWORKS","105489","20/02/2026 16:18:54"
"H:\incubadora despegue\ESTRATEGIAS_Y_FRAMEWORKS\Martes de Consultoría 🎯 Sesión 4 (19_11_2024) con María Dancausa.md","H:\incubadora despegue\ESTRATEGIAS_Y_FRAMEWORKS","105489","20/02/2026 16:18:54"
"H:\incubadora despegue\ESTRATEGIAS_Y_FRAMEWORKS\MICROSERVICES_README_DC65.md","H:\incubadora despegue\ESTRATEGIAS_Y_FRAMEWORKS","14272","14/11/2025 14:27:18"
"H:\incubadora despegue\ESTRATEGIAS_Y_FRAMEWORKS\MICROSERVICES_README.md","H:\incubadora despegue\ESTRATEGIAS_Y_FRAMEWORKS","14272","14/11/2025 14:27:18"
"H:\incubadora despegue\ESTRATEGIAS_Y_FRAMEWORKS\NUEVAS_FUNCIONALIDADES.md","H:\incubadora despegue\ESTRATEGIAS_Y_FRAMEWORKS","13693","14/11/2025 14:27:18"
"H:\incubadora despegue\ESTRATEGIAS_Y_FRAMEWORKS\README_115.md","H:\incubadora despegue\ESTRATEGIAS_Y_FRAMEWORKS","21505","14/11/2025 15:41:05"
"H:\incubadora despegue\ESTRATEGIAS_Y_FRAMEWORKS\README_206_8419.md","H:\incubadora despegue\ESTRATEGIAS_Y_FRAMEWORKS","7486","14/11/2025 15:41:04"
"H:\incubadora despegue\ESTRATEGIAS_Y_FRAMEWORKS\README_206.md","H:\incubadora despegue\ESTRATEGIAS_Y_FRAMEWORKS","7486","14/11/2025 15:41:04"
"H:\incubadora despegue\ESTRATEGIAS_Y_FRAMEWORKS\README_519.md","H:\incubadora despegue\ESTRATEGIAS_Y_FRAMEWORKS","11107","14/11/2025 15:29:55"
"H:\incubadora despegue\ESTRATEGIAS_Y_FRAMEWORKS\README_657_500367fa.md","H:\incubadora despegue\ESTRATEGIAS_Y_FRAMEWORKS","7298","14/11/2025 15:29:54"
"H:\incubadora despegue\ESTRATEGIAS_Y_FRAMEWORKS\README_657.md","H:\incubadora despegue\ESTRATEGIAS_Y_FRAMEWORKS","7298","14/11/2025 15:29:54"
"H:\incubadora despegue\ESTRATEGIAS_Y_FRAMEWORKS\README_ESTRATEGIA.md","H:\incubadora despegue\ESTRATEGIAS_Y_FRAMEWORKS","1746","25/02/2026 8:56:14"
"H:\incubadora despegue\ESTRATEGIAS_Y_FRAMEWORKS\README.md","H:\incubadora despegue\ESTRATEGIAS_Y_FRAMEWORKS","15465","14/03/2026 10:06:23"
"H:\incubadora despegue\ESTRATEGIAS_Y_FRAMEWORKS\README.v3_7592d7cf_AD13.md","H:\incubadora despegue\ESTRATEGIAS_Y_FRAMEWORKS","19166","17/02/2026 22:10:19"
"H:\incubadora despegue\ESTRATEGIAS_Y_FRAMEWORKS\README.v3_7592d7cf.md","H:\incubadora despegue\ESTRATEGIAS_Y_FRAMEWORKS","19166","17/02/2026 22:10:19"
"H:\incubadora despegue\ESTRATEGIAS_Y_FRAMEWORKS\README.v3_AD13.md","H:\incubadora despegue\ESTRATEGIAS_Y_FRAMEWORKS","19166","17/02/2026 22:10:19"
"H:\incubadora despegue\ESTRATEGIAS_Y_FRAMEWORKS\README.v3.md","H:\incubadora despegue\ESTRATEGIAS_Y_FRAMEWORKS","19166","17/02/2026 22:10:19"
"H:\incubadora despegue\ESTRATEGIAS_Y_FRAMEWORKS\REC_20260729_24e21e8cb3fe9197c1d3ebcb0c094644_README_ESTRATEGIA.md","H:\incubadora despegue\ESTRATEGIAS_Y_FRAMEWORKS","1835","25/02/2026 8:56:14"
"H:\incubadora despegue\ESTRATEGIAS_Y_FRAMEWORKS\REC_20260729_79caaef8b78318deaa5f605351c553ae_02-homepage-copy.md","H:\incubadora despegue\ESTRATEGIAS_Y_FRAMEWORKS","9882","24/02/2026 7:56:40"
"H:\incubadora despegue\ESTRATEGIAS_Y_FRAMEWORKS\REC_20260729_9a894139d0c56b7a0bbeb44fbf336cb5_01-product-marketing-context.md","H:\incubadora despegue\ESTRATEGIAS_Y_FRAMEWORKS","6843","24/02/2026 7:56:40"
"H:\incubadora despegue\ESTRATEGIAS_Y_FRAMEWORKS\REC_20260729_walkthrough_auditoria.md","H:\incubadora despegue\ESTRATEGIAS_Y_FRAMEWORKS","3270","22/03/2026 14:30:14"
"H:\incubadora despegue\ESTRATEGIAS_Y_FRAMEWORKS\REPORTE_SIMPLE_PC.md","H:\incubadora despegue\ESTRATEGIAS_Y_FRAMEWORKS","3194","15/03/2026 20:42:18"
"H:\incubadora despegue\ESTRATEGIAS_Y_FRAMEWORKS\RESUMEN_IMPLEMENTACION_91F7.md","H:\incubadora despegue\ESTRATEGIAS_Y_FRAMEWORKS","11638","14/11/2025 14:27:18"
"H:\incubadora despegue\ESTRATEGIAS_Y_FRAMEWORKS\RESUMEN_IMPLEMENTACION.md","H:\incubadora despegue\ESTRATEGIAS_Y_FRAMEWORKS","11638","14/11/2025 14:27:18"
"H:\incubadora despegue\ESTRATEGIAS_Y_FRAMEWORKS\S-Class Panel System Implementation 19 04  11 51am.md","H:\incubadora despegue\ESTRATEGIAS_Y_FRAMEWORKS","8358","19/04/2026 11:51:13"
"H:\incubadora despegue\ESTRATEGIAS_Y_FRAMEWORKS\S-Class Panel System Implementation 19 04  11 54 am.md","H:\incubadora despegue\ESTRATEGIAS_Y_FRAMEWORKS","10302","19/04/2026 11:54:08"
"H:\incubadora despegue\ESTRATEGIAS_Y_FRAMEWORKS\S-Class Panel System Implementation 19 04  11 59 am.md","H:\incubadora despegue\ESTRATEGIAS_Y_FRAMEWORKS","12226","19/04/2026 11:59:16"
"H:\incubadora despegue\ESTRATEGIAS_Y_FRAMEWORKS\S-Class Panel System Implementation 19 04  12  08 am.md","H:\incubadora despegue\ESTRATEGIAS_Y_FRAMEWORKS","18631","19/04/2026 12:08:46"
"H:\incubadora despegue\ESTRATEGIAS_Y_FRAMEWORKS\S-Class Panel System Implementation 19 04  12  12am.md","H:\incubadora despegue\ESTRATEGIAS_Y_FRAMEWORKS","19398","19/04/2026 12:12:13"
"H:\incubadora despegue\ESTRATEGIAS_Y_FRAMEWORKS\S-Class Panel System Implementation 19 04  12  45 am.md","H:\incubadora despegue\ESTRATEGIAS_Y_FRAMEWORKS","20731","19/04/2026 12:45:59"
"H:\incubadora despegue\ESTRATEGIAS_Y_FRAMEWORKS\S-Class Panel System Implementation 19 04  12  55am.md","H:\incubadora despegue\ESTRATEGIAS_Y_FRAMEWORKS","22609","19/04/2026 12:55:30"
"H:\incubadora despegue\ESTRATEGIAS_Y_FRAMEWORKS\S-Class Panel System Implementation 19 04  13 05 h.md","H:\incubadora despegue\ESTRATEGIAS_Y_FRAMEWORKS","28480","19/04/2026 13:05:23"
"H:\incubadora despegue\ESTRATEGIAS_Y_FRAMEWORKS\S-Class Panel System Implementation 19 04  13 09 h.md","H:\incubadora despegue\ESTRATEGIAS_Y_FRAMEWORKS","30681","19/04/2026 13:09:10"
"H:\incubadora despegue\ESTRATEGIAS_Y_FRAMEWORKS\S-Class Panel System Implementation 19 04  13 52 h.md","H:\incubadora despegue\ESTRATEGIAS_Y_FRAMEWORKS","37961","19/04/2026 13:52:59"
"H:\incubadora despegue\ESTRATEGIAS_Y_FRAMEWORKS\S-Class Panel System Implementation 19 04  13 59h.md","H:\incubadora despegue\ESTRATEGIAS_Y_FRAMEWORKS","41014","19/04/2026 13:59:14"
"H:\incubadora despegue\ESTRATEGIAS_Y_FRAMEWORKS\S-Class Panel System Implementation 19 04  14 10 h.md","H:\incubadora despegue\ESTRATEGIAS_Y_FRAMEWORKS","43070","19/04/2026 14:10:41"
"H:\incubadora despegue\ESTRATEGIAS_Y_FRAMEWORKS\S-Class Panel System Implementation 19 04  15 00 h.md","H:\incubadora despegue\ESTRATEGIAS_Y_FRAMEWORKS","49223","19/04/2026 15:00:30"
"H:\incubadora despegue\ESTRATEGIAS_Y_FRAMEWORKS\S-Class Panel System Implementation 19 04  15 33 h.md","H:\incubadora despegue\ESTRATEGIAS_Y_FRAMEWORKS","58066","19/04/2026 15:33:17"
"H:\incubadora despegue\ESTRATEGIAS_Y_FRAMEWORKS\S-Class Panel System Implementation 19 04  16 33 h.md","H:\incubadora despegue\ESTRATEGIAS_Y_FRAMEWORKS","60365","19/04/2026 16:33:21"
"H:\incubadora despegue\ESTRATEGIAS_Y_FRAMEWORKS\S-Class Panel System Implementation 19 04  16 55h.md","H:\incubadora despegue\ESTRATEGIAS_Y_FRAMEWORKS","64189","19/04/2026 16:55:42"
"H:\incubadora despegue\ESTRATEGIAS_Y_FRAMEWORKS\S-Class Panel System Implementation 19 04  17 36 pm.md","H:\incubadora despegue\ESTRATEGIAS_Y_FRAMEWORKS","105196","19/04/2026 17:37:00"
"H:\incubadora despegue\ESTRATEGIAS_Y_FRAMEWORKS\S-Class Panel System Implementation 19 04  17 47 pm.md","H:\incubadora despegue\ESTRATEGIAS_Y_FRAMEWORKS","111731","19/04/2026 17:47:09"
"H:\incubadora despegue\ESTRATEGIAS_Y_FRAMEWORKS\SECURITY.md","H:\incubadora despegue\ESTRATEGIAS_Y_FRAMEWORKS","7684","03/03/2026 19:18:27"
"H:\incubadora despegue\ESTRATEGIAS_Y_FRAMEWORKS\sequence-templates.md","H:\incubadora despegue\ESTRATEGIAS_Y_FRAMEWORKS","3918","14/03/2026 10:06:23"
"H:\incubadora despegue\ESTRATEGIAS_Y_FRAMEWORKS\SKILL_1.md","H:\incubadora despegue\ESTRATEGIAS_Y_FRAMEWORKS","8422","14/03/2026 10:06:23"
"H:\incubadora despegue\ESTRATEGIAS_Y_FRAMEWORKS\SKILL_2.md","H:\incubadora despegue\ESTRATEGIAS_Y_FRAMEWORKS","5932","14/03/2026 10:06:23"
"H:\incubadora despegue\ESTRATEGIAS_Y_FRAMEWORKS\SKILL_3.md","H:\incubadora despegue\ESTRATEGIAS_Y_FRAMEWORKS","10989","14/03/2026 10:06:23"
"H:\incubadora despegue\ESTRATEGIAS_Y_FRAMEWORKS\SKILL_4.md","H:\incubadora despegue\ESTRATEGIAS_Y_FRAMEWORKS","10222","14/03/2026 10:06:23"
"H:\incubadora despegue\ESTRATEGIAS_Y_FRAMEWORKS\SKILL_5.md","H:\incubadora despegue\ESTRATEGIAS_Y_FRAMEWORKS","11799","14/03/2026 10:06:23"
"H:\incubadora despegue\ESTRATEGIAS_Y_FRAMEWORKS\SKILL_9F79.md","H:\incubadora despegue\ESTRATEGIAS_Y_FRAMEWORKS","13579","14/03/2026 10:06:23"
"H:\incubadora despegue\ESTRATEGIAS_Y_FRAMEWORKS\SKILL.md","H:\incubadora despegue\ESTRATEGIAS_Y_FRAMEWORKS","13579","14/03/2026 10:06:23"
"H:\incubadora despegue\ESTRATEGIAS_Y_FRAMEWORKS\v182-audit_derived.md","H:\incubadora despegue\ESTRATEGIAS_Y_FRAMEWORKS","3869","08/08/2026 19:43:59"
"H:\incubadora despegue\ESTRATEGIAS_Y_FRAMEWORKS\v182-audit.md","H:\incubadora despegue\ESTRATEGIAS_Y_FRAMEWORKS","3481","15/05/2026 11:31:10"
"H:\incubadora despegue\ESTRATEGIAS_Y_FRAMEWORKS\VERSIONS.md","H:\incubadora despegue\ESTRATEGIAS_Y_FRAMEWORKS","3912","14/03/2026 10:06:23"
"H:\incubadora despegue\ESTRATEGIAS_Y_FRAMEWORKS\Video_Multimedia_PRO_node_modules_es-toolkit_CHANGELOG_32dd9beb_71D8.md","H:\incubadora despegue\ESTRATEGIAS_Y_FRAMEWORKS","70144","08/12/2025 9:45:52"
"H:\incubadora despegue\ESTRATEGIAS_Y_FRAMEWORKS\Video_Multimedia_PRO_node_modules_es-toolkit_CHANGELOG_32dd9beb.md","H:\incubadora despegue\ESTRATEGIAS_Y_FRAMEWORKS","70144","08/12/2025 9:45:52"
"H:\incubadora despegue\ESTRATEGIAS_Y_FRAMEWORKS\Video_Multimedia_PRO_node_modules_es-toolkit_CHANGELOG_71D8.md","H:\incubadora despegue\ESTRATEGIAS_Y_FRAMEWORKS","70144","08/12/2025 9:45:52"
"H:\incubadora despegue\ESTRATEGIAS_Y_FRAMEWORKS\Video_Multimedia_PRO_node_modules_es-toolkit_CHANGELOG.md","H:\incubadora despegue\ESTRATEGIAS_Y_FRAMEWORKS","70144","08/12/2025 9:45:52"
"H:\incubadora despegue\ESTRATEGIAS_Y_FRAMEWORKS\Video_Multimedia_PRO_node_modules_eventemitter3_README_E552.md","H:\incubadora despegue\ESTRATEGIAS_Y_FRAMEWORKS","3430","08/12/2025 9:46:19"
"H:\incubadora despegue\ESTRATEGIAS_Y_FRAMEWORKS\Video_Multimedia_PRO_node_modules_eventemitter3_README.md","H:\incubadora despegue\ESTRATEGIAS_Y_FRAMEWORKS","3430","08/12/2025 9:46:19"
"H:\incubadora despegue\ESTRATEGIAS_Y_FRAMEWORKS\Video_Multimedia_PRO_node_modules_fluent-ffmpeg_OLD_README_9240ab1a.md","H:\incubadora despegue\ESTRATEGIAS_Y_FRAMEWORKS","53000","08/12/2025 9:55:40"
"H:\incubadora despegue\ESTRATEGIAS_Y_FRAMEWORKS\Video_Multimedia_PRO_node_modules_safer-buffer_Readme_8cb995d6.md","H:\incubadora despegue\ESTRATEGIAS_Y_FRAMEWORKS","8261","08/12/2025 9:55:34"
"H:\incubadora despegue\ESTRATEGIAS_Y_FRAMEWORKS\Video_Multimedia_PRO_node_modules_socks_docs_examples_typescript_connectExample_14D5.md","H:\incubadora despegue\ESTRATEGIAS_Y_FRAMEWORKS","7738","08/12/2025 9:55:38"
"H:\incubadora despegue\ESTRATEGIAS_Y_FRAMEWORKS\VIMUME_MASTER_DASHBOARD_071421_071431.md","H:\incubadora despegue\ESTRATEGIAS_Y_FRAMEWORKS","1518","25/02/2026 11:18:45"
"H:\incubadora despegue\ESTRATEGIAS_Y_FRAMEWORKS\VIMUME_MASTER_DASHBOARD_071421.md","H:\incubadora despegue\ESTRATEGIAS_Y_FRAMEWORKS","1518","25/02/2026 11:18:45"
"H:\incubadora despegue\ESTRATEGIAS_Y_FRAMEWORKS\VIMUME_MASTER_DASHBOARD_071430.md","H:\incubadora despegue\ESTRATEGIAS_Y_FRAMEWORKS","1518","25/02/2026 11:18:45"
"H:\incubadora despegue\ESTRATEGIAS_Y_FRAMEWORKS\VIMUME_MASTER_DASHBOARD_071431.md","H:\incubadora despegue\ESTRATEGIAS_Y_FRAMEWORKS","1518","25/02/2026 11:18:45"
"H:\incubadora despegue\ESTRATEGIAS_Y_FRAMEWORKS\VIMUME_MASTER_DASHBOARD.md","H:\incubadora despegue\ESTRATEGIAS_Y_FRAMEWORKS","1518","25/02/2026 11:18:45"
"H:\incubadora despegue\ESTRATEGIAS_Y_FRAMEWORKS\walkthrough_auditoria_3140.md","H:\incubadora despegue\ESTRATEGIAS_Y_FRAMEWORKS","3270","22/03/2026 14:30:14"
"H:\incubadora despegue\ESTRATEGIAS_Y_FRAMEWORKS\walkthrough_BF1D.md","H:\incubadora despegue\ESTRATEGIAS_Y_FRAMEWORKS","3395","23/02/2026 23:54:33"
"H:\incubadora despegue\ESTRATEGIAS_Y_FRAMEWORKS\LOS_GANADORES\README.md","H:\incubadora despegue\ESTRATEGIAS_Y_FRAMEWORKS\LOS_GANADORES","662","19/08/2026 12:56:27"
"H:\incubadora despegue\INFLUENCE\1773911387275 - 301.md","H:\incubadora despegue\INFLUENCE","3274","19/03/2026 10:09:47"
"H:\incubadora despegue\INFLUENCE\1773911610703 - 655_037D.md","H:\incubadora despegue\INFLUENCE","15226","19/03/2026 10:13:30"
"H:\incubadora despegue\INFLUENCE\1773911610703 - 655.md","H:\incubadora despegue\INFLUENCE","15226","19/03/2026 10:13:30"
"H:\incubadora despegue\INFLUENCE\1773913141524 - 591.md","H:\incubadora despegue\INFLUENCE","7450","19/03/2026 10:39:01"
"H:\incubadora despegue\INFLUENCE\audience-targeting_B82A.md","H:\incubadora despegue\INFLUENCE","5716","28/01/2026 9:06:49"
"H:\incubadora despegue\INFLUENCE\audience-targeting.md","H:\incubadora despegue\INFLUENCE","5716","28/01/2026 9:06:49"
"H:\incubadora despegue\INFLUENCE\crossbeam.md","H:\incubadora despegue\INFLUENCE","3274","14/03/2026 10:06:23"
"H:\incubadora despegue\INFLUENCE\D_OS AZUL_1_EAR_00_CEREBRO_DIGITAL_10_MI_VOZ_01_CAOS_ORIGINAL_TEXTOS_CANDIDATOS_D_OS AZUL_0_INBOX_Documentos_CHANGELOG_292.md","H:\incubadora despegue\INFLUENCE","9715","14/11/2025 15:29:55"
"H:\incubadora despegue\INFLUENCE\D_OS AZUL_1_EAR_00_CEREBRO_DIGITAL_10_MI_VOZ_01_CAOS_ORIGINAL_TEXTOS_D_OS AZUL_1_EAR_00_CEREBRO_DIGITAL_0_ESTRATEGIA_MAESTRA_00_SISTEMA_Y_PLANIFICACION_GUIA_IMPORTACION_PROVEEDORES OK_B52F.md","H:\incubadora despegue\INFLUENCE","11584","12/11/2025 22:14:04"
"H:\incubadora despegue\INFLUENCE\D_OS AZUL_1_EAR_00_CEREBRO_DIGITAL_10_MI_VOZ_01_CAOS_ORIGINAL_TEXTOS_D_OS AZUL_1_EAR_00_CEREBRO_DIGITAL_0_ESTRATEGIA_MAESTRA_00_SISTEMA_Y_PLANIFICACION_GUIA_IMPORTACION_PROVEEDORES OK.md","H:\incubadora despegue\INFLUENCE","11584","12/11/2025 22:14:04"
"H:\incubadora despegue\INFLUENCE\DNA_Edwin Agudelo global negocio como artista 2023 OK GEMINI (2)_1009088183..md","H:\incubadora despegue\INFLUENCE","25879","04/03/2026 21:08:20"
"H:\incubadora despegue\INFLUENCE\DNA_Edwin Agudelo global negocio como artista 2023 OK GEMINI (2)_1073434925..md","H:\incubadora despegue\INFLUENCE","25879","04/03/2026 21:08:20"
"H:\incubadora despegue\INFLUENCE\DNA_Edwin Agudelo global negocio como artista 2023 OK GEMINI (2)_1211947073..md","H:\incubadora despegue\INFLUENCE","25879","04/03/2026 21:08:20"
"H:\incubadora despegue\INFLUENCE\DNA_Edwin Agudelo global negocio como artista 2023 OK GEMINI (2)_1271159726..md","H:\incubadora despegue\INFLUENCE","25879","04/03/2026 21:08:20"
"H:\incubadora despegue\INFLUENCE\DNA_Edwin Agudelo global negocio como artista 2023 OK GEMINI (2)_1298348650..md","H:\incubadora despegue\INFLUENCE","25879","04/03/2026 21:08:20"
"H:\incubadora despegue\INFLUENCE\DNA_Edwin Agudelo global negocio como artista 2023 OK GEMINI (2)_1352183408..md","H:\incubadora despegue\INFLUENCE","25879","04/03/2026 21:08:20"
"H:\incubadora despegue\INFLUENCE\DNA_Edwin Agudelo global negocio como artista 2023 OK GEMINI (2)_1572933826..md","H:\incubadora despegue\INFLUENCE","25879","04/03/2026 21:08:20"
"H:\incubadora despegue\INFLUENCE\DNA_Edwin Agudelo global negocio como artista 2023 OK GEMINI (2)_1676677959..md","H:\incubadora despegue\INFLUENCE","25879","04/03/2026 21:08:20"
"H:\incubadora despegue\INFLUENCE\DNA_Edwin Agudelo global negocio como artista 2023 OK GEMINI (2)_1676917929..md","H:\incubadora despegue\INFLUENCE","25879","04/03/2026 21:08:20"
"H:\incubadora despegue\INFLUENCE\DNA_Edwin Agudelo global negocio como artista 2023 OK GEMINI (2)_1760229562..md","H:\incubadora despegue\INFLUENCE","25879","04/03/2026 21:08:20"
"H:\incubadora despegue\INFLUENCE\DNA_Edwin Agudelo global negocio como artista 2023 OK GEMINI (2)_1782951648..md","H:\incubadora despegue\INFLUENCE","25879","04/03/2026 21:08:20"
"H:\incubadora despegue\INFLUENCE\DNA_Edwin Agudelo global negocio como artista 2023 OK GEMINI (2)_1920008876..md","H:\incubadora despegue\INFLUENCE","25879","04/03/2026 21:08:20"
"H:\incubadora despegue\INFLUENCE\DNA_Edwin Agudelo global negocio como artista 2023 OK GEMINI (2)_195266019..md","H:\incubadora despegue\INFLUENCE","25879","04/03/2026 21:08:20"
"H:\incubadora despegue\INFLUENCE\DNA_Edwin Agudelo global negocio como artista 2023 OK GEMINI (2)_1970758600..md","H:\incubadora despegue\INFLUENCE","25879","04/03/2026 21:08:20"
"H:\incubadora despegue\INFLUENCE\DNA_Edwin Agudelo global negocio como artista 2023 OK GEMINI (2)_2030160352..md","H:\incubadora despegue\INFLUENCE","25879","04/03/2026 21:08:20"
"H:\incubadora despegue\INFLUENCE\DNA_Edwin Agudelo global negocio como artista 2023 OK GEMINI (2)_2052511515..md","H:\incubadora despegue\INFLUENCE","25879","04/03/2026 21:08:20"
"H:\incubadora despegue\INFLUENCE\DNA_Edwin Agudelo global negocio como artista 2023 OK GEMINI (2)_2060430342..md","H:\incubadora despegue\INFLUENCE","25879","04/03/2026 21:08:20"
"H:\incubadora despegue\INFLUENCE\DNA_Edwin Agudelo global negocio como artista 2023 OK GEMINI (2)_257223018..md","H:\incubadora despegue\INFLUENCE","25879","04/03/2026 21:08:20"
"H:\incubadora despegue\INFLUENCE\DNA_Edwin Agudelo global negocio como artista 2023 OK GEMINI (2)_280747..md","H:\incubadora despegue\INFLUENCE","25879","04/03/2026 21:08:20"
"H:\incubadora despegue\INFLUENCE\DNA_Edwin Agudelo global negocio como artista 2023 OK GEMINI (2)_509601939..md","H:\incubadora despegue\INFLUENCE","25879","04/03/2026 21:08:20"
"H:\incubadora despegue\INFLUENCE\DNA_Edwin Agudelo global negocio como artista 2023 OK GEMINI (2)_598766019..md","H:\incubadora despegue\INFLUENCE","25879","04/03/2026 21:08:20"
"H:\incubadora despegue\INFLUENCE\DNA_Edwin Agudelo global negocio como artista 2023 OK GEMINI (2)_6D9C_690601225..md","H:\incubadora despegue\INFLUENCE","25879","04/03/2026 21:08:20"
"H:\incubadora despegue\INFLUENCE\DNA_Edwin Agudelo global negocio como artista 2023 OK GEMINI (2)_6D9C.md","H:\incubadora despegue\INFLUENCE","25879","04/03/2026 21:08:20"
"H:\incubadora despegue\INFLUENCE\DNA_Edwin Agudelo global negocio como artista 2023 OK GEMINI (2).md","H:\incubadora despegue\INFLUENCE","25879","04/03/2026 21:08:20"
"H:\incubadora despegue\INFLUENCE\DNA_Edwin Agudelo global negocio como artista_1107535323..md","H:\incubadora despegue\INFLUENCE","25879","04/03/2026 21:08:51"
"H:\incubadora despegue\INFLUENCE\DNA_Edwin Agudelo global negocio como artista_1166457258..md","H:\incubadora despegue\INFLUENCE","25879","04/03/2026 21:08:51"
"H:\incubadora despegue\INFLUENCE\DNA_Edwin Agudelo global negocio como artista_1245664919..md","H:\incubadora despegue\INFLUENCE","25879","04/03/2026 21:08:51"
"H:\incubadora despegue\INFLUENCE\DNA_Edwin Agudelo global negocio como artista_1259126793..md","H:\incubadora despegue\INFLUENCE","25879","04/03/2026 21:08:51"
"H:\incubadora despegue\INFLUENCE\DNA_Edwin Agudelo global negocio como artista_1392522037..md","H:\incubadora despegue\INFLUENCE","25879","04/03/2026 21:08:51"
"H:\incubadora despegue\INFLUENCE\DNA_Edwin Agudelo global negocio como artista_1434972645..md","H:\incubadora despegue\INFLUENCE","25879","04/03/2026 21:08:51"
"H:\incubadora despegue\INFLUENCE\DNA_Edwin Agudelo global negocio como artista_1500563110..md","H:\incubadora despegue\INFLUENCE","25879","04/03/2026 21:08:51"
"H:\incubadora despegue\INFLUENCE\DNA_Edwin Agudelo global negocio como artista_1516943836..md","H:\incubadora despegue\INFLUENCE","25879","04/03/2026 21:08:51"
"H:\incubadora despegue\INFLUENCE\DNA_Edwin Agudelo global negocio como artista_1528786644..md","H:\incubadora despegue\INFLUENCE","25879","04/03/2026 21:08:51"
"H:\incubadora despegue\INFLUENCE\DNA_Edwin Agudelo global negocio como artista_1548262119..md","H:\incubadora despegue\INFLUENCE","25879","04/03/2026 21:08:51"
"H:\incubadora despegue\INFLUENCE\DNA_Edwin Agudelo global negocio como artista_1589582444..md","H:\incubadora despegue\INFLUENCE","25879","04/03/2026 21:08:51"
"H:\incubadora despegue\INFLUENCE\DNA_Edwin Agudelo global negocio como artista_1670958167..md","H:\incubadora despegue\INFLUENCE","25879","04/03/2026 21:08:51"
"H:\incubadora despegue\INFLUENCE\DNA_Edwin Agudelo global negocio como artista_1854600367..md","H:\incubadora despegue\INFLUENCE","25879","04/03/2026 21:08:51"
"H:\incubadora despegue\INFLUENCE\DNA_Edwin Agudelo global negocio como artista_1858708038..md","H:\incubadora despegue\INFLUENCE","25879","04/03/2026 21:08:51"
"H:\incubadora despegue\INFLUENCE\DNA_Edwin Agudelo global negocio como artista_2122587888..md","H:\incubadora despegue\INFLUENCE","25879","04/03/2026 21:08:51"
"H:\incubadora despegue\INFLUENCE\DNA_Edwin Agudelo global negocio como artista_219852194..md","H:\incubadora despegue\INFLUENCE","25879","04/03/2026 21:08:51"
"H:\incubadora despegue\INFLUENCE\DNA_Edwin Agudelo global negocio como artista_518464161..md","H:\incubadora despegue\INFLUENCE","25879","04/03/2026 21:08:51"
"H:\incubadora despegue\INFLUENCE\DNA_Edwin Agudelo global negocio como artista_698468980..md","H:\incubadora despegue\INFLUENCE","25879","04/03/2026 21:08:51"
"H:\incubadora despegue\INFLUENCE\DNA_Edwin Agudelo global negocio como artista_722047202..md","H:\incubadora despegue\INFLUENCE","25879","04/03/2026 21:08:51"
"H:\incubadora despegue\INFLUENCE\DNA_Edwin Agudelo global negocio como artista_812487660..md","H:\incubadora despegue\INFLUENCE","25879","04/03/2026 21:08:51"
"H:\incubadora despegue\INFLUENCE\DNA_Edwin Agudelo global negocio como artista_816422276..md","H:\incubadora despegue\INFLUENCE","25879","04/03/2026 21:08:51"
"H:\incubadora despegue\INFLUENCE\DNA_Edwin Agudelo global negocio como artista.md","H:\incubadora despegue\INFLUENCE","25879","04/03/2026 21:08:51"
"H:\incubadora despegue\INFLUENCE\DNA_PROYECTO SIN IGUAL  Estrategia Integral para Edwin Agudelo, Cantante Compositor y empresario (2)_113988666..md","H:\incubadora despegue\INFLUENCE","44092","04/03/2026 21:15:36"
"H:\incubadora despegue\INFLUENCE\DNA_PROYECTO SIN IGUAL  Estrategia Integral para Edwin Agudelo, Cantante Compositor y empresario (2)_1213537892..md","H:\incubadora despegue\INFLUENCE","44092","04/03/2026 21:15:36"
"H:\incubadora despegue\INFLUENCE\DNA_PROYECTO SIN IGUAL  Estrategia Integral para Edwin Agudelo, Cantante Compositor y empresario (2)_1284796919..md","H:\incubadora despegue\INFLUENCE","44092","04/03/2026 18:41:50"
"H:\incubadora despegue\INFLUENCE\DNA_PROYECTO SIN IGUAL  Estrategia Integral para Edwin Agudelo, Cantante Compositor y empresario (2)_1351015311..md","H:\incubadora despegue\INFLUENCE","44092","04/03/2026 21:15:36"
"H:\incubadora despegue\INFLUENCE\DNA_PROYECTO SIN IGUAL  Estrategia Integral para Edwin Agudelo, Cantante Compositor y empresario (2)_1390767651..md","H:\incubadora despegue\INFLUENCE","44092","04/03/2026 21:15:36"
"H:\incubadora despegue\INFLUENCE\DNA_PROYECTO SIN IGUAL  Estrategia Integral para Edwin Agudelo, Cantante Compositor y empresario (2)_1435143274..md","H:\incubadora despegue\INFLUENCE","44092","04/03/2026 18:41:50"
"H:\incubadora despegue\INFLUENCE\DNA_PROYECTO SIN IGUAL  Estrategia Integral para Edwin Agudelo, Cantante Compositor y empresario (2)_1640573428..md","H:\incubadora despegue\INFLUENCE","44092","04/03/2026 21:15:36"
"H:\incubadora despegue\INFLUENCE\DNA_PROYECTO SIN IGUAL  Estrategia Integral para Edwin Agudelo, Cantante Compositor y empresario (2)_1776805853..md","H:\incubadora despegue\INFLUENCE","44092","04/03/2026 21:15:36"
"H:\incubadora despegue\INFLUENCE\DNA_PROYECTO SIN IGUAL  Estrategia Integral para Edwin Agudelo, Cantante Compositor y empresario (2)_1824997416..md","H:\incubadora despegue\INFLUENCE","44092","04/03/2026 21:15:36"
"H:\incubadora despegue\INFLUENCE\DNA_PROYECTO SIN IGUAL  Estrategia Integral para Edwin Agudelo, Cantante Compositor y empresario (2)_2063390812..md","H:\incubadora despegue\INFLUENCE","44092","04/03/2026 21:15:36"
"H:\incubadora despegue\INFLUENCE\DNA_PROYECTO SIN IGUAL  Estrategia Integral para Edwin Agudelo, Cantante Compositor y empresario (2)_2082454119..md","H:\incubadora despegue\INFLUENCE","44092","04/03/2026 18:41:50"
"H:\incubadora despegue\INFLUENCE\DNA_PROYECTO SIN IGUAL  Estrategia Integral para Edwin Agudelo, Cantante Compositor y empresario (2)_20997462..md","H:\incubadora despegue\INFLUENCE","44092","04/03/2026 21:15:36"
"H:\incubadora despegue\INFLUENCE\DNA_PROYECTO SIN IGUAL  Estrategia Integral para Edwin Agudelo, Cantante Compositor y empresario (2)_2104072742..md","H:\incubadora despegue\INFLUENCE","44092","04/03/2026 21:15:36"
"H:\incubadora despegue\INFLUENCE\DNA_PROYECTO SIN IGUAL  Estrategia Integral para Edwin Agudelo, Cantante Compositor y empresario (2)_263120453..md","H:\incubadora despegue\INFLUENCE","44092","04/03/2026 21:15:36"
"H:\incubadora despegue\INFLUENCE\DNA_PROYECTO SIN IGUAL  Estrategia Integral para Edwin Agudelo, Cantante Compositor y empresario (2)_271514222..md","H:\incubadora despegue\INFLUENCE","44092","04/03/2026 21:15:36"
"H:\incubadora despegue\INFLUENCE\DNA_PROYECTO SIN IGUAL  Estrategia Integral para Edwin Agudelo, Cantante Compositor y empresario (2)_275175167..md","H:\incubadora despegue\INFLUENCE","44092","04/03/2026 18:41:50"
"H:\incubadora despegue\INFLUENCE\DNA_PROYECTO SIN IGUAL  Estrategia Integral para Edwin Agudelo, Cantante Compositor y empresario (2)_377879471..md","H:\incubadora despegue\INFLUENCE","44092","04/03/2026 18:41:50"
"H:\incubadora despegue\INFLUENCE\DNA_PROYECTO SIN IGUAL  Estrategia Integral para Edwin Agudelo, Cantante Compositor y empresario (2)_380030660..md","H:\incubadora despegue\INFLUENCE","44092","04/03/2026 18:41:50"
"H:\incubadora despegue\INFLUENCE\DNA_PROYECTO SIN IGUAL  Estrategia Integral para Edwin Agudelo, Cantante Compositor y empresario (2)_55641133..md","H:\incubadora despegue\INFLUENCE","44092","04/03/2026 21:15:36"
"H:\incubadora despegue\INFLUENCE\DNA_PROYECTO SIN IGUAL  Estrategia Integral para Edwin Agudelo, Cantante Compositor y empresario (2)_645199936..md","H:\incubadora despegue\INFLUENCE","44092","04/03/2026 21:15:36"
"H:\incubadora despegue\INFLUENCE\DNA_PROYECTO SIN IGUAL  Estrategia Integral para Edwin Agudelo, Cantante Compositor y empresario (2)_657500504..md","H:\incubadora despegue\INFLUENCE","44092","04/03/2026 21:15:36"
"H:\incubadora despegue\INFLUENCE\DNA_PROYECTO SIN IGUAL  Estrategia Integral para Edwin Agudelo, Cantante Compositor y empresario (2)_69547663..md","H:\incubadora despegue\INFLUENCE","44092","04/03/2026 21:15:36"
"H:\incubadora despegue\INFLUENCE\DNA_PROYECTO SIN IGUAL  Estrategia Integral para Edwin Agudelo, Cantante Compositor y empresario (2)_707144753..md","H:\incubadora despegue\INFLUENCE","44092","04/03/2026 21:15:36"
"H:\incubadora despegue\INFLUENCE\DNA_PROYECTO SIN IGUAL  Estrategia Integral para Edwin Agudelo, Cantante Compositor y empresario (2)_765338177..md","H:\incubadora despegue\INFLUENCE","44092","04/03/2026 21:15:36"
"H:\incubadora despegue\INFLUENCE\DNA_PROYECTO SIN IGUAL  Estrategia Integral para Edwin Agudelo, Cantante Compositor y empresario (2)_825966494..md","H:\incubadora despegue\INFLUENCE","44092","04/03/2026 21:15:36"
"H:\incubadora despegue\INFLUENCE\DNA_PROYECTO SIN IGUAL  Estrategia Integral para Edwin Agudelo, Cantante Compositor y empresario (2)_898250137..md","H:\incubadora despegue\INFLUENCE","44092","04/03/2026 21:15:36"
"H:\incubadora despegue\INFLUENCE\DNA_PROYECTO SIN IGUAL  Estrategia Integral para Edwin Agudelo, Cantante Compositor y empresario (2)_915665865..md","H:\incubadora despegue\INFLUENCE","44092","04/03/2026 21:15:36"
"H:\incubadora despegue\INFLUENCE\DNA_PROYECTO SIN IGUAL  Estrategia Integral para Edwin Agudelo, Cantante Compositor y empresario (2)_989909968..md","H:\incubadora despegue\INFLUENCE","44092","04/03/2026 21:15:36"
"H:\incubadora despegue\INFLUENCE\DNA_PROYECTO SIN IGUAL  Estrategia Integral para Edwin Agudelo, Cantante Compositor y empresario (2)_DF78_590575982..md","H:\incubadora despegue\INFLUENCE","44092","04/03/2026 21:15:36"
"H:\incubadora despegue\INFLUENCE\DNA_PROYECTO SIN IGUAL  Estrategia Integral para Edwin Agudelo, Cantante Compositor y empresario (2)_DF78.md","H:\incubadora despegue\INFLUENCE","44092","04/03/2026 21:15:36"
"H:\incubadora despegue\INFLUENCE\DNA_PROYECTO SIN IGUAL  Estrategia Integral para Edwin Agudelo, Cantante Compositor y empresario (2).md","H:\incubadora despegue\INFLUENCE","44092","04/03/2026 21:15:36"
"H:\incubadora despegue\INFLUENCE\DNA_README.md","H:\incubadora despegue\INFLUENCE","257434","07/05/2026 19:54:32"
"H:\incubadora despegue\INFLUENCE\Documentos_CHANGELOG_292.md","H:\incubadora despegue\INFLUENCE","9715","14/11/2025 15:29:55"
"H:\incubadora despegue\INFLUENCE\Documentos_README_1269_290931b7.md","H:\incubadora despegue\INFLUENCE","13585","14/11/2025 15:29:54"
"H:\incubadora despegue\INFLUENCE\Documentos_README_1269.md","H:\incubadora despegue\INFLUENCE","13585","14/11/2025 15:29:54"
"H:\incubadora despegue\INFLUENCE\Documentos_README_469.md","H:\incubadora despegue\INFLUENCE","12531","14/11/2025 15:41:04"
"H:\incubadora despegue\INFLUENCE\Edwin Agudelo global negocio como artista 2023 OK GEMINI (2)_6D9C.md","H:\incubadora despegue\INFLUENCE","25879","04/03/2026 21:08:20"
"H:\incubadora despegue\INFLUENCE\Edwin Agudelo global negocio como artista 2023 OK GEMINI (2).md","H:\incubadora despegue\INFLUENCE","25879","04/03/2026 21:08:20"
"H:\incubadora despegue\INFLUENCE\Edwin Agudelo global negocio como artista.md","H:\incubadora despegue\INFLUENCE","25879","04/03/2026 21:08:51"
"H:\incubadora despegue\INFLUENCE\EVE_MVP_DE_PRODUCTORA_EAR_BODAS.md","H:\incubadora despegue\INFLUENCE","94444","06/02/2026 8:21:07"
"H:\incubadora despegue\INFLUENCE\ideas-by-category_037D.md","H:\incubadora despegue\INFLUENCE","15226","14/03/2026 10:06:23"
"H:\incubadora despegue\INFLUENCE\ideas-by-category.md","H:\incubadora despegue\INFLUENCE","15226","14/03/2026 10:06:23"
"H:\incubadora despegue\INFLUENCE\INTEL_EVE_MVP_DE_PRODUCTORA_EAR_BODAS_1273292821..md","H:\incubadora despegue\INFLUENCE","94444","06/02/2026 8:21:07"
"H:\incubadora despegue\INFLUENCE\INTEL_EVE_MVP_DE_PRODUCTORA_EAR_BODAS_173889749..md","H:\incubadora despegue\INFLUENCE","94444","06/02/2026 8:21:07"
"H:\incubadora despegue\INFLUENCE\INTEL_EVE_MVP_DE_PRODUCTORA_EAR_BODAS_427557148..md","H:\incubadora despegue\INFLUENCE","94444","06/02/2026 8:21:07"
"H:\incubadora despegue\INFLUENCE\INTEL_EVE_MVP_DE_PRODUCTORA_EAR_BODAS_522594802..md","H:\incubadora despegue\INFLUENCE","94444","06/02/2026 8:21:07"
"H:\incubadora despegue\INFLUENCE\INTEL_EVE_MVP_DE_PRODUCTORA_EAR_BODAS.md","H:\incubadora despegue\INFLUENCE","94444","06/02/2026 8:21:07"
"H:\incubadora despegue\INFLUENCE\INTEL_ok MVP de Productora Ear Bodas _071927_1573816031..md","H:\incubadora despegue\INFLUENCE","94444","06/02/2026 8:21:07"
"H:\incubadora despegue\INFLUENCE\INTEL_ok MVP de Productora Ear Bodas _071927_1652995359..md","H:\incubadora despegue\INFLUENCE","94444","06/02/2026 8:21:07"
"H:\incubadora despegue\INFLUENCE\INTEL_ok MVP de Productora Ear Bodas _071927_574319950..md","H:\incubadora despegue\INFLUENCE","94444","06/02/2026 8:21:07"
"H:\incubadora despegue\INFLUENCE\INTEL_ok MVP de Productora Ear Bodas _071927_620446184..md","H:\incubadora despegue\INFLUENCE","94444","06/02/2026 8:21:07"
"H:\incubadora despegue\INFLUENCE\INTEL_ok MVP de Productora Ear Bodas _071927.md","H:\incubadora despegue\INFLUENCE","94444","06/02/2026 8:21:07"
"H:\incubadora despegue\INFLUENCE\INTEL_ok MVP de Productora Ear Bodas _071928_1259346869..md","H:\incubadora despegue\INFLUENCE","94444","06/02/2026 8:21:07"
"H:\incubadora despegue\INFLUENCE\INTEL_ok MVP de Productora Ear Bodas _071928_2027713905..md","H:\incubadora despegue\INFLUENCE","94444","06/02/2026 8:21:07"
"H:\incubadora despegue\INFLUENCE\INTEL_ok MVP de Productora Ear Bodas _071928_2145352294..md","H:\incubadora despegue\INFLUENCE","94444","06/02/2026 8:21:07"
"H:\incubadora despegue\INFLUENCE\INTEL_ok MVP de Productora Ear Bodas _071928_260727289..md","H:\incubadora despegue\INFLUENCE","94444","06/02/2026 8:21:07"
"H:\incubadora despegue\INFLUENCE\INTEL_ok MVP de Productora Ear Bodas _071928.md","H:\incubadora despegue\INFLUENCE","94444","06/02/2026 8:21:07"
"H:\incubadora despegue\INFLUENCE\INTEL_ok MVP de Productora Ear Bodas _071929_1125746388..md","H:\incubadora despegue\INFLUENCE","94444","06/02/2026 8:21:07"
"H:\incubadora despegue\INFLUENCE\INTEL_ok MVP de Productora Ear Bodas _071929_1982555462..md","H:\incubadora despegue\INFLUENCE","94444","06/02/2026 8:21:07"
"H:\incubadora despegue\INFLUENCE\INTEL_ok MVP de Productora Ear Bodas _071929_749411709..md","H:\incubadora despegue\INFLUENCE","94444","06/02/2026 8:21:07"
"H:\incubadora despegue\INFLUENCE\INTEL_ok MVP de Productora Ear Bodas _071929_863926352..md","H:\incubadora despegue\INFLUENCE","94444","06/02/2026 8:21:07"
"H:\incubadora despegue\INFLUENCE\INTEL_ok MVP de Productora Ear Bodas _071929.md","H:\incubadora despegue\INFLUENCE","94444","06/02/2026 8:21:07"
"H:\incubadora despegue\INFLUENCE\INTEL_ok MVP de Productora Ear Bodas _118211257..md","H:\incubadora despegue\INFLUENCE","94444","06/02/2026 8:21:07"
"H:\incubadora despegue\INFLUENCE\INTEL_ok MVP de Productora Ear Bodas _1439731267..md","H:\incubadora despegue\INFLUENCE","94444","06/02/2026 8:21:07"
"H:\incubadora despegue\INFLUENCE\INTEL_ok MVP de Productora Ear Bodas _1555007042..md","H:\incubadora despegue\INFLUENCE","94444","06/02/2026 8:21:07"
"H:\incubadora despegue\INFLUENCE\INTEL_ok MVP de Productora Ear Bodas _583434773..md","H:\incubadora despegue\INFLUENCE","94444","06/02/2026 8:21:07"
"H:\incubadora despegue\INFLUENCE\INTEL_ok MVP de Productora Ear Bodas _632239867..md","H:\incubadora despegue\INFLUENCE","94444","06/02/2026 8:21:07"
"H:\incubadora despegue\INFLUENCE\INTEL_ok MVP de Productora Ear Bodas .md","H:\incubadora despegue\INFLUENCE","94444","06/02/2026 8:21:07"
"H:\incubadora despegue\INFLUENCE\ok MVP de Productora Ear Bodas _071927.md","H:\incubadora despegue\INFLUENCE","94444","06/02/2026 8:21:07"
"H:\incubadora despegue\INFLUENCE\ok MVP de Productora Ear Bodas _071928.md","H:\incubadora despegue\INFLUENCE","94444","06/02/2026 8:21:07"
"H:\incubadora despegue\INFLUENCE\ok MVP de Productora Ear Bodas _071929.md","H:\incubadora despegue\INFLUENCE","94444","06/02/2026 8:21:07"
"H:\incubadora despegue\INFLUENCE\ok MVP de Productora Ear Bodas .md","H:\incubadora despegue\INFLUENCE","94444","06/02/2026 8:21:07"
"H:\incubadora despegue\INFLUENCE\PROYECTO SIN IGUAL  Estrategia Integral para Edwin Agudelo, Cantante Compositor y empresario (2)_DF78.md","H:\incubadora despegue\INFLUENCE","44092","04/03/2026 21:15:36"
"H:\incubadora despegue\INFLUENCE\PROYECTO SIN IGUAL  Estrategia Integral para Edwin Agudelo, Cantante Compositor y empresario (2).md","H:\incubadora despegue\INFLUENCE","44092","04/03/2026 21:15:36"
"H:\incubadora despegue\INFLUENCE\Readme_2D4E.md","H:\incubadora despegue\INFLUENCE","3516","21/02/2026 17:58:28"
"H:\incubadora despegue\INFLUENCE\README_3335.md","H:\incubadora despegue\INFLUENCE","25693","06/12/2025 8:36:52"
"H:\incubadora despegue\INFLUENCE\readme_3E30.md","H:\incubadora despegue\INFLUENCE","21745","06/12/2025 8:36:52"
"H:\incubadora despegue\INFLUENCE\README_BB46.md","H:\incubadora despegue\INFLUENCE","2778","21/02/2026 17:58:32"
"H:\incubadora despegue\INFLUENCE\scoring-models.md","H:\incubadora despegue\INFLUENCE","7450","14/03/2026 10:06:23"
"H:\incubadora despegue\INFLUENCE\SKILL_1.md","H:\incubadora despegue\INFLUENCE","21739","14/03/2026 10:06:23"
"H:\incubadora despegue\INFLUENCE\SKILL_2.md","H:\incubadora despegue\INFLUENCE","7561","14/03/2026 10:06:23"
"H:\incubadora despegue\INFLUENCE\SKILL_3.md","H:\incubadora despegue\INFLUENCE","7248","14/03/2026 10:06:23"
"H:\incubadora despegue\INFLUENCE\SKILL_4.md","H:\incubadora despegue\INFLUENCE","14335","14/03/2026 10:06:23"
"H:\incubadora despegue\INFLUENCE\SKILL_4c58dec9.md","H:\incubadora despegue\INFLUENCE","497","13/02/2026 14:03:56"
"H:\incubadora despegue\INFLUENCE\SKILL_891B.md","H:\incubadora despegue\INFLUENCE","14335","14/03/2026 10:06:23"
"H:\incubadora despegue\INFLUENCE\SKILL_B0A9.md","H:\incubadora despegue\INFLUENCE","7248","14/03/2026 10:06:23"
"H:\incubadora despegue\INFLUENCE\SKILL_D04A.md","H:\incubadora despegue\INFLUENCE","21739","14/03/2026 10:06:23"
"H:\incubadora despegue\INFLUENCE\SKILL.md","H:\incubadora despegue\INFLUENCE","12738","14/03/2026 10:06:23"
"H:\incubadora despegue\INFLUENCE\Video_Multimedia_PRO_node_modules_node-gyp_README_ab46ab53.md","H:\incubadora despegue\INFLUENCE","10689","08/12/2025 9:55:39"
"H:\incubadora despegue\INFLUENCE\Video_Multimedia_PRO_node_modules_node-gyp_README.md","H:\incubadora despegue\INFLUENCE","10689","08/12/2025 9:55:39"
"H:\incubadora despegue\LA_BOMBILLA\Video_Multimedia_PRO_node_modules_err-code_README_A05F.md","H:\incubadora despegue\LA_BOMBILLA","2482","08/12/2025 9:55:35"
"H:\incubadora despegue\LA_BOMBILLA\Video_Multimedia_PRO_node_modules_err-code_README.md","H:\incubadora despegue\LA_BOMBILLA","2482","08/12/2025 9:55:35"
"H:\incubadora despegue\MOMENTUM\📊 RESUMEN DE IMPLEMENTACIÓN — FASE 1 COMPLETADA_✅.md","H:\incubadora despegue\MOMENTUM","30726","04/03/2026 13:29:33"
"H:\incubadora despegue\MOMENTUM\1773911382253 - 743_D29E.md","H:\incubadora despegue\MOMENTUM","5817","19/03/2026 10:09:42"
"H:\incubadora despegue\MOMENTUM\1773911382253 - 743.md","H:\incubadora despegue\MOMENTUM","5817","19/03/2026 10:09:42"
"H:\incubadora despegue\MOMENTUM\1773911395367 - 789_655C.md","H:\incubadora despegue\MOMENTUM","14250","19/03/2026 10:09:55"
"H:\incubadora despegue\MOMENTUM\1773911395367 - 789.md","H:\incubadora despegue\MOMENTUM","14250","19/03/2026 10:09:55"
"H:\incubadora despegue\MOMENTUM\1773911995731 - 423_28A4.md","H:\incubadora despegue\MOMENTUM","13393","19/03/2026 10:19:55"
"H:\incubadora despegue\MOMENTUM\1773911995731 - 423.md","H:\incubadora despegue\MOMENTUM","13393","19/03/2026 10:19:55"
"H:\incubadora despegue\MOMENTUM\1773912014038 - 624_3045.md","H:\incubadora despegue\MOMENTUM","5823","19/03/2026 10:20:14"
"H:\incubadora despegue\MOMENTUM\1773912014038 - 624.md","H:\incubadora despegue\MOMENTUM","5823","19/03/2026 10:20:14"
"H:\incubadora despegue\MOMENTUM\Auditoría de Élite_ El _Paciente Cero_ (Edwin Agud_F5CC.md","H:\incubadora despegue\MOMENTUM","38087","04/03/2026 13:27:20"
"H:\incubadora despegue\MOMENTUM\Auditoría de Élite_ El _Paciente Cero_ (Edwin Agud.md","H:\incubadora despegue\MOMENTUM","38087","04/03/2026 13:27:20"
"H:\incubadora despegue\MOMENTUM\benchmarks_D29E.md","H:\incubadora despegue\MOMENTUM","5817","14/03/2026 10:06:23"
"H:\incubadora despegue\MOMENTUM\benchmarks.md","H:\incubadora despegue\MOMENTUM","5817","14/03/2026 10:06:23"
"H:\incubadora despegue\MOMENTUM\case_study_01_alberto_navarro_5B6A.md","H:\incubadora despegue\MOMENTUM","2135","23/03/2026 21:45:38"
"H:\incubadora despegue\MOMENTUM\DNA_Auditoría de Élite_ El _Paciente Cero_ (Edwin Agud_1177484591..md","H:\incubadora despegue\MOMENTUM","38087","04/03/2026 13:27:20"
"H:\incubadora despegue\MOMENTUM\DNA_Auditoría de Élite_ El _Paciente Cero_ (Edwin Agud_1470960814..md","H:\incubadora despegue\MOMENTUM","38087","04/03/2026 13:27:20"
"H:\incubadora despegue\MOMENTUM\DNA_Auditoría de Élite_ El _Paciente Cero_ (Edwin Agud_1898707968..md","H:\incubadora despegue\MOMENTUM","38087","04/03/2026 13:27:20"
"H:\incubadora despegue\MOMENTUM\DNA_Auditoría de Élite_ El _Paciente Cero_ (Edwin Agud_1911665696..md","H:\incubadora despegue\MOMENTUM","38087","04/03/2026 13:27:20"
"H:\incubadora despegue\MOMENTUM\DNA_Auditoría de Élite_ El _Paciente Cero_ (Edwin Agud_344343342..md","H:\incubadora despegue\MOMENTUM","38087","04/03/2026 13:27:20"
"H:\incubadora despegue\MOMENTUM\DNA_Auditoría de Élite_ El _Paciente Cero_ (Edwin Agud_642070109..md","H:\incubadora despegue\MOMENTUM","38087","04/03/2026 13:27:20"
"H:\incubadora despegue\MOMENTUM\DNA_Auditoría de Élite_ El _Paciente Cero_ (Edwin Agud_904074033..md","H:\incubadora despegue\MOMENTUM","38087","04/03/2026 13:27:20"
"H:\incubadora despegue\MOMENTUM\DNA_Auditoría de Élite_ El _Paciente Cero_ (Edwin Agud_F5CC.md","H:\incubadora despegue\MOMENTUM","38087","04/03/2026 13:27:20"
"H:\incubadora despegue\MOMENTUM\DNA_Auditoría de Élite_ El _Paciente Cero_ (Edwin Agud.md","H:\incubadora despegue\MOMENTUM","38087","04/03/2026 13:27:20"
"H:\incubadora despegue\MOMENTUM\DNA_Plan de Lanzamiento de IP Artista Edwin Agudelo _1098400435..md","H:\incubadora despegue\MOMENTUM","37709","04/03/2026 17:21:09"
"H:\incubadora despegue\MOMENTUM\DNA_Plan de Lanzamiento de IP Artista Edwin Agudelo _110970151..md","H:\incubadora despegue\MOMENTUM","37709","04/03/2026 17:21:09"
"H:\incubadora despegue\MOMENTUM\DNA_Plan de Lanzamiento de IP Artista Edwin Agudelo _1365454175..md","H:\incubadora despegue\MOMENTUM","37709","04/03/2026 17:21:09"
"H:\incubadora despegue\MOMENTUM\DNA_Plan de Lanzamiento de IP Artista Edwin Agudelo _1816273521..md","H:\incubadora despegue\MOMENTUM","37709","04/03/2026 17:21:09"
"H:\incubadora despegue\MOMENTUM\DNA_Plan de Lanzamiento de IP Artista Edwin Agudelo _1861587640..md","H:\incubadora despegue\MOMENTUM","37709","04/03/2026 17:21:09"
"H:\incubadora despegue\MOMENTUM\DNA_Plan de Lanzamiento de IP Artista Edwin Agudelo _1917661441..md","H:\incubadora despegue\MOMENTUM","37709","04/03/2026 17:21:09"
"H:\incubadora despegue\MOMENTUM\DNA_Plan de Lanzamiento de IP Artista Edwin Agudelo _1970192355..md","H:\incubadora despegue\MOMENTUM","37709","04/03/2026 17:21:09"
"H:\incubadora despegue\MOMENTUM\DNA_Plan de Lanzamiento de IP Artista Edwin Agudelo _2003856920..md","H:\incubadora despegue\MOMENTUM","37709","04/03/2026 17:21:09"
"H:\incubadora despegue\MOMENTUM\DNA_Plan de Lanzamiento de IP Artista Edwin Agudelo _2061514269..md","H:\incubadora despegue\MOMENTUM","37709","04/03/2026 17:21:09"
"H:\incubadora despegue\MOMENTUM\DNA_Plan de Lanzamiento de IP Artista Edwin Agudelo _336947824..md","H:\incubadora despegue\MOMENTUM","37709","04/03/2026 17:21:09"
"H:\incubadora despegue\MOMENTUM\DNA_Plan de Lanzamiento de IP Artista Edwin Agudelo _443374635..md","H:\incubadora despegue\MOMENTUM","37709","04/03/2026 17:21:09"
"H:\incubadora despegue\MOMENTUM\DNA_Plan de Lanzamiento de IP Artista Edwin Agudelo _45589353..md","H:\incubadora despegue\MOMENTUM","37709","04/03/2026 17:21:09"
"H:\incubadora despegue\MOMENTUM\DNA_Plan de Lanzamiento de IP Artista Edwin Agudelo _629265022..md","H:\incubadora despegue\MOMENTUM","37709","04/03/2026 17:21:09"
"H:\incubadora despegue\MOMENTUM\DNA_Plan de Lanzamiento de IP Artista Edwin Agudelo _884129468..md","H:\incubadora despegue\MOMENTUM","37709","04/03/2026 17:21:09"
"H:\incubadora despegue\MOMENTUM\DNA_Plan de Lanzamiento de IP Artista Edwin Agudelo _BB21_606973894..md","H:\incubadora despegue\MOMENTUM","37709","04/03/2026 17:21:09"
"H:\incubadora despegue\MOMENTUM\DNA_Plan de Lanzamiento de IP Artista Edwin Agudelo _BB21.md","H:\incubadora despegue\MOMENTUM","37709","04/03/2026 17:21:09"
"H:\incubadora despegue\MOMENTUM\DNA_Plan de Lanzamiento de IP Artista Edwin Agudelo .md","H:\incubadora despegue\MOMENTUM","37709","04/03/2026 17:21:09"
"H:\incubadora despegue\MOMENTUM\email-types_655C.md","H:\incubadora despegue\MOMENTUM","14250","14/03/2026 10:06:23"
"H:\incubadora despegue\MOMENTUM\email-types.md","H:\incubadora despegue\MOMENTUM","14250","14/03/2026 10:06:23"
"H:\incubadora despegue\MOMENTUM\INTEL_case_study_01_alberto_navarro_1137330971..md","H:\incubadora despegue\MOMENTUM","2135","23/03/2026 21:45:38"
"H:\incubadora despegue\MOMENTUM\INTEL_case_study_01_alberto_navarro_5B6A_1132075854..md","H:\incubadora despegue\MOMENTUM","2135","23/03/2026 21:45:38"
"H:\incubadora despegue\MOMENTUM\INTEL_case_study_01_alberto_navarro_5B6A_1885479582..md","H:\incubadora despegue\MOMENTUM","2135","23/03/2026 21:45:38"
"H:\incubadora despegue\MOMENTUM\INTEL_case_study_01_alberto_navarro_5B6A_534561233..md","H:\incubadora despegue\MOMENTUM","2135","23/03/2026 21:45:38"
"H:\incubadora despegue\MOMENTUM\INTEL_case_study_01_alberto_navarro_5B6A_658280141..md","H:\incubadora despegue\MOMENTUM","2135","23/03/2026 21:45:38"
"H:\incubadora despegue\MOMENTUM\INTEL_case_study_01_alberto_navarro_5B6A.md","H:\incubadora despegue\MOMENTUM","2135","23/03/2026 21:45:38"
"H:\incubadora despegue\MOMENTUM\INTEL_case_study_01_alberto_navarro.md","H:\incubadora despegue\MOMENTUM","2135","23/03/2026 21:45:38"
"H:\incubadora despegue\MOMENTUM\objection-library_28A4.md","H:\incubadora despegue\MOMENTUM","13393","14/03/2026 10:06:23"
"H:\incubadora despegue\MOMENTUM\objection-library.md","H:\incubadora despegue\MOMENTUM","13393","14/03/2026 10:06:23"
"H:\incubadora despegue\MOMENTUM\one-pager-templates_3045.md","H:\incubadora despegue\MOMENTUM","5823","14/03/2026 10:06:23"
"H:\incubadora despegue\MOMENTUM\one-pager-templates.md","H:\incubadora despegue\MOMENTUM","5823","14/03/2026 10:06:23"
"H:\incubadora despegue\MOMENTUM\Plan de Lanzamiento de IP Artista Edwin Agudelo _BB21.md","H:\incubadora despegue\MOMENTUM","37709","04/03/2026 17:21:09"
"H:\incubadora despegue\MOMENTUM\Plan de Lanzamiento de IP Artista Edwin Agudelo .md","H:\incubadora despegue\MOMENTUM","37709","04/03/2026 17:21:09"
"H:\incubadora despegue\MOMENTUM\README_653_22E5.md","H:\incubadora despegue\MOMENTUM","902","14/11/2025 15:29:54"
"H:\incubadora despegue\MOMENTUM\README_653.md","H:\incubadora despegue\MOMENTUM","902","14/11/2025 15:29:54"
"H:\incubadora despegue\MOMENTUM\README_656_3D41.md","H:\incubadora despegue\MOMENTUM","4277","14/11/2025 15:29:58"
"H:\incubadora despegue\MOMENTUM\README_656.md","H:\incubadora despegue\MOMENTUM","4277","14/11/2025 15:29:58"
"H:\incubadora despegue\MOMENTUM\README_657_3B40.md","H:\incubadora despegue\MOMENTUM","7298","14/11/2025 15:29:54"
"H:\incubadora despegue\MOMENTUM\README_657.md","H:\incubadora despegue\MOMENTUM","7298","14/11/2025 15:29:54"
"H:\incubadora despegue\MOMENTUM\README_659_B370.md","H:\incubadora despegue\MOMENTUM","3336","14/11/2025 15:29:54"
"H:\incubadora despegue\MOMENTUM\README_659.md","H:\incubadora despegue\MOMENTUM","3336","14/11/2025 15:29:54"
"H:\incubadora despegue\MOMENTUM\RESUMEN_EJECUTIVO_DB66.md","H:\incubadora despegue\MOMENTUM","11431","30/11/2025 9:20:07"
"H:\incubadora despegue\MOMENTUM\RESUMEN_EJECUTIVO.md","H:\incubadora despegue\MOMENTUM","11431","30/11/2025 9:20:07"
"H:\incubadora despegue\MOMENTUM\Sitios Web Inmersivos Vanguardistas.md","H:\incubadora despegue\MOMENTUM","24727","16/02/2026 13:48:20"
"H:\incubadora despegue\TRANSCRIPCIONES_WHISPER\07 05 2026  11  36 h Resuming Supabase Infrastructure Sovereignty_derived.md","H:\incubadora despegue\TRANSCRIPCIONES_WHISPER","2954","08/08/2026 19:43:59"
"H:\incubadora despegue\TRANSCRIPCIONES_WHISPER\07 05 2026  11  36 h Resuming Supabase Infrastructure Sovereignty.md","H:\incubadora despegue\TRANSCRIPCIONES_WHISPER","2514","07/05/2026 11:37:06"
"H:\incubadora despegue\TRANSCRIPCIONES_WHISPER\08 05 2026  00 19 h Resuming Supabase Infrastructure Sovereignty_derived.md","H:\incubadora despegue\TRANSCRIPCIONES_WHISPER","23164","08/08/2026 19:43:59"
"H:\incubadora despegue\TRANSCRIPCIONES_WHISPER\08 05 2026  00 19 h Resuming Supabase Infrastructure Sovereignty.md","H:\incubadora despegue\TRANSCRIPCIONES_WHISPER","22439","08/05/2026 0:19:43"
"H:\incubadora despegue\TRANSCRIPCIONES_WHISPER\0f082f9c03c9e16b9945a4908910c877_DOI_000_ESTRUCTURA_MAESTRA_GLORIA_BENDITA_7071.md","H:\incubadora despegue\TRANSCRIPCIONES_WHISPER","16034","25/02/2026 8:31:48"
"H:\incubadora despegue\TRANSCRIPCIONES_WHISPER\3. Clase 3_ Elementos estratégicos en la venta.mp4.md","H:\incubadora despegue\TRANSCRIPCIONES_WHISPER","10232","20/02/2026 16:16:08"
"H:\incubadora despegue\TRANSCRIPCIONES_WHISPER\4. Clase 4_ Elementos tácticos en la venta.mp4.md","H:\incubadora despegue\TRANSCRIPCIONES_WHISPER","10221","20/02/2026 16:16:08"
"H:\incubadora despegue\TRANSCRIPCIONES_WHISPER\Activating EAR-OS Neural Core 10 04 2026.md","H:\incubadora despegue\TRANSCRIPCIONES_WHISPER","5007","10/04/2026 11:28:14"
"H:\incubadora despegue\TRANSCRIPCIONES_WHISPER\ANTIGRAVITY_CHATS_FORENSIC_SUMMARY_1.md","H:\incubadora despegue\TRANSCRIPCIONES_WHISPER","2761","15/08/2026 13:52:48"
"H:\incubadora despegue\TRANSCRIPCIONES_WHISPER\ANTIGRAVITY_CHATS_FORENSIC_SUMMARY.md","H:\incubadora despegue\TRANSCRIPCIONES_WHISPER","2817","15/08/2026 14:26:58"
"H:\incubadora despegue\TRANSCRIPCIONES_WHISPER\arquitectura_inversa_ear_os_79E6.md","H:\incubadora despegue\TRANSCRIPCIONES_WHISPER","3950","12/03/2026 8:55:32"
"H:\incubadora despegue\TRANSCRIPCIONES_WHISPER\ART_CÓMO_VIVIR_DE_LA_MUSICA_-_ENTREVISTA_A_DANI_ARAGÓN_FE45.md","H:\incubadora despegue\TRANSCRIPCIONES_WHISPER","25551","10/02/2026 16:33:32"
"H:\incubadora despegue\TRANSCRIPCIONES_WHISPER\ART_CÓMO_VIVIR_DE_LA_MUSICA_-_ENTREVISTA_A_DANI_ARAGÓN.md","H:\incubadora despegue\TRANSCRIPCIONES_WHISPER","25551","10/02/2026 16:33:32"
"H:\incubadora despegue\TRANSCRIPCIONES_WHISPER\ASISTENTE_IA_TUTORIAL.md","H:\incubadora despegue\TRANSCRIPCIONES_WHISPER","12747","14/11/2025 14:27:16"
"H:\incubadora despegue\TRANSCRIPCIONES_WHISPER\B. Perfil Artístico de Edwin Agudelo (2).md","H:\incubadora despegue\TRANSCRIPCIONES_WHISPER","11302","04/03/2026 18:56:41"
"H:\incubadora despegue\TRANSCRIPCIONES_WHISPER\Biografía de EDWIN AGUDELO.md","H:\incubadora despegue\TRANSCRIPCIONES_WHISPER","71732","04/03/2026 18:57:23"
"H:\incubadora despegue\TRANSCRIPCIONES_WHISPER\D_OS AZUL_1_EAR_00_CEREBRO_DIGITAL_0_ESTRATEGIA_MAESTRA_00_SISTEMA_Y_PLANIFICACION_mapa_mental_EAR_negocio_071959.md","H:\incubadora despegue\TRANSCRIPCIONES_WHISPER","4194","02/12/2025 17:23:32"
"H:\incubadora despegue\TRANSCRIPCIONES_WHISPER\D_OS AZUL_1_EAR_00_CEREBRO_DIGITAL_0_ESTRATEGIA_MAESTRA_00_SISTEMA_Y_PLANIFICACION_mapa_mental_EAR_negocio.md","H:\incubadora despegue\TRANSCRIPCIONES_WHISPER","4194","02/12/2025 17:23:32"
"H:\incubadora despegue\TRANSCRIPCIONES_WHISPER\D_OS AZUL_1_EAR_00_CEREBRO_DIGITAL_10_MI_VOZ_01_CAOS_ORIGINAL_TEXTOS_CANDIDATOS_D_OS AZUL_0_INBOX_Documentos_CHANGELOG_199.md","H:\incubadora despegue\TRANSCRIPCIONES_WHISPER","5966","14/11/2025 15:29:54"
"H:\incubadora despegue\TRANSCRIPCIONES_WHISPER\D_OS AZUL_1_EAR_00_CEREBRO_DIGITAL_10_MI_VOZ_01_CAOS_ORIGINAL_TEXTOS_CANDIDATOS_D_OS AZUL_0_INBOX_Documentos_CHANGELOG_97.md","H:\incubadora despegue\TRANSCRIPCIONES_WHISPER","16007","14/11/2025 15:41:05"
"H:\incubadora despegue\TRANSCRIPCIONES_WHISPER\D_OS AZUL_1_EAR_00_CEREBRO_DIGITAL_10_MI_VOZ_01_CAOS_ORIGINAL_TEXTOS_D_Multimedia_PRO_organizacion_total_ pc_tracker.md","H:\incubadora despegue\TRANSCRIPCIONES_WHISPER","1011338","09/12/2025 11:07:34"
"H:\incubadora despegue\TRANSCRIPCIONES_WHISPER\D_OS AZUL_1_EAR_00_CEREBRO_DIGITAL_10_MI_VOZ_01_CAOS_ORIGINAL_TEXTOS_D_OS AZUL_0_INBOX_Documentos_README_1261.md","H:\incubadora despegue\TRANSCRIPCIONES_WHISPER","3851","14/11/2025 15:29:54"
"H:\incubadora despegue\TRANSCRIPCIONES_WHISPER\D_OS AZUL_1_EAR_00_CEREBRO_DIGITAL_10_MI_VOZ_01_CAOS_ORIGINAL_TEXTOS_D_OS AZUL_0_INBOX_Documentos_README_816.md","H:\incubadora despegue\TRANSCRIPCIONES_WHISPER","82337","14/11/2025 15:29:56"
"H:\incubadora despegue\TRANSCRIPCIONES_WHISPER\D_OS AZUL_1_EAR_00_CEREBRO_DIGITAL_10_MI_VOZ_01_CAOS_ORIGINAL_TEXTOS_D_OS AZUL_1_EAR_00_CEREBRO_DIGITAL_0_ESTRATEGIA_MAESTRA_00_SISTEMA_Y_PLANIFICACION_mapa_mental_EAR_negocio.md","H:\incubadora despegue\TRANSCRIPCIONES_WHISPER","4194","02/12/2025 17:23:32"
"H:\incubadora despegue\TRANSCRIPCIONES_WHISPER\D_OS AZUL_1_EAR_00_CEREBRO_DIGITAL_Mapas mentales__ENTREGADOS A CLI_Proyecto_EAR.md","H:\incubadora despegue\TRANSCRIPCIONES_WHISPER","13027","16/12/2025 12:46:52"
"H:\incubadora despegue\TRANSCRIPCIONES_WHISPER\DNA_0f082f9c03c9e16b9945a4908910c877_DOI_000_ESTRUCTURA_MAESTRA_GLORIA_BENDITA_7071.md","H:\incubadora despegue\TRANSCRIPCIONES_WHISPER","16034","25/02/2026 8:31:48"
"H:\incubadora despegue\TRANSCRIPCIONES_WHISPER\DNA_0f082f9c03c9e16b9945a4908910c877_DOI_000_ESTRUCTURA_MAESTRA_GLORIA_BENDITA.md","H:\incubadora despegue\TRANSCRIPCIONES_WHISPER","16034","25/02/2026 8:31:48"
"H:\incubadora despegue\TRANSCRIPCIONES_WHISPER\DNA_B. Perfil Artístico de Edwin Agudelo (2)_1038932065..md","H:\incubadora despegue\TRANSCRIPCIONES_WHISPER","11302","04/03/2026 18:56:41"
"H:\incubadora despegue\TRANSCRIPCIONES_WHISPER\DNA_B. Perfil Artístico de Edwin Agudelo (2)_1188799787..md","H:\incubadora despegue\TRANSCRIPCIONES_WHISPER","11302","04/03/2026 18:56:41"
"H:\incubadora despegue\TRANSCRIPCIONES_WHISPER\DNA_B. Perfil Artístico de Edwin Agudelo (2)_1425516275..md","H:\incubadora despegue\TRANSCRIPCIONES_WHISPER","11302","04/03/2026 18:56:41"
"H:\incubadora despegue\TRANSCRIPCIONES_WHISPER\DNA_B. Perfil Artístico de Edwin Agudelo (2)_1509482301..md","H:\incubadora despegue\TRANSCRIPCIONES_WHISPER","11302","04/03/2026 18:56:41"
"H:\incubadora despegue\TRANSCRIPCIONES_WHISPER\DNA_B. Perfil Artístico de Edwin Agudelo (2)_2127905656..md","H:\incubadora despegue\TRANSCRIPCIONES_WHISPER","11302","04/03/2026 18:56:41"
"H:\incubadora despegue\TRANSCRIPCIONES_WHISPER\DNA_B. Perfil Artístico de Edwin Agudelo (2)_90375668..md","H:\incubadora despegue\TRANSCRIPCIONES_WHISPER","11302","04/03/2026 18:56:41"
"H:\incubadora despegue\TRANSCRIPCIONES_WHISPER\DNA_B. Perfil Artístico de Edwin Agudelo (2).md","H:\incubadora despegue\TRANSCRIPCIONES_WHISPER","11302","04/03/2026 18:56:41"
"H:\incubadora despegue\TRANSCRIPCIONES_WHISPER\DNA_Biografía de EDWIN AGUDELO_1139845093..md","H:\incubadora despegue\TRANSCRIPCIONES_WHISPER","71732","04/03/2026 18:57:23"
"H:\incubadora despegue\TRANSCRIPCIONES_WHISPER\DNA_Biografía de EDWIN AGUDELO_1280516518..md","H:\incubadora despegue\TRANSCRIPCIONES_WHISPER","71732","04/03/2026 18:57:23"
"H:\incubadora despegue\TRANSCRIPCIONES_WHISPER\DNA_Biografía de EDWIN AGUDELO_1355480128..md","H:\incubadora despegue\TRANSCRIPCIONES_WHISPER","71732","04/03/2026 18:57:23"
"H:\incubadora despegue\TRANSCRIPCIONES_WHISPER\DNA_Biografía de EDWIN AGUDELO_1364568679..md","H:\incubadora despegue\TRANSCRIPCIONES_WHISPER","71732","04/03/2026 18:57:23"
"H:\incubadora despegue\TRANSCRIPCIONES_WHISPER\DNA_Biografía de EDWIN AGUDELO_529947039..md","H:\incubadora despegue\TRANSCRIPCIONES_WHISPER","71732","04/03/2026 18:57:23"
"H:\incubadora despegue\TRANSCRIPCIONES_WHISPER\DNA_Biografía de EDWIN AGUDELO_647286899..md","H:\incubadora despegue\TRANSCRIPCIONES_WHISPER","71732","04/03/2026 18:57:23"
"H:\incubadora despegue\TRANSCRIPCIONES_WHISPER\DNA_Biografía de EDWIN AGUDELO.md","H:\incubadora despegue\TRANSCRIPCIONES_WHISPER","71732","04/03/2026 18:57:23"
"H:\incubadora despegue\TRANSCRIPCIONES_WHISPER\DNA_EAR_BRAIN_MASTER_071927_108783122..md","H:\incubadora despegue\TRANSCRIPCIONES_WHISPER","43488","11/02/2026 8:47:05"
"H:\incubadora despegue\TRANSCRIPCIONES_WHISPER\DNA_EAR_BRAIN_MASTER_071927_1108396094..md","H:\incubadora despegue\TRANSCRIPCIONES_WHISPER","43488","11/02/2026 8:47:05"
"H:\incubadora despegue\TRANSCRIPCIONES_WHISPER\DNA_EAR_BRAIN_MASTER_071927_1662770686..md","H:\incubadora despegue\TRANSCRIPCIONES_WHISPER","43488","11/02/2026 8:47:05"
"H:\incubadora despegue\TRANSCRIPCIONES_WHISPER\DNA_EAR_BRAIN_MASTER_071927_226887745..md","H:\incubadora despegue\TRANSCRIPCIONES_WHISPER","43488","11/02/2026 8:47:05"
"H:\incubadora despegue\TRANSCRIPCIONES_WHISPER\DNA_EAR_BRAIN_MASTER_071927_232508750..md","H:\incubadora despegue\TRANSCRIPCIONES_WHISPER","43488","11/02/2026 8:47:05"
"H:\incubadora despegue\TRANSCRIPCIONES_WHISPER\DNA_EAR_BRAIN_MASTER_071927.md","H:\incubadora despegue\TRANSCRIPCIONES_WHISPER","43488","11/02/2026 8:47:05"
"H:\incubadora despegue\TRANSCRIPCIONES_WHISPER\DNA_EAR_BRAIN_MASTER_071928_1446304789..md","H:\incubadora despegue\TRANSCRIPCIONES_WHISPER","43488","11/02/2026 8:47:05"
"H:\incubadora despegue\TRANSCRIPCIONES_WHISPER\DNA_EAR_BRAIN_MASTER_071928_1696923888..md","H:\incubadora despegue\TRANSCRIPCIONES_WHISPER","43488","11/02/2026 8:47:05"
"H:\incubadora despegue\TRANSCRIPCIONES_WHISPER\DNA_EAR_BRAIN_MASTER_071928_1903307803..md","H:\incubadora despegue\TRANSCRIPCIONES_WHISPER","43488","11/02/2026 8:47:05"
"H:\incubadora despegue\TRANSCRIPCIONES_WHISPER\DNA_EAR_BRAIN_MASTER_071928_763681392..md","H:\incubadora despegue\TRANSCRIPCIONES_WHISPER","43488","11/02/2026 8:47:05"
"H:\incubadora despegue\TRANSCRIPCIONES_WHISPER\DNA_EAR_BRAIN_MASTER_071928_793311488..md","H:\incubadora despegue\TRANSCRIPCIONES_WHISPER","43488","11/02/2026 8:47:05"
"H:\incubadora despegue\TRANSCRIPCIONES_WHISPER\DNA_EAR_BRAIN_MASTER_071928.md","H:\incubadora despegue\TRANSCRIPCIONES_WHISPER","43488","11/02/2026 8:47:05"
"H:\incubadora despegue\TRANSCRIPCIONES_WHISPER\DNA_EAR_BRAIN_MASTER_071929_1041393933..md","H:\incubadora despegue\TRANSCRIPCIONES_WHISPER","43488","11/02/2026 8:47:05"
"H:\incubadora despegue\TRANSCRIPCIONES_WHISPER\DNA_EAR_BRAIN_MASTER_071929_1110764024..md","H:\incubadora despegue\TRANSCRIPCIONES_WHISPER","43488","11/02/2026 8:47:05"
"H:\incubadora despegue\TRANSCRIPCIONES_WHISPER\DNA_EAR_BRAIN_MASTER_071929_1133285949..md","H:\incubadora despegue\TRANSCRIPCIONES_WHISPER","43488","11/02/2026 8:47:05"
"H:\incubadora despegue\TRANSCRIPCIONES_WHISPER\DNA_EAR_BRAIN_MASTER_071929_2015368768..md","H:\incubadora despegue\TRANSCRIPCIONES_WHISPER","43488","11/02/2026 8:47:05"
"H:\incubadora despegue\TRANSCRIPCIONES_WHISPER\DNA_EAR_BRAIN_MASTER_071929_965925610..md","H:\incubadora despegue\TRANSCRIPCIONES_WHISPER","43488","11/02/2026 8:47:05"
"H:\incubadora despegue\TRANSCRIPCIONES_WHISPER\DNA_EAR_BRAIN_MASTER_071929.md","H:\incubadora despegue\TRANSCRIPCIONES_WHISPER","43488","11/02/2026 8:47:05"
"H:\incubadora despegue\TRANSCRIPCIONES_WHISPER\DNA_EAR_BRAIN_MASTER_1419129279..md","H:\incubadora despegue\TRANSCRIPCIONES_WHISPER","43488","11/02/2026 8:47:05"
"H:\incubadora despegue\TRANSCRIPCIONES_WHISPER\DNA_EAR_BRAIN_MASTER_353382565..md","H:\incubadora despegue\TRANSCRIPCIONES_WHISPER","43488","11/02/2026 8:47:05"
"H:\incubadora despegue\TRANSCRIPCIONES_WHISPER\DNA_EAR_BRAIN_MASTER_384750066..md","H:\incubadora despegue\TRANSCRIPCIONES_WHISPER","43488","11/02/2026 8:47:05"
"H:\incubadora despegue\TRANSCRIPCIONES_WHISPER\DNA_EAR_BRAIN_MASTER_537366854..md","H:\incubadora despegue\TRANSCRIPCIONES_WHISPER","43488","11/02/2026 8:47:05"
"H:\incubadora despegue\TRANSCRIPCIONES_WHISPER\DNA_EAR_BRAIN_MASTER_603449544..md","H:\incubadora despegue\TRANSCRIPCIONES_WHISPER","43488","11/02/2026 8:47:05"
"H:\incubadora despegue\TRANSCRIPCIONES_WHISPER\DNA_EAR_BRAIN_MASTER_605431698..md","H:\incubadora despegue\TRANSCRIPCIONES_WHISPER","43488","11/02/2026 8:47:05"
"H:\incubadora despegue\TRANSCRIPCIONES_WHISPER\DNA_EAR_BRAIN_MASTER.md","H:\incubadora despegue\TRANSCRIPCIONES_WHISPER","43488","11/02/2026 8:47:05"
"H:\incubadora despegue\TRANSCRIPCIONES_WHISPER\DNA_EAR_OS_MAESTRO_PROMPTS_PARTE_11_1111329237..md","H:\incubadora despegue\TRANSCRIPCIONES_WHISPER","3792983","05/05/2026 15:57:56"
"H:\incubadora despegue\TRANSCRIPCIONES_WHISPER\DNA_EAR_OS_MAESTRO_PROMPTS_PARTE_11_1139828473..md","H:\incubadora despegue\TRANSCRIPCIONES_WHISPER","3792983","05/05/2026 15:57:56"
"H:\incubadora despegue\TRANSCRIPCIONES_WHISPER\DNA_EAR_OS_MAESTRO_PROMPTS_PARTE_11_1648487133..md","H:\incubadora despegue\TRANSCRIPCIONES_WHISPER","3792983","05/05/2026 15:57:56"
"H:\incubadora despegue\TRANSCRIPCIONES_WHISPER\DNA_EAR_OS_MAESTRO_PROMPTS_PARTE_11_1757858911..md","H:\incubadora despegue\TRANSCRIPCIONES_WHISPER","3792983","05/05/2026 15:57:56"
"H:\incubadora despegue\TRANSCRIPCIONES_WHISPER\DNA_EAR_OS_MAESTRO_PROMPTS_PARTE_11_191448410..md","H:\incubadora despegue\TRANSCRIPCIONES_WHISPER","3792983","05/05/2026 15:57:56"
"H:\incubadora despegue\TRANSCRIPCIONES_WHISPER\DNA_EAR_OS_MAESTRO_PROMPTS_PARTE_11_2023724789..md","H:\incubadora despegue\TRANSCRIPCIONES_WHISPER","3792983","05/05/2026 15:57:56"
"H:\incubadora despegue\TRANSCRIPCIONES_WHISPER\DNA_EAR_OS_MAESTRO_PROMPTS_PARTE_11_2092809714..md","H:\incubadora despegue\TRANSCRIPCIONES_WHISPER","3792983","05/05/2026 15:57:56"
"H:\incubadora despegue\TRANSCRIPCIONES_WHISPER\DNA_EAR_OS_MAESTRO_PROMPTS_PARTE_11_574084661..md","H:\incubadora despegue\TRANSCRIPCIONES_WHISPER","3792983","05/05/2026 15:57:56"
"H:\incubadora despegue\TRANSCRIPCIONES_WHISPER\DNA_EAR_OS_MAESTRO_PROMPTS_PARTE_11_591123642..md","H:\incubadora despegue\TRANSCRIPCIONES_WHISPER","3792983","05/05/2026 15:57:56"
"H:\incubadora despegue\TRANSCRIPCIONES_WHISPER\DNA_EAR_OS_MAESTRO_PROMPTS_PARTE_11_591637394..md","H:\incubadora despegue\TRANSCRIPCIONES_WHISPER","3792983","05/05/2026 15:57:56"
"H:\incubadora despegue\TRANSCRIPCIONES_WHISPER\DNA_EAR_OS_MAESTRO_PROMPTS_PARTE_11_734208302..md","H:\incubadora despegue\TRANSCRIPCIONES_WHISPER","3792983","05/05/2026 15:57:56"
"H:\incubadora despegue\TRANSCRIPCIONES_WHISPER\DNA_EAR_OS_MAESTRO_PROMPTS_PARTE_11_807760292..md","H:\incubadora despegue\TRANSCRIPCIONES_WHISPER","3792983","05/05/2026 15:57:56"
"H:\incubadora despegue\TRANSCRIPCIONES_WHISPER\DNA_EAR_OS_MAESTRO_PROMPTS_PARTE_11.md","H:\incubadora despegue\TRANSCRIPCIONES_WHISPER","3792983","05/05/2026 15:57:56"
"H:\incubadora despegue\TRANSCRIPCIONES_WHISPER\DNA_Guía-de-terapia-ocupacional-en-geriatría.pdf - coptocam_071610_1263539549..md","H:\incubadora despegue\TRANSCRIPCIONES_WHISPER","144546","20/02/2026 16:10:22"
"H:\incubadora despegue\TRANSCRIPCIONES_WHISPER\DNA_Guía-de-terapia-ocupacional-en-geriatría.pdf - coptocam_071610_1274035210..md","H:\incubadora despegue\TRANSCRIPCIONES_WHISPER","144546","20/02/2026 16:10:22"
"H:\incubadora despegue\TRANSCRIPCIONES_WHISPER\DNA_Guía-de-terapia-ocupacional-en-geriatría.pdf - coptocam_071610_1805553149..md","H:\incubadora despegue\TRANSCRIPCIONES_WHISPER","144546","20/02/2026 16:10:22"
"H:\incubadora despegue\TRANSCRIPCIONES_WHISPER\DNA_Guía-de-terapia-ocupacional-en-geriatría.pdf - coptocam_071610_1826281934..md","H:\incubadora despegue\TRANSCRIPCIONES_WHISPER","144546","20/02/2026 16:10:22"
"H:\incubadora despegue\TRANSCRIPCIONES_WHISPER\DNA_Guía-de-terapia-ocupacional-en-geriatría.pdf - coptocam_071610_981575905..md","H:\incubadora despegue\TRANSCRIPCIONES_WHISPER","144546","20/02/2026 16:10:22"
"H:\incubadora despegue\TRANSCRIPCIONES_WHISPER\DNA_Guía-de-terapia-ocupacional-en-geriatría.pdf - coptocam_071610.md","H:\incubadora despegue\TRANSCRIPCIONES_WHISPER","144546","20/02/2026 16:10:22"
"H:\incubadora despegue\TRANSCRIPCIONES_WHISPER\DNA_Guía-de-terapia-ocupacional-en-geriatría.pdf - coptocam_1325898033..md","H:\incubadora despegue\TRANSCRIPCIONES_WHISPER","144546","20/02/2026 16:10:22"
"H:\incubadora despegue\TRANSCRIPCIONES_WHISPER\DNA_Guía-de-terapia-ocupacional-en-geriatría.pdf - coptocam_1471083785..md","H:\incubadora despegue\TRANSCRIPCIONES_WHISPER","144546","20/02/2026 16:10:22"
"H:\incubadora despegue\TRANSCRIPCIONES_WHISPER\DNA_Guía-de-terapia-ocupacional-en-geriatría.pdf - coptocam_1664996046..md","H:\incubadora despegue\TRANSCRIPCIONES_WHISPER","144546","20/02/2026 16:10:22"
"H:\incubadora despegue\TRANSCRIPCIONES_WHISPER\DNA_Guía-de-terapia-ocupacional-en-geriatría.pdf - coptocam_1837250238..md","H:\incubadora despegue\TRANSCRIPCIONES_WHISPER","144546","20/02/2026 16:10:22"
"H:\incubadora despegue\TRANSCRIPCIONES_WHISPER\DNA_Guía-de-terapia-ocupacional-en-geriatría.pdf - coptocam_422789987..md","H:\incubadora despegue\TRANSCRIPCIONES_WHISPER","144546","20/02/2026 16:10:22"
"H:\incubadora despegue\TRANSCRIPCIONES_WHISPER\DNA_Guía-de-terapia-ocupacional-en-geriatría.pdf - coptocam.md","H:\incubadora despegue\TRANSCRIPCIONES_WHISPER","144546","20/02/2026 16:10:22"
"H:\incubadora despegue\TRANSCRIPCIONES_WHISPER\DNA_paciente_cero_blueprint_7504.md","H:\incubadora despegue\TRANSCRIPCIONES_WHISPER","4237","26/02/2026 20:07:30"
"H:\incubadora despegue\TRANSCRIPCIONES_WHISPER\DNA_paciente_cero_blueprint.md","H:\incubadora despegue\TRANSCRIPCIONES_WHISPER","4237","26/02/2026 20:07:30"
"H:\incubadora despegue\TRANSCRIPCIONES_WHISPER\DNA_plan_maestro_paz_mental_2049442593..md","H:\incubadora despegue\TRANSCRIPCIONES_WHISPER","16927","03/03/2026 11:19:08"
"H:\incubadora despegue\TRANSCRIPCIONES_WHISPER\DNA_plan_maestro_paz_mental_609702923..md","H:\incubadora despegue\TRANSCRIPCIONES_WHISPER","16927","03/03/2026 11:19:08"
"H:\incubadora despegue\TRANSCRIPCIONES_WHISPER\DNA_plan_maestro_paz_mental_F5E2.md","H:\incubadora despegue\TRANSCRIPCIONES_WHISPER","16927","03/03/2026 11:19:08"
"H:\incubadora despegue\TRANSCRIPCIONES_WHISPER\DNA_plan_maestro_paz_mental.md","H:\incubadora despegue\TRANSCRIPCIONES_WHISPER","16927","03/03/2026 11:19:08"
"H:\incubadora despegue\TRANSCRIPCIONES_WHISPER\DNA_Proyecto Integral para Edwin Agudelo, Cantante y Compositor_1007765258..md","H:\incubadora despegue\TRANSCRIPCIONES_WHISPER","3847","04/03/2026 21:14:41"
"H:\incubadora despegue\TRANSCRIPCIONES_WHISPER\DNA_Proyecto Integral para Edwin Agudelo, Cantante y Compositor_1090645819..md","H:\incubadora despegue\TRANSCRIPCIONES_WHISPER","3847","04/03/2026 21:14:41"
"H:\incubadora despegue\TRANSCRIPCIONES_WHISPER\DNA_Proyecto Integral para Edwin Agudelo, Cantante y Compositor_1137242639..md","H:\incubadora despegue\TRANSCRIPCIONES_WHISPER","3847","04/03/2026 21:14:41"
"H:\incubadora despegue\TRANSCRIPCIONES_WHISPER\DNA_Proyecto Integral para Edwin Agudelo, Cantante y Compositor_1566187838..md","H:\incubadora despegue\TRANSCRIPCIONES_WHISPER","3847","04/03/2026 21:14:41"
"H:\incubadora despegue\TRANSCRIPCIONES_WHISPER\DNA_Proyecto Integral para Edwin Agudelo, Cantante y Compositor_37017863..md","H:\incubadora despegue\TRANSCRIPCIONES_WHISPER","3847","04/03/2026 21:14:41"
"H:\incubadora despegue\TRANSCRIPCIONES_WHISPER\DNA_Proyecto Integral para Edwin Agudelo, Cantante y Compositor_514598422..md","H:\incubadora despegue\TRANSCRIPCIONES_WHISPER","3847","04/03/2026 21:14:41"
"H:\incubadora despegue\TRANSCRIPCIONES_WHISPER\DNA_Proyecto Integral para Edwin Agudelo, Cantante y Compositor_727733522..md","H:\incubadora despegue\TRANSCRIPCIONES_WHISPER","3847","04/03/2026 21:14:41"
"H:\incubadora despegue\TRANSCRIPCIONES_WHISPER\DNA_Proyecto Integral para Edwin Agudelo, Cantante y Compositor_828845724..md","H:\incubadora despegue\TRANSCRIPCIONES_WHISPER","3847","04/03/2026 21:14:41"
"H:\incubadora despegue\TRANSCRIPCIONES_WHISPER\DNA_Proyecto Integral para Edwin Agudelo, Cantante y Compositor_862499019..md","H:\incubadora despegue\TRANSCRIPCIONES_WHISPER","3847","04/03/2026 21:14:41"
"H:\incubadora despegue\TRANSCRIPCIONES_WHISPER\DNA_Proyecto Integral para Edwin Agudelo, Cantante y Compositor_943797075..md","H:\incubadora despegue\TRANSCRIPCIONES_WHISPER","3847","04/03/2026 21:14:41"
"H:\incubadora despegue\TRANSCRIPCIONES_WHISPER\DNA_Proyecto Integral para Edwin Agudelo, Cantante y Compositor.md","H:\incubadora despegue\TRANSCRIPCIONES_WHISPER","3847","04/03/2026 21:14:41"
"H:\incubadora despegue\TRANSCRIPCIONES_WHISPER\DNA_README_596.md","H:\incubadora despegue\TRANSCRIPCIONES_WHISPER","5626","14/11/2025 15:29:54"
"H:\incubadora despegue\TRANSCRIPCIONES_WHISPER\DNA_README_600.md","H:\incubadora despegue\TRANSCRIPCIONES_WHISPER","11798","14/11/2025 15:29:54"
"H:\incubadora despegue\TRANSCRIPCIONES_WHISPER\DNA_task_150313937._843922393..md","H:\incubadora despegue\TRANSCRIPCIONES_WHISPER","4659","12/03/2026 11:39:36"
"H:\incubadora despegue\TRANSCRIPCIONES_WHISPER\DNA_task_150313937..md","H:\incubadora despegue\TRANSCRIPCIONES_WHISPER","4659","12/03/2026 11:39:36"
"H:\incubadora despegue\TRANSCRIPCIONES_WHISPER\DNA_task_24BA.md","H:\incubadora despegue\TRANSCRIPCIONES_WHISPER","4659","12/03/2026 11:39:36"
"H:\incubadora despegue\TRANSCRIPCIONES_WHISPER\DNA_task.md","H:\incubadora despegue\TRANSCRIPCIONES_WHISPER","4659","12/03/2026 11:39:36"
"H:\incubadora despegue\TRANSCRIPCIONES_WHISPER\Documentos_CHANGELOG_199.md","H:\incubadora despegue\TRANSCRIPCIONES_WHISPER","5966","14/11/2025 15:29:54"
"H:\incubadora despegue\TRANSCRIPCIONES_WHISPER\Documentos_CHANGELOG_95_61ae105c.md","H:\incubadora despegue\TRANSCRIPCIONES_WHISPER","16054","14/11/2025 15:41:05"
"H:\incubadora despegue\TRANSCRIPCIONES_WHISPER\Documentos_CHANGELOG_97_dae79548.md","H:\incubadora despegue\TRANSCRIPCIONES_WHISPER","16007","14/11/2025 15:41:05"
"H:\incubadora despegue\TRANSCRIPCIONES_WHISPER\Documentos_CHANGELOG_99_60bee334.md","H:\incubadora despegue\TRANSCRIPCIONES_WHISPER","15357","14/11/2025 15:41:05"
"H:\incubadora despegue\TRANSCRIPCIONES_WHISPER\Documentos_README_1261.md","H:\incubadora despegue\TRANSCRIPCIONES_WHISPER","3851","14/11/2025 15:29:54"
"H:\incubadora despegue\TRANSCRIPCIONES_WHISPER\Documentos_README_515.md","H:\incubadora despegue\TRANSCRIPCIONES_WHISPER","11916","14/11/2025 15:41:05"
"H:\incubadora despegue\TRANSCRIPCIONES_WHISPER\Documentos_Readme_517.md","H:\incubadora despegue\TRANSCRIPCIONES_WHISPER","7752","14/11/2025 15:29:54"
"H:\incubadora despegue\TRANSCRIPCIONES_WHISPER\Documentos_README_816_04b8b223.md","H:\incubadora despegue\TRANSCRIPCIONES_WHISPER","82337","14/11/2025 15:29:56"
"H:\incubadora despegue\TRANSCRIPCIONES_WHISPER\Documentos_README_931_879e0c9f.md","H:\incubadora despegue\TRANSCRIPCIONES_WHISPER","94916","14/11/2025 15:29:56"
"H:\incubadora despegue\TRANSCRIPCIONES_WHISPER\Documentos_README_931.md","H:\incubadora despegue\TRANSCRIPCIONES_WHISPER","94916","14/11/2025 15:29:56"
"H:\incubadora despegue\TRANSCRIPCIONES_WHISPER\Documentos_README_959_1dce5c21.md","H:\incubadora despegue\TRANSCRIPCIONES_WHISPER","13872","14/11/2025 15:29:53"
"H:\incubadora despegue\TRANSCRIPCIONES_WHISPER\Documentos_README_959.md","H:\incubadora despegue\TRANSCRIPCIONES_WHISPER","13872","14/11/2025 15:29:53"
"H:\incubadora despegue\TRANSCRIPCIONES_WHISPER\Documentos_upgradeGuide.md","H:\incubadora despegue\TRANSCRIPCIONES_WHISPER","4228","08/09/2025 17:50:11"
"H:\incubadora despegue\TRANSCRIPCIONES_WHISPER\EAR_BRAIN_MASTER_071927.md","H:\incubadora despegue\TRANSCRIPCIONES_WHISPER","43488","11/02/2026 8:47:05"
"H:\incubadora despegue\TRANSCRIPCIONES_WHISPER\EAR_BRAIN_MASTER_071928.md","H:\incubadora despegue\TRANSCRIPCIONES_WHISPER","43488","11/02/2026 8:47:05"
"H:\incubadora despegue\TRANSCRIPCIONES_WHISPER\EAR_BRAIN_MASTER_071929.md","H:\incubadora despegue\TRANSCRIPCIONES_WHISPER","43488","11/02/2026 8:47:05"
"H:\incubadora despegue\TRANSCRIPCIONES_WHISPER\EAR_BRAIN_MASTER.md","H:\incubadora despegue\TRANSCRIPCIONES_WHISPER","43488","11/02/2026 8:47:05"
"H:\incubadora despegue\TRANSCRIPCIONES_WHISPER\EAR_OS_MAESTRO_PROMPTS_PARTE_102.md","H:\incubadora despegue\TRANSCRIPCIONES_WHISPER","831380","05/05/2026 15:58:30"
"H:\incubadora despegue\TRANSCRIPCIONES_WHISPER\EAR_OS_MAESTRO_PROMPTS_PARTE_11.md","H:\incubadora despegue\TRANSCRIPCIONES_WHISPER","3792983","05/05/2026 15:57:56"
"H:\incubadora despegue\TRANSCRIPCIONES_WHISPER\EAR_OS_MAESTRO_PROMPTS_PARTE_37.md","H:\incubadora despegue\TRANSCRIPCIONES_WHISPER","75823","05/05/2026 15:58:02"
"H:\incubadora despegue\TRANSCRIPCIONES_WHISPER\EDWIN AGUDELO  mapa mental 2 OK GEMINI (2)_88A1.md","H:\incubadora despegue\TRANSCRIPCIONES_WHISPER","1799","04/03/2026 21:07:03"
"H:\incubadora despegue\TRANSCRIPCIONES_WHISPER\EDWIN AGUDELO  mapa mental 2 OK GEMINI (2).md","H:\incubadora despegue\TRANSCRIPCIONES_WHISPER","1799","04/03/2026 21:07:03"
"H:\incubadora despegue\TRANSCRIPCIONES_WHISPER\Edwin Agudelo mapa mental 1 OK GEMINI (2)_1D30.md","H:\incubadora despegue\TRANSCRIPCIONES_WHISPER","3460","04/03/2026 21:09:45"
"H:\incubadora despegue\TRANSCRIPCIONES_WHISPER\Edwin Agudelo mapa mental 1 OK GEMINI (2).md","H:\incubadora despegue\TRANSCRIPCIONES_WHISPER","3460","04/03/2026 21:09:45"
"H:\incubadora despegue\TRANSCRIPCIONES_WHISPER\Edwin Agudelo mapa mental 4 OK GEMINI (2)_0610.md","H:\incubadora despegue\TRANSCRIPCIONES_WHISPER","21674","04/03/2026 21:10:32"
"H:\incubadora despegue\TRANSCRIPCIONES_WHISPER\Edwin Agudelo mapa mental 4 OK GEMINI (2).md","H:\incubadora despegue\TRANSCRIPCIONES_WHISPER","21674","04/03/2026 21:10:32"
"H:\incubadora despegue\TRANSCRIPCIONES_WHISPER\Edwin Agudelo mapa mental OK GEMINI (2)_0DF1.md","H:\incubadora despegue\TRANSCRIPCIONES_WHISPER","2802","04/03/2026 21:11:14"
"H:\incubadora despegue\TRANSCRIPCIONES_WHISPER\Edwin Agudelo mapa mental OK GEMINI (2).md","H:\incubadora despegue\TRANSCRIPCIONES_WHISPER","2802","04/03/2026 21:11:14"
"H:\incubadora despegue\TRANSCRIPCIONES_WHISPER\Estrategia Integral para Edwin Agudelo, de ARTISTA A EMPRESARIO mapa mental 2023 OK GEMINI (2)_6F42.md","H:\incubadora despegue\TRANSCRIPCIONES_WHISPER","3473","04/03/2026 21:12:27"
"H:\incubadora despegue\TRANSCRIPCIONES_WHISPER\Estrategia Integral para Edwin Agudelo, de ARTISTA A EMPRESARIO mapa mental 2023 OK GEMINI (2).md","H:\incubadora despegue\TRANSCRIPCIONES_WHISPER","3473","04/03/2026 21:12:27"
"H:\incubadora despegue\TRANSCRIPCIONES_WHISPER\EVE_BODAS_NET_VENDORS.md","H:\incubadora despegue\TRANSCRIPCIONES_WHISPER","231908","22/02/2026 1:55:48"
"H:\incubadora despegue\TRANSCRIPCIONES_WHISPER\FIRESTORE_SYNC_GUIDE_94D9.md","H:\incubadora despegue\TRANSCRIPCIONES_WHISPER","15367","14/11/2025 14:27:18"
"H:\incubadora despegue\TRANSCRIPCIONES_WHISPER\FIRESTORE_SYNC_GUIDE.md","H:\incubadora despegue\TRANSCRIPCIONES_WHISPER","15367","14/11/2025 14:27:18"
"H:\incubadora despegue\TRANSCRIPCIONES_WHISPER\Guía-de-terapia-ocupacional-en-geriatría.pdf - coptocam_071610.md","H:\incubadora despegue\TRANSCRIPCIONES_WHISPER","144546","20/02/2026 16:10:22"
"H:\incubadora despegue\TRANSCRIPCIONES_WHISPER\Guía-de-terapia-ocupacional-en-geriatría.pdf - coptocam.md","H:\incubadora despegue\TRANSCRIPCIONES_WHISPER","144546","20/02/2026 16:10:22"
"H:\incubadora despegue\TRANSCRIPCIONES_WHISPER\implementation_plan_boveda_3C63.md","H:\incubadora despegue\TRANSCRIPCIONES_WHISPER","1500","22/03/2026 1:24:17"
"H:\incubadora despegue\TRANSCRIPCIONES_WHISPER\INTEL_arquitectura_inversa_ear_os_67823464..md","H:\incubadora despegue\TRANSCRIPCIONES_WHISPER","3950","12/03/2026 8:55:32"
"H:\incubadora despegue\TRANSCRIPCIONES_WHISPER\INTEL_arquitectura_inversa_ear_os_79E6.md","H:\incubadora despegue\TRANSCRIPCIONES_WHISPER","3950","12/03/2026 8:55:32"
"H:\incubadora despegue\TRANSCRIPCIONES_WHISPER\INTEL_arquitectura_inversa_ear_os.md","H:\incubadora despegue\TRANSCRIPCIONES_WHISPER","3950","12/03/2026 8:55:32"
"H:\incubadora despegue\TRANSCRIPCIONES_WHISPER\INTEL_ASISTENTE_IA_TUTORIAL.md","H:\incubadora despegue\TRANSCRIPCIONES_WHISPER","12747","14/11/2025 14:27:16"
"H:\incubadora despegue\TRANSCRIPCIONES_WHISPER\INTEL_Documentos_CHANGELOG_95_61ae105c.md","H:\incubadora despegue\TRANSCRIPCIONES_WHISPER","16054","14/11/2025 15:41:05"
"H:\incubadora despegue\TRANSCRIPCIONES_WHISPER\INTEL_Documentos_README_515.md","H:\incubadora despegue\TRANSCRIPCIONES_WHISPER","11916","14/11/2025 15:41:05"
"H:\incubadora despegue\TRANSCRIPCIONES_WHISPER\INTEL_Documentos_README_931_879e0c9f.md","H:\incubadora despegue\TRANSCRIPCIONES_WHISPER","94916","14/11/2025 15:29:56"
"H:\incubadora despegue\TRANSCRIPCIONES_WHISPER\INTEL_Documentos_README_931.md","H:\incubadora despegue\TRANSCRIPCIONES_WHISPER","94916","14/11/2025 15:29:56"
"H:\incubadora despegue\TRANSCRIPCIONES_WHISPER\INTEL_Documentos_README_959_1dce5c21.md","H:\incubadora despegue\TRANSCRIPCIONES_WHISPER","13872","14/11/2025 15:29:53"
"H:\incubadora despegue\TRANSCRIPCIONES_WHISPER\INTEL_Documentos_README_959.md","H:\incubadora despegue\TRANSCRIPCIONES_WHISPER","13872","14/11/2025 15:29:53"
"H:\incubadora despegue\TRANSCRIPCIONES_WHISPER\INTEL_Documentos_upgradeGuide.md","H:\incubadora despegue\TRANSCRIPCIONES_WHISPER","4228","08/09/2025 17:50:11"
"H:\incubadora despegue\TRANSCRIPCIONES_WHISPER\INTEL_EVE_BODAS_NET_VENDORS.md","H:\incubadora despegue\TRANSCRIPCIONES_WHISPER","231908","22/02/2026 1:55:48"
"H:\incubadora despegue\TRANSCRIPCIONES_WHISPER\INTEL_implementation_plan_boveda_1865377979..md","H:\incubadora despegue\TRANSCRIPCIONES_WHISPER","1500","22/03/2026 1:24:17"
"H:\incubadora despegue\TRANSCRIPCIONES_WHISPER\INTEL_implementation_plan_boveda_3C63_1202328102..md","H:\incubadora despegue\TRANSCRIPCIONES_WHISPER","1500","22/03/2026 1:24:17"
"H:\incubadora despegue\TRANSCRIPCIONES_WHISPER\INTEL_implementation_plan_boveda_3C63_1384769205..md","H:\incubadora despegue\TRANSCRIPCIONES_WHISPER","1500","22/03/2026 1:24:17"
"H:\incubadora despegue\TRANSCRIPCIONES_WHISPER\INTEL_implementation_plan_boveda_3C63_1576390371..md","H:\incubadora despegue\TRANSCRIPCIONES_WHISPER","1500","22/03/2026 1:24:17"
"H:\incubadora despegue\TRANSCRIPCIONES_WHISPER\INTEL_implementation_plan_boveda_3C63_159264685..md","H:\incubadora despegue\TRANSCRIPCIONES_WHISPER","1500","22/03/2026 1:24:17"
"H:\incubadora despegue\TRANSCRIPCIONES_WHISPER\INTEL_implementation_plan_boveda_3C63_512249241..md","H:\incubadora despegue\TRANSCRIPCIONES_WHISPER","1500","22/03/2026 1:24:17"
"H:\incubadora despegue\TRANSCRIPCIONES_WHISPER\INTEL_implementation_plan_boveda_3C63.md","H:\incubadora despegue\TRANSCRIPCIONES_WHISPER","1500","22/03/2026 1:24:17"
"H:\incubadora despegue\TRANSCRIPCIONES_WHISPER\INTEL_implementation_plan_boveda.md","H:\incubadora despegue\TRANSCRIPCIONES_WHISPER","1500","22/03/2026 1:24:17"
"H:\incubadora despegue\TRANSCRIPCIONES_WHISPER\Manual EarOS.md","H:\incubadora despegue\TRANSCRIPCIONES_WHISPER","28359","15/08/2026 7:36:48"
"H:\incubadora despegue\TRANSCRIPCIONES_WHISPER\Manual_EarOS.md","H:\incubadora despegue\TRANSCRIPCIONES_WHISPER","28359","15/08/2026 8:05:10"
"H:\incubadora despegue\TRANSCRIPCIONES_WHISPER\mapa_mental_EAR_negocio.md","H:\incubadora despegue\TRANSCRIPCIONES_WHISPER","4194","02/12/2025 17:23:32"
"H:\incubadora despegue\TRANSCRIPCIONES_WHISPER\master_plan_ear_os_52BC.md","H:\incubadora despegue\TRANSCRIPCIONES_WHISPER","2696","22/03/2026 13:09:32"
"H:\incubadora despegue\TRANSCRIPCIONES_WHISPER\paciente_cero_blueprint_7504.md","H:\incubadora despegue\TRANSCRIPCIONES_WHISPER","4237","26/02/2026 20:07:30"
"H:\incubadora despegue\TRANSCRIPCIONES_WHISPER\plan_maestro_paz_mental_F5E2.md","H:\incubadora despegue\TRANSCRIPCIONES_WHISPER","16927","03/03/2026 11:19:08"
"H:\incubadora despegue\TRANSCRIPCIONES_WHISPER\Preguntas de éste modulo día 1.md","H:\incubadora despegue\TRANSCRIPCIONES_WHISPER","7213","10/02/2026 16:37:40"
"H:\incubadora despegue\TRANSCRIPCIONES_WHISPER\PRO_VIMUME_SESSION_PROTOCOL_V2.md","H:\incubadora despegue\TRANSCRIPCIONES_WHISPER","19584","16/02/2026 10:08:18"
"H:\incubadora despegue\TRANSCRIPCIONES_WHISPER\programa electoral elecciones generales 23 julio 2023 - PSOE.md","H:\incubadora despegue\TRANSCRIPCIONES_WHISPER","697114","20/02/2026 16:10:22"
"H:\incubadora despegue\TRANSCRIPCIONES_WHISPER\PROGRESS_TRACKER_D1EE.md","H:\incubadora despegue\TRANSCRIPCIONES_WHISPER","5654","01/12/2025 19:14:01"
"H:\incubadora despegue\TRANSCRIPCIONES_WHISPER\PROGRESS_TRACKER.md","H:\incubadora despegue\TRANSCRIPCIONES_WHISPER","5654","01/12/2025 19:14:01"
"H:\incubadora despegue\TRANSCRIPCIONES_WHISPER\Proyecto Integral para Edwin Agudelo, Cantante y Compositor.md","H:\incubadora despegue\TRANSCRIPCIONES_WHISPER","3847","04/03/2026 21:14:41"
"H:\incubadora despegue\TRANSCRIPCIONES_WHISPER\Proyecto_EAR_072000.md","H:\incubadora despegue\TRANSCRIPCIONES_WHISPER","13027","08/02/2026 21:29:41"
"H:\incubadora despegue\TRANSCRIPCIONES_WHISPER\Proyecto_EAR.md","H:\incubadora despegue\TRANSCRIPCIONES_WHISPER","13027","08/02/2026 21:29:41"
"H:\incubadora despegue\TRANSCRIPCIONES_WHISPER\README_1.md","H:\incubadora despegue\TRANSCRIPCIONES_WHISPER","5645","06/08/2026 20:50:11"
"H:\incubadora despegue\TRANSCRIPCIONES_WHISPER\README_593.md","H:\incubadora despegue\TRANSCRIPCIONES_WHISPER","4058","14/11/2025 15:29:54"
"H:\incubadora despegue\TRANSCRIPCIONES_WHISPER\README_596.md","H:\incubadora despegue\TRANSCRIPCIONES_WHISPER","5626","14/11/2025 15:29:54"
"H:\incubadora despegue\TRANSCRIPCIONES_WHISPER\README_600.md","H:\incubadora despegue\TRANSCRIPCIONES_WHISPER","11798","14/11/2025 15:29:54"
"H:\incubadora despegue\TRANSCRIPCIONES_WHISPER\README_EABE.md","H:\incubadora despegue\TRANSCRIPCIONES_WHISPER","26359","04/03/2025 18:18:10"
"H:\incubadora despegue\TRANSCRIPCIONES_WHISPER\README.md","H:\incubadora despegue\TRANSCRIPCIONES_WHISPER","29676","06/08/2026 20:50:11"
"H:\incubadora despegue\TRANSCRIPCIONES_WHISPER\REC_20260729_0f082f9c03c9e16b9945a4908910c877_DOI_000_ESTRUCTURA_MAESTRA_GLORIA_BENDITA.md","H:\incubadora despegue\TRANSCRIPCIONES_WHISPER","16034","25/02/2026 8:31:48"
"H:\incubadora despegue\TRANSCRIPCIONES_WHISPER\REC_20260729_paciente_cero_blueprint.md","H:\incubadora despegue\TRANSCRIPCIONES_WHISPER","4237","26/02/2026 20:07:30"
"H:\incubadora despegue\TRANSCRIPCIONES_WHISPER\REC_20260729_plan_maestro_paz_mental.md","H:\incubadora despegue\TRANSCRIPCIONES_WHISPER","16927","03/03/2026 11:19:08"
"H:\incubadora despegue\TRANSCRIPCIONES_WHISPER\REC_20260729_task.md","H:\incubadora despegue\TRANSCRIPCIONES_WHISPER","4659","12/03/2026 11:39:36"
"H:\incubadora despegue\TRANSCRIPCIONES_WHISPER\S-Class Panel System Implementation 24 04  10 21 h.md","H:\incubadora despegue\TRANSCRIPCIONES_WHISPER","21244","24/04/2026 10:21:59"
"H:\incubadora despegue\TRANSCRIPCIONES_WHISPER\Sesgos cognitivos en humanos y máquinas_ Entrevista con Helena Matute_071631.md","H:\incubadora despegue\TRANSCRIPCIONES_WHISPER","14460","10/02/2026 16:41:26"
"H:\incubadora despegue\TRANSCRIPCIONES_WHISPER\Sesgos cognitivos en humanos y máquinas_ Entrevista con Helena Matute_80E4.md","H:\incubadora despegue\TRANSCRIPCIONES_WHISPER","14460","10/02/2026 16:41:26"
"H:\incubadora despegue\TRANSCRIPCIONES_WHISPER\Sesgos cognitivos en humanos y máquinas_ Entrevista con Helena Matute.md","H:\incubadora despegue\TRANSCRIPCIONES_WHISPER","14460","10/02/2026 16:41:26"
"H:\incubadora despegue\TRANSCRIPCIONES_WHISPER\task_24BA.md","H:\incubadora despegue\TRANSCRIPCIONES_WHISPER","4659","12/03/2026 11:39:36"
"H:\incubadora despegue\TRANSCRIPCIONES_WHISPER\TRANSFIGURACION_SCLASS_REPORT_3E1A.md","H:\incubadora despegue\TRANSCRIPCIONES_WHISPER","4102","03/03/2026 21:00:25"
"H:\incubadora despegue\TRANSCRIPCIONES_WHISPER\VIMUME_SESSION_PROTOCOL_V2_071420_071431.md","H:\incubadora despegue\TRANSCRIPCIONES_WHISPER","19584","16/02/2026 10:08:18"
"H:\incubadora despegue\TRANSCRIPCIONES_WHISPER\VIMUME_SESSION_PROTOCOL_V2_071420.md","H:\incubadora despegue\TRANSCRIPCIONES_WHISPER","19584","16/02/2026 10:08:18"
"H:\incubadora despegue\TRANSCRIPCIONES_WHISPER\VIMUME_SESSION_PROTOCOL_V2_071421_071431.md","H:\incubadora despegue\TRANSCRIPCIONES_WHISPER","19584","16/02/2026 10:08:18"
"H:\incubadora despegue\TRANSCRIPCIONES_WHISPER\VIMUME_SESSION_PROTOCOL_V2_071421.md","H:\incubadora despegue\TRANSCRIPCIONES_WHISPER","19584","16/02/2026 10:08:18"
"H:\incubadora despegue\TRANSCRIPCIONES_WHISPER\VIMUME_SESSION_PROTOCOL_V2_071430.md","H:\incubadora despegue\TRANSCRIPCIONES_WHISPER","19584","16/02/2026 10:08:18"
"H:\incubadora despegue\TRANSCRIPCIONES_WHISPER\VIMUME_SESSION_PROTOCOL_V2_071431.md","H:\incubadora despegue\TRANSCRIPCIONES_WHISPER","19584","16/02/2026 10:08:18"
"H:\incubadora despegue\TRANSCRIPCIONES_WHISPER\VIMUME_SESSION_PROTOCOL_V2.md","H:\incubadora despegue\TRANSCRIPCIONES_WHISPER","19584","16/02/2026 10:08:18"
"H:\incubadora despegue\VELOCITY\11 05 2026  11 40 h Resuming Supabase Infrastructure Sovereignty_derived.md","H:\incubadora despegue\VELOCITY","16259","08/08/2026 19:43:59"
"H:\incubadora despegue\VELOCITY\11 05 2026  11 40 h Resuming Supabase Infrastructure Sovereignty.md","H:\incubadora despegue\VELOCITY","15375","11/05/2026 11:40:37"
"H:\incubadora despegue\VELOCITY\11 05 2026  11 47 h Resuming Supabase Infrastructure Sovereignty_derived.md","H:\incubadora despegue\VELOCITY","25436","08/08/2026 19:43:59"
"H:\incubadora despegue\VELOCITY\11 05 2026  11 47 h Resuming Supabase Infrastructure Sovereignty.md","H:\incubadora despegue\VELOCITY","24404","11/05/2026 11:47:21"
"H:\incubadora despegue\VELOCITY\11 05 2026  12 09 h Resuming Supabase Infrastructure Sovereignty_derived.md","H:\incubadora despegue\VELOCITY","35780","08/08/2026 19:43:59"
"H:\incubadora despegue\VELOCITY\11 05 2026  12 09 h Resuming Supabase Infrastructure Sovereignty.md","H:\incubadora despegue\VELOCITY","34567","11/05/2026 12:10:04"
"H:\incubadora despegue\VELOCITY\11 05 2026  12 39 h Resuming Supabase Infrastructure Sovereignty_derived.md","H:\incubadora despegue\VELOCITY","44610","08/08/2026 19:43:59"
"H:\incubadora despegue\VELOCITY\11 05 2026  12 39 h Resuming Supabase Infrastructure Sovereignty.md","H:\incubadora despegue\VELOCITY","43270","11/05/2026 12:39:48"
"H:\incubadora despegue\VELOCITY\11 05 2026  12 48 h Resuming Supabase Infrastructure Sovereignty_derived.md","H:\incubadora despegue\VELOCITY","56609","08/08/2026 19:43:59"
"H:\incubadora despegue\VELOCITY\11 05 2026  12 48 h Resuming Supabase Infrastructure Sovereignty.md","H:\incubadora despegue\VELOCITY","55039","11/05/2026 12:48:39"
"H:\incubadora despegue\VELOCITY\11 05 2026  13 02 h Resuming Supabase Infrastructure Sovereignty_derived.md","H:\incubadora despegue\VELOCITY","64041","08/08/2026 19:43:59"
"H:\incubadora despegue\VELOCITY\11 05 2026  13 02 h Resuming Supabase Infrastructure Sovereignty.md","H:\incubadora despegue\VELOCITY","62332","11/05/2026 13:03:02"
"H:\incubadora despegue\VELOCITY\11 05 2026  13 34 h Resuming Supabase Infrastructure Sovereignty_derived.md","H:\incubadora despegue\VELOCITY","78623","08/08/2026 19:43:59"
"H:\incubadora despegue\VELOCITY\11 05 2026  13 34 h Resuming Supabase Infrastructure Sovereignty.md","H:\incubadora despegue\VELOCITY","76636","11/05/2026 13:34:49"
"H:\incubadora despegue\VELOCITY\11 05 2026  13 42 h Resuming Supabase Infrastructure Sovereignty_derived.md","H:\incubadora despegue\VELOCITY","87701","08/08/2026 19:43:59"
"H:\incubadora despegue\VELOCITY\11 05 2026  13 42 h Resuming Supabase Infrastructure Sovereignty.md","H:\incubadora despegue\VELOCITY","85546","11/05/2026 13:42:55"
"H:\incubadora despegue\VELOCITY\11 05 2026  13 57 h Resuming Supabase Infrastructure Sovereignty_derived.md","H:\incubadora despegue\VELOCITY","112096","08/08/2026 19:43:59"
"H:\incubadora despegue\VELOCITY\11 05 2026  13 57 h Resuming Supabase Infrastructure Sovereignty.md","H:\incubadora despegue\VELOCITY","109497","11/05/2026 13:57:38"
"H:\incubadora despegue\VELOCITY\11 05 2026  14 31 h Resuming Supabase Infrastructure Sovereignty_derived.md","H:\incubadora despegue\VELOCITY","180184","08/08/2026 19:43:59"
"H:\incubadora despegue\VELOCITY\11 05 2026  14 31 h Resuming Supabase Infrastructure Sovereignty.md","H:\incubadora despegue\VELOCITY","176305","11/05/2026 14:31:56"
"H:\incubadora despegue\VELOCITY\11 05 2026  15 21 h Resuming Supabase Infrastructure Sovereignty_derived.md","H:\incubadora despegue\VELOCITY","216381","08/08/2026 19:43:59"
"H:\incubadora despegue\VELOCITY\11 05 2026  15 21 h Resuming Supabase Infrastructure Sovereignty.md","H:\incubadora despegue\VELOCITY","211831","11/05/2026 15:21:22"
"H:\incubadora despegue\VELOCITY\11 05 2026  17 21 h Resuming Supabase Infrastructure Sovereignty_derived.md","H:\incubadora despegue\VELOCITY","274445","08/08/2026 19:43:59"
"H:\incubadora despegue\VELOCITY\11 05 2026  17 21 h Resuming Supabase Infrastructure Sovereignty.md","H:\incubadora despegue\VELOCITY","268747","11/05/2026 17:29:12"
"H:\incubadora despegue\VELOCITY\11 05 2026  18 01 h Resuming Supabase Infrastructure Sovereignty_derived.md","H:\incubadora despegue\VELOCITY","294308","08/08/2026 19:43:59"
"H:\incubadora despegue\VELOCITY\11 05 2026  18 01 h Resuming Supabase Infrastructure Sovereignty.md","H:\incubadora despegue\VELOCITY","288200","11/05/2026 18:02:06"
"H:\incubadora despegue\VELOCITY\11 05 2026  18 18 h Resuming Supabase Infrastructure Sovereignty_derived.md","H:\incubadora despegue\VELOCITY","317901","08/08/2026 19:43:59"
"H:\incubadora despegue\VELOCITY\11 05 2026  18 18 h Resuming Supabase Infrastructure Sovereignty.md","H:\incubadora despegue\VELOCITY","311390","11/05/2026 18:19:04"
"H:\incubadora despegue\VELOCITY\11 05 2026  18 33 h Resuming Supabase Infrastructure Sovereignty_derived.md","H:\incubadora despegue\VELOCITY","329702","08/08/2026 19:43:59"
"H:\incubadora despegue\VELOCITY\11 05 2026  18 33 h Resuming Supabase Infrastructure Sovereignty.md","H:\incubadora despegue\VELOCITY","322968","11/05/2026 18:33:16"
"H:\incubadora despegue\VELOCITY\1773911383727 - 795_715C.md","H:\incubadora despegue\VELOCITY","4073","19/03/2026 10:09:43"
"H:\incubadora despegue\VELOCITY\1773911383727 - 795.md","H:\incubadora despegue\VELOCITY","4073","19/03/2026 10:09:43"
"H:\incubadora despegue\VELOCITY\1773911485788 - 434_8A23.md","H:\incubadora despegue\VELOCITY","5403","19/03/2026 10:11:25"
"H:\incubadora despegue\VELOCITY\1773911485788 - 434.md","H:\incubadora despegue\VELOCITY","5403","19/03/2026 10:11:25"
"H:\incubadora despegue\VELOCITY\1773912300550 - 339_FC60.md","H:\incubadora despegue\VELOCITY","10536","19/03/2026 10:25:00"
"H:\incubadora despegue\VELOCITY\1773912300550 - 339.md","H:\incubadora despegue\VELOCITY","10536","19/03/2026 10:25:00"
"H:\incubadora despegue\VELOCITY\1773912683590 - 45_1C79.md","H:\incubadora despegue\VELOCITY","22243","19/03/2026 10:31:23"
"H:\incubadora despegue\VELOCITY\1773912683590 - 45.md","H:\incubadora despegue\VELOCITY","22243","19/03/2026 10:31:23"
"H:\incubadora despegue\VELOCITY\close_715C.md","H:\incubadora despegue\VELOCITY","4073","14/03/2026 10:06:23"
"H:\incubadora despegue\VELOCITY\close.md","H:\incubadora despegue\VELOCITY","4073","14/03/2026 10:06:23"
"H:\incubadora despegue\VELOCITY\D_OS AZUL_1_EAR_00_CEREBRO_DIGITAL_10_MI_VOZ_01_CAOS_ORIGINAL_TEXTOS_CANDIDATOS_D_OS AZUL_0_INBOX_Documentos_CHANGELOG_96.md","H:\incubadora despegue\VELOCITY","9148","14/11/2025 15:41:05"
"H:\incubadora despegue\VELOCITY\D_OS AZUL_1_EAR_00_CEREBRO_DIGITAL_10_MI_VOZ_01_CAOS_ORIGINAL_TEXTOS_D_OS AZUL_0_INBOX_Documentos_bcel.md","H:\incubadora despegue\VELOCITY","11195","07/03/2023 15:22:16"
"H:\incubadora despegue\VELOCITY\D_OS AZUL_1_EAR_00_CEREBRO_DIGITAL_10_MI_VOZ_01_CAOS_ORIGINAL_TEXTOS_D_OS AZUL_0_INBOX_Documentos_CHANGELOG_112.md","H:\incubadora despegue\VELOCITY","8290","14/11/2025 15:41:05"
"H:\incubadora despegue\VELOCITY\D_OS AZUL_1_EAR_00_CEREBRO_DIGITAL_10_MI_VOZ_01_CAOS_ORIGINAL_TEXTOS_D_OS AZUL_0_INBOX_Documentos_INSTRUCCIONES_VERIFICACION_FIRESTORE_1.md","H:\incubadora despegue\VELOCITY","4601","14/11/2025 14:27:18"
"H:\incubadora despegue\VELOCITY\DNA_EAR_OS_MAESTRO_PROMPTS_PARTE_45_1016904925..md","H:\incubadora despegue\VELOCITY","7327731","05/05/2026 15:58:03"
"H:\incubadora despegue\VELOCITY\DNA_EAR_OS_MAESTRO_PROMPTS_PARTE_45_1244562932..md","H:\incubadora despegue\VELOCITY","7327731","05/05/2026 15:58:03"
"H:\incubadora despegue\VELOCITY\DNA_EAR_OS_MAESTRO_PROMPTS_PARTE_45_1321624681..md","H:\incubadora despegue\VELOCITY","7327731","05/05/2026 15:58:03"
"H:\incubadora despegue\VELOCITY\DNA_EAR_OS_MAESTRO_PROMPTS_PARTE_45_1697441107..md","H:\incubadora despegue\VELOCITY","7327731","05/05/2026 15:58:03"
"H:\incubadora despegue\VELOCITY\DNA_EAR_OS_MAESTRO_PROMPTS_PARTE_45_1827889284..md","H:\incubadora despegue\VELOCITY","7327731","05/05/2026 15:58:03"
"H:\incubadora despegue\VELOCITY\DNA_EAR_OS_MAESTRO_PROMPTS_PARTE_45_1883593431..md","H:\incubadora despegue\VELOCITY","7327731","05/05/2026 15:58:03"
"H:\incubadora despegue\VELOCITY\DNA_EAR_OS_MAESTRO_PROMPTS_PARTE_45_203016546..md","H:\incubadora despegue\VELOCITY","7327731","05/05/2026 15:58:03"
"H:\incubadora despegue\VELOCITY\DNA_EAR_OS_MAESTRO_PROMPTS_PARTE_45_227642511..md","H:\incubadora despegue\VELOCITY","7327731","05/05/2026 15:58:03"
"H:\incubadora despegue\VELOCITY\DNA_EAR_OS_MAESTRO_PROMPTS_PARTE_45_534218575..md","H:\incubadora despegue\VELOCITY","7327731","05/05/2026 15:58:03"
"H:\incubadora despegue\VELOCITY\DNA_EAR_OS_MAESTRO_PROMPTS_PARTE_45_634482584..md","H:\incubadora despegue\VELOCITY","7327731","05/05/2026 15:58:03"
"H:\incubadora despegue\VELOCITY\DNA_EAR_OS_MAESTRO_PROMPTS_PARTE_45_692560186..md","H:\incubadora despegue\VELOCITY","7327731","05/05/2026 15:58:03"
"H:\incubadora despegue\VELOCITY\DNA_EAR_OS_MAESTRO_PROMPTS_PARTE_45_920775417..md","H:\incubadora despegue\VELOCITY","7327731","05/05/2026 15:58:03"
"H:\incubadora despegue\VELOCITY\DNA_EAR_OS_MAESTRO_PROMPTS_PARTE_45.md","H:\incubadora despegue\VELOCITY","7327731","05/05/2026 15:58:03"
"H:\incubadora despegue\VELOCITY\Documentos_CHANGELOG_112_117f79a7.md","H:\incubadora despegue\VELOCITY","8290","14/11/2025 15:41:05"
"H:\incubadora despegue\VELOCITY\Documentos_CHANGELOG_96.md","H:\incubadora despegue\VELOCITY","9148","14/11/2025 15:41:05"
"H:\incubadora despegue\VELOCITY\Documentos_INSTRUCCIONES_VERIFICACION_FIRESTORE_1.md","H:\incubadora despegue\VELOCITY","4601","14/11/2025 14:27:18"
"H:\incubadora despegue\VELOCITY\Documentos_instrucciones-implementacion_b9875b26.md","H:\incubadora despegue\VELOCITY","6866","21/03/2025 20:46:15"
"H:\incubadora despegue\VELOCITY\Documentos_instrucciones-implementacion.md","H:\incubadora despegue\VELOCITY","6866","21/03/2025 20:46:15"
"H:\incubadora despegue\VELOCITY\Documentos_README_1175_d79fdd0c.md","H:\incubadora despegue\VELOCITY","5628","14/11/2025 15:29:54"
"H:\incubadora despegue\VELOCITY\Documentos_README_1175.md","H:\incubadora despegue\VELOCITY","5628","14/11/2025 15:29:54"
"H:\incubadora despegue\VELOCITY\Documentos_README_1185_b4c05f28.md","H:\incubadora despegue\VELOCITY","1716","14/11/2025 15:29:55"
"H:\incubadora despegue\VELOCITY\Documentos_README_1185.md","H:\incubadora despegue\VELOCITY","1716","14/11/2025 15:29:55"
"H:\incubadora despegue\VELOCITY\Documentos_README_1186_f17262c3.md","H:\incubadora despegue\VELOCITY","12458","14/11/2025 15:29:55"
"H:\incubadora despegue\VELOCITY\Documentos_README_1270_808a676b.md","H:\incubadora despegue\VELOCITY","6111","14/11/2025 15:29:55"
"H:\incubadora despegue\VELOCITY\Documentos_README_470.md","H:\incubadora despegue\VELOCITY","13585","14/11/2025 15:41:04"
"H:\incubadora despegue\VELOCITY\EAR_OS_MAESTRO_PROMPTS_PARTE_116.md","H:\incubadora despegue\VELOCITY","1568548","05/05/2026 15:58:36"
"H:\incubadora despegue\VELOCITY\EAR_OS_MAESTRO_PROMPTS_PARTE_25.md","H:\incubadora despegue\VELOCITY","3956475","05/05/2026 15:58:00"
"H:\incubadora despegue\VELOCITY\EAR_OS_MAESTRO_PROMPTS_PARTE_45.md","H:\incubadora despegue\VELOCITY","7327731","05/05/2026 15:58:03"
"H:\incubadora despegue\VELOCITY\frameworks_8A23.md","H:\incubadora despegue\VELOCITY","5403","14/03/2026 10:06:23"
"H:\incubadora despegue\VELOCITY\frameworks.md","H:\incubadora despegue\VELOCITY","5403","14/03/2026 10:06:23"
"H:\incubadora despegue\VELOCITY\MANIFIESTO_SUPREMO.md","H:\incubadora despegue\VELOCITY","101658","26/03/2026 0:24:12"
"H:\incubadora despegue\VELOCITY\platform-ranking-factors_FC60.md","H:\incubadora despegue\VELOCITY","10536","14/03/2026 10:06:23"
"H:\incubadora despegue\VELOCITY\platform-ranking-factors.md","H:\incubadora despegue\VELOCITY","10536","14/03/2026 10:06:23"
"H:\incubadora despegue\VELOCITY\playbooks_AC5A.md","H:\incubadora despegue\VELOCITY","8048","28/01/2026 9:06:49"
"H:\incubadora despegue\VELOCITY\playbooks.md","H:\incubadora despegue\VELOCITY","8048","28/01/2026 9:06:49"
"H:\incubadora despegue\VELOCITY\README_14C7.md","H:\incubadora despegue\VELOCITY","15404","27/11/2025 20:52:30"
"H:\incubadora despegue\VELOCITY\README_207_592D.md","H:\incubadora despegue\VELOCITY","17918","14/11/2025 15:41:04"
"H:\incubadora despegue\VELOCITY\README_207.md","H:\incubadora despegue\VELOCITY","17918","14/11/2025 15:41:04"
"H:\incubadora despegue\VELOCITY\README_209_B62A.md","H:\incubadora despegue\VELOCITY","4120","14/11/2025 15:41:04"
"H:\incubadora despegue\VELOCITY\README_209.md","H:\incubadora despegue\VELOCITY","4120","14/11/2025 15:41:04"
"H:\incubadora despegue\VELOCITY\README_500_5BEA.md","H:\incubadora despegue\VELOCITY","13158","14/11/2025 15:41:05"
"H:\incubadora despegue\VELOCITY\README_500_cfeda08a_5BEA.md","H:\incubadora despegue\VELOCITY","13158","14/11/2025 15:41:05"
"H:\incubadora despegue\VELOCITY\README_500_cfeda08a.md","H:\incubadora despegue\VELOCITY","13158","14/11/2025 15:41:05"
"H:\incubadora despegue\VELOCITY\README_500.md","H:\incubadora despegue\VELOCITY","13158","14/11/2025 15:41:05"
"H:\incubadora despegue\VELOCITY\README_505_19FF.md","H:\incubadora despegue\VELOCITY","2903","14/11/2025 15:41:05"
"H:\incubadora despegue\VELOCITY\README_505_92223b37_19FF.md","H:\incubadora despegue\VELOCITY","2903","14/11/2025 15:41:05"
"H:\incubadora despegue\VELOCITY\README_505_92223b37.md","H:\incubadora despegue\VELOCITY","2903","14/11/2025 15:41:05"
"H:\incubadora despegue\VELOCITY\README_505.md","H:\incubadora despegue\VELOCITY","2903","14/11/2025 15:41:05"
"H:\incubadora despegue\VELOCITY\REGISTRY_1C79.md","H:\incubadora despegue\VELOCITY","22243","14/03/2026 10:06:23"
"H:\incubadora despegue\VELOCITY\REGISTRY.md","H:\incubadora despegue\VELOCITY","22243","14/03/2026 10:06:23"
"H:\incubadora despegue\VELOCITY\SKILL_5FEE.md","H:\incubadora despegue\VELOCITY","15095","14/03/2026 10:06:23"
"H:\incubadora despegue\VELOCITY\SKILL.md","H:\incubadora despegue\VELOCITY","15095","14/03/2026 10:06:23"
