ID_COMPONENTE;MODULO;TIPO;NOMBRE_ARCHIVO_O_FUNCION;RUTA_FISICA;ROL_ASOCIADO;COMANDO_INVOCACION;ENTRADA_PARAMETROS;SALIDA_RESULTADO;DESCRIPCION_OPERATIVA_DETALLADA;CRITICIDAD
SCR-001;SCRIPTS_LOCALES;CLI_SCRIPT;.archived_manifest.json;scripts/.archived_manifest.json;ADMIN_TECNICO;;Argumentos CLI / Flags;Logs de consola / Archivos generados / Actas;Script auxiliar de mantenimiento, limpieza o pruebas forenses de la plataforma.;MEDIUM
SCR-002;SCRIPTS_LOCALES;CLI_SCRIPT;.processed_hashes.json;scripts/.processed_hashes.json;ADMIN_TECNICO;;Argumentos CLI / Flags;Logs de consola / Archivos generados / Actas;Script auxiliar de mantenimiento, limpieza o pruebas forenses de la plataforma.;MEDIUM
SCR-003;SCRIPTS_LOCALES;CLI_SCRIPT;01_ESCANER_FORENSE_ADN.py;scripts/01_ESCANER_FORENSE_ADN.py;ADMIN_TECNICO;python scripts/01_ESCANER_FORENSE_ADN.py;Argumentos CLI / Flags;Logs de consola / Archivos generados / Actas;Script auxiliar de mantenimiento, limpieza o pruebas forenses de la plataforma.;MEDIUM
SCR-004;SCRIPTS_LOCALES;CLI_SCRIPT;02_inventario_etiquetado_dinamico.ps1;scripts/02_inventario_etiquetado_dinamico.ps1;ADMIN_TECNICO;PowerShell -ExecutionPolicy Bypass -File .\scripts\02_inventario_etiquetado_dinamico.ps1;Argumentos CLI / Flags;Logs de consola / Archivos generados / Actas;Script auxiliar de mantenimiento, limpieza o pruebas forenses de la plataforma.;MEDIUM
SCR-005;SCRIPTS_LOCALES;CLI_SCRIPT;03_configurar_supabase_env_seguro.ps1;scripts/03_configurar_supabase_env_seguro.ps1;ARTISTA_DJ / ADMIN;PowerShell -ExecutionPolicy Bypass -File .\scripts\03_configurar_supabase_env_seguro.ps1;Argumentos CLI / Flags;Logs de consola / Archivos generados / Actas;Gestión visual y almacenamiento de datos fiscales de artistas y locales asociados.;HIGH
SCR-006;SCRIPTS_LOCALES;CLI_SCRIPT;04_verificar_supabase_env_seguro.ps1;scripts/04_verificar_supabase_env_seguro.ps1;ADMIN_TECNICO;PowerShell -ExecutionPolicy Bypass -File .\scripts\04_verificar_supabase_env_seguro.ps1;Argumentos CLI / Flags;Logs de consola / Archivos generados / Actas;Script auxiliar de mantenimiento, limpieza o pruebas forenses de la plataforma.;MEDIUM
SCR-007;SCRIPTS_LOCALES;CLI_SCRIPT;7179a7d0c0dbabf7c4a090c75a02a329_organizer.py;scripts/7179a7d0c0dbabf7c4a090c75a02a329_organizer.py;ADMIN_TECNICO;python scripts/7179a7d0c0dbabf7c4a090c75a02a329_organizer.py;Argumentos CLI / Flags;Logs de consola / Archivos generados / Actas;Script auxiliar de mantenimiento, limpieza o pruebas forenses de la plataforma.;MEDIUM
SCR-008;SCRIPTS_LOCALES;CLI_SCRIPT;8b48933ad7b2bfea44ce4a33cb2e648a_move_dups.py;scripts/8b48933ad7b2bfea44ce4a33cb2e648a_move_dups.py;ADMIN_TECNICO;python scripts/8b48933ad7b2bfea44ce4a33cb2e648a_move_dups.py;Argumentos CLI / Flags;Logs de consola / Archivos generados / Actas;Script auxiliar de mantenimiento, limpieza o pruebas forenses de la plataforma.;MEDIUM
SCR-009;SCRIPTS_LOCALES;CLI_SCRIPT;99831ff239497eeb6cb3b0fa6b4327c1_database.py;scripts/99831ff239497eeb6cb3b0fa6b4327c1_database.py;ADMIN_TECNICO;python scripts/99831ff239497eeb6cb3b0fa6b4327c1_database.py;Argumentos CLI / Flags;Logs de consola / Archivos generados / Actas;Script auxiliar de mantenimiento, limpieza o pruebas forenses de la plataforma.;MEDIUM
SCR-010;SCRIPTS_LOCALES;CLI_SCRIPT;Buscador avanzado.py;scripts/Buscador avanzado.py;ADMIN_TECNICO;python scripts/Buscador avanzado.py;Argumentos CLI / Flags;Logs de consola / Archivos generados / Actas;Script auxiliar de mantenimiento, limpieza o pruebas forenses de la plataforma.;MEDIUM
SCR-011;SCRIPTS_LOCALES;CLI_SCRIPT;CLI windows.py;scripts/CLI windows.py;ADMIN_TECNICO;python scripts/CLI windows.py;Argumentos CLI / Flags;Logs de consola / Archivos generados / Actas;Script auxiliar de mantenimiento, limpieza o pruebas forenses de la plataforma.;MEDIUM
SCR-012;SCRIPTS_LOCALES;CLI_SCRIPT;ClasificadorForense.py;scripts/ClasificadorForense.py;ADMIN_TECNICO;python scripts/ClasificadorForense.py;Argumentos CLI / Flags;Logs de consola / Archivos generados / Actas;Script auxiliar de mantenimiento, limpieza o pruebas forenses de la plataforma.;MEDIUM
SCR-013;SCRIPTS_LOCALES;CLI_SCRIPT;EAR_OS_SOVEREIGN_VAMPIRE.py;scripts/EAR_OS_SOVEREIGN_VAMPIRE.py;ADMIN_TECNICO;python scripts/EAR_OS_SOVEREIGN_VAMPIRE.py;Argumentos CLI / Flags;Logs de consola / Archivos generados / Actas;Script auxiliar de mantenimiento, limpieza o pruebas forenses de la plataforma.;MEDIUM
SCR-014;SCRIPTS_LOCALES;CLI_SCRIPT;IGNICION_EAR.PS1;scripts/IGNICION_EAR.PS1;ADMIN_TECNICO;;Argumentos CLI / Flags;Logs de consola / Archivos generados / Actas;Script auxiliar de mantenimiento, limpieza o pruebas forenses de la plataforma.;MEDIUM
SCR-015;SCRIPTS_LOCALES;CLI_SCRIPT;Iniciar_obsidian_earos.ps1;scripts/Iniciar_obsidian_earos.ps1;ADMIN_TECNICO;PowerShell -ExecutionPolicy Bypass -File .\scripts\Iniciar_obsidian_earos.ps1;Argumentos CLI / Flags;Logs de consola / Archivos generados / Actas;Script auxiliar de mantenimiento, limpieza o pruebas forenses de la plataforma.;MEDIUM
SCR-016;SCRIPTS_LOCALES;CLI_SCRIPT;Vimume_Deep_Scanner.py;scripts/Vimume_Deep_Scanner.py;ADMIN_TECNICO;python scripts/Vimume_Deep_Scanner.py;Argumentos CLI / Flags;Logs de consola / Archivos generados / Actas;Script auxiliar de mantenimiento, limpieza o pruebas forenses de la plataforma.;MEDIUM
SCR-017;SCRIPTS_LOCALES;CLI_SCRIPT;Whisper_Wisdom_Injection.py;scripts/Whisper_Wisdom_Injection.py;ADMIN_TECNICO;python scripts/Whisper_Wisdom_Injection.py;Argumentos CLI / Flags;Logs de consola / Archivos generados / Actas;Script auxiliar de mantenimiento, limpieza o pruebas forenses de la plataforma.;MEDIUM
SCR-018;SCRIPTS_LOCALES;CLI_SCRIPT;adn_forensic_scanner.py;scripts/adn_forensic_scanner.py;ADMIN_TECNICO;python scripts/adn_forensic_scanner.py;Argumentos CLI / Flags;Logs de consola / Archivos generados / Actas;Script auxiliar de mantenimiento, limpieza o pruebas forenses de la plataforma.;MEDIUM
SCR-019;SCRIPTS_LOCALES;CLI_SCRIPT;adn_forensic_scanner_pro.py;scripts/adn_forensic_scanner_pro.py;ADMIN_TECNICO;python scripts/adn_forensic_scanner_pro.py;Argumentos CLI / Flags;Logs de consola / Archivos generados / Actas;Script auxiliar de mantenimiento, limpieza o pruebas forenses de la plataforma.;MEDIUM
SCR-020;SCRIPTS_LOCALES;CLI_SCRIPT;antigravity_chats_mined_report.json;scripts/antigravity_chats_mined_report.json;ADMIN_TECNICO;;Argumentos CLI / Flags;Logs de consola / Archivos generados / Actas;Script auxiliar de mantenimiento, limpieza o pruebas forenses de la plataforma.;MEDIUM
SCR-021;SCRIPTS_LOCALES;CLI_SCRIPT;archive_old_vampires.py;scripts/archive_old_vampires.py;ADMIN_TECNICO;python scripts/archive_old_vampires.py;Argumentos CLI / Flags;Logs de consola / Archivos generados / Actas;Script auxiliar de mantenimiento, limpieza o pruebas forenses de la plataforma.;MEDIUM
SCR-022;SCRIPTS_LOCALES;CLI_SCRIPT;audit_auth_assets.py;scripts/audit_auth_assets.py;ADMIN_TECNICO;python scripts/audit_auth_assets.py;Argumentos CLI / Flags;Logs de consola / Archivos generados / Actas;Script auxiliar de mantenimiento, limpieza o pruebas forenses de la plataforma.;MEDIUM
SCR-023;SCRIPTS_LOCALES;CLI_SCRIPT;audit_dependencies_before_purify.py;scripts/audit_dependencies_before_purify.py;ADMIN_TECNICO;python scripts/audit_dependencies_before_purify.py;Argumentos CLI / Flags;Logs de consola / Archivos generados / Actas;Script auxiliar de mantenimiento, limpieza o pruebas forenses de la plataforma.;MEDIUM
SCR-024;SCRIPTS_LOCALES;CLI_SCRIPT;audit_ear_os_tree.py;scripts/audit_ear_os_tree.py;ADMIN_TECNICO;python scripts/audit_ear_os_tree.py;Argumentos CLI / Flags;Logs de consola / Archivos generados / Actas;Script auxiliar de mantenimiento, limpieza o pruebas forenses de la plataforma.;MEDIUM
SCR-025;SCRIPTS_LOCALES;CLI_SCRIPT;audit_latent_capabilities.js;scripts/audit_latent_capabilities.js;ADMIN_TECNICO;node scripts/audit_latent_capabilities.js;Argumentos CLI / Flags;Logs de consola / Archivos generados / Actas;Script auxiliar de mantenimiento, limpieza o pruebas forenses de la plataforma.;MEDIUM
SCR-026;SCRIPTS_LOCALES;CLI_SCRIPT;audit_links.mjs;scripts/audit_links.mjs;ADMIN_TECNICO;;Argumentos CLI / Flags;Logs de consola / Archivos generados / Actas;Script auxiliar de mantenimiento, limpieza o pruebas forenses de la plataforma.;MEDIUM
SCR-027;SCRIPTS_LOCALES;CLI_SCRIPT;audit_live_cinematic_tunnel.js;scripts/audit_live_cinematic_tunnel.js;ADMIN_TECNICO;node scripts/audit_live_cinematic_tunnel.js;Argumentos CLI / Flags;Logs de consola / Archivos generados / Actas;Script auxiliar de mantenimiento, limpieza o pruebas forenses de la plataforma.;MEDIUM
SCR-028;SCRIPTS_LOCALES;CLI_SCRIPT;audit_live_cinematic_tunnel_deep.js;scripts/audit_live_cinematic_tunnel_deep.js;ADMIN_TECNICO;node scripts/audit_live_cinematic_tunnel_deep.js;Argumentos CLI / Flags;Logs de consola / Archivos generados / Actas;Script auxiliar de mantenimiento, limpieza o pruebas forenses de la plataforma.;MEDIUM
SCR-029;SCRIPTS_LOCALES;CLI_SCRIPT;audit_routes_and_sitemap.js;scripts/audit_routes_and_sitemap.js;ADMIN_TECNICO;node scripts/audit_routes_and_sitemap.js;Argumentos CLI / Flags;Logs de consola / Archivos generados / Actas;Script auxiliar de mantenimiento, limpieza o pruebas forenses de la plataforma.;MEDIUM
SCR-030;SCRIPTS_LOCALES;CLI_SCRIPT;audit_unresolved_ideas.js;scripts/audit_unresolved_ideas.js;ADMIN_TECNICO;node scripts/audit_unresolved_ideas.js;Argumentos CLI / Flags;Logs de consola / Archivos generados / Actas;Script auxiliar de mantenimiento, limpieza o pruebas forenses de la plataforma.;MEDIUM
SCR-031;SCRIPTS_LOCALES;CLI_SCRIPT;audit_vampires.py;scripts/audit_vampires.py;ADMIN_TECNICO;python scripts/audit_vampires.py;Argumentos CLI / Flags;Logs de consola / Archivos generados / Actas;Script auxiliar de mantenimiento, limpieza o pruebas forenses de la plataforma.;MEDIUM
SCR-032;SCRIPTS_LOCALES;CLI_SCRIPT;auditoria_mapear.py;scripts/auditoria_mapear.py;ADMIN_TECNICO;python scripts/auditoria_mapear.py;Argumentos CLI / Flags;Logs de consola / Archivos generados / Actas;Script auxiliar de mantenimiento, limpieza o pruebas forenses de la plataforma.;MEDIUM
SCR-033;SCRIPTS_LOCALES;CLI_SCRIPT;auditoria_mapear_fast.py;scripts/auditoria_mapear_fast.py;ADMIN_TECNICO;python scripts/auditoria_mapear_fast.py;Argumentos CLI / Flags;Logs de consola / Archivos generados / Actas;Script auxiliar de mantenimiento, limpieza o pruebas forenses de la plataforma.;MEDIUM
SCR-034;SCRIPTS_LOCALES;CLI_SCRIPT;b2g_hunter_telegram.ts;scripts/b2g_hunter_telegram.ts;ADMIN_TECNICO;npx ts-node scripts/b2g_hunter_telegram.ts;Argumentos CLI / Flags;Logs de consola / Archivos generados / Actas;Script auxiliar de mantenimiento, limpieza o pruebas forenses de la plataforma.;MEDIUM
SCR-035;SCRIPTS_LOCALES;CLI_SCRIPT;b2g_placsp_bidder.py;scripts/b2g_placsp_bidder.py;ADMIN_TECNICO;python scripts/b2g_placsp_bidder.py;Argumentos CLI / Flags;Logs de consola / Archivos generados / Actas;Script auxiliar de mantenimiento, limpieza o pruebas forenses de la plataforma.;MEDIUM
SCR-036;SCRIPTS_LOCALES;CLI_SCRIPT;batch_google_indexer.ts;scripts/batch_google_indexer.ts;ADMIN_TECNICO;npx ts-node scripts/batch_google_indexer.ts;Argumentos CLI / Flags;Logs de consola / Archivos generados / Actas;Script auxiliar de mantenimiento, limpieza o pruebas forenses de la plataforma.;MEDIUM
SCR-037;SCRIPTS_LOCALES;CLI_SCRIPT;batch_recycle_vault.py;scripts/batch_recycle_vault.py;ADMIN_TECNICO;python scripts/batch_recycle_vault.py;Argumentos CLI / Flags;Logs de consola / Archivos generados / Actas;Script auxiliar de mantenimiento, limpieza o pruebas forenses de la plataforma.;MEDIUM
SCR-038;SCRIPTS_LOCALES;CLI_SCRIPT;big_data_purist_archivist.js;scripts/big_data_purist_archivist.js;SISTEMA_ZTM / CEO;node scripts/big_data_purist_archivist.js;Argumentos CLI / Flags;Logs de consola / Archivos generados / Actas;Motor de archivo físico, delta-indexing SHA-256 y vaciado de discos a la bóveda inmutable.;CRITICAL
SCR-039;SCRIPTS_LOCALES;CLI_SCRIPT;build_catedra_map.js;scripts/build_catedra_map.js;ADMIN_TECNICO;node scripts/build_catedra_map.js;Argumentos CLI / Flags;Logs de consola / Archivos generados / Actas;Script auxiliar de mantenimiento, limpieza o pruebas forenses de la plataforma.;MEDIUM
SCR-040;SCRIPTS_LOCALES;CLI_SCRIPT;build_exhaustive_owner_manual.py;scripts/build_exhaustive_owner_manual.py;ADMIN_TECNICO;python scripts/build_exhaustive_owner_manual.py;Argumentos CLI / Flags;Logs de consola / Archivos generados / Actas;Script auxiliar de mantenimiento, limpieza o pruebas forenses de la plataforma.;MEDIUM
SCR-041;SCRIPTS_LOCALES;CLI_SCRIPT;build_page.py;scripts/build_page.py;ADMIN_TECNICO;python scripts/build_page.py;Argumentos CLI / Flags;Logs de consola / Archivos generados / Actas;Script auxiliar de mantenimiento, limpieza o pruebas forenses de la plataforma.;MEDIUM
SCR-042;SCRIPTS_LOCALES;CLI_SCRIPT;build_servicios_page.py;scripts/build_servicios_page.py;ADMIN_TECNICO;python scripts/build_servicios_page.py;Argumentos CLI / Flags;Logs de consola / Archivos generados / Actas;Script auxiliar de mantenimiento, limpieza o pruebas forenses de la plataforma.;MEDIUM
SCR-043;SCRIPTS_LOCALES;CLI_SCRIPT;bypass_slug_tsc.py;scripts/bypass_slug_tsc.py;ADMIN_TECNICO;python scripts/bypass_slug_tsc.py;Argumentos CLI / Flags;Logs de consola / Archivos generados / Actas;Script auxiliar de mantenimiento, limpieza o pruebas forenses de la plataforma.;MEDIUM
SCR-044;SCRIPTS_LOCALES;CLI_SCRIPT;cazador_fantasma.js;scripts/cazador_fantasma.js;ADMIN_TECNICO;node scripts/cazador_fantasma.js;Argumentos CLI / Flags;Logs de consola / Archivos generados / Actas;Script auxiliar de mantenimiento, limpieza o pruebas forenses de la plataforma.;MEDIUM
SCR-045;SCRIPTS_LOCALES;CLI_SCRIPT;cazador_fantasma.ts;scripts/cazador_fantasma.ts;ADMIN_TECNICO;npx ts-node scripts/cazador_fantasma.ts;Argumentos CLI / Flags;Logs de consola / Archivos generados / Actas;Script auxiliar de mantenimiento, limpieza o pruebas forenses de la plataforma.;MEDIUM
SCR-046;SCRIPTS_LOCALES;CLI_SCRIPT;check-logs.bat;scripts/check-logs.bat;ADMIN_TECNICO;;Argumentos CLI / Flags;Logs de consola / Archivos generados / Actas;Script auxiliar de mantenimiento, limpieza o pruebas forenses de la plataforma.;MEDIUM
SCR-047;SCRIPTS_LOCALES;CLI_SCRIPT;classify_displaced_vsts.py;scripts/classify_displaced_vsts.py;ADMIN_TECNICO;python scripts/classify_displaced_vsts.py;Argumentos CLI / Flags;Logs de consola / Archivos generados / Actas;Script auxiliar de mantenimiento, limpieza o pruebas forenses de la plataforma.;MEDIUM
SCR-048;SCRIPTS_LOCALES;CLI_SCRIPT;clean_and_refine_manifest.js;scripts/clean_and_refine_manifest.js;ADMIN_TECNICO;node scripts/clean_and_refine_manifest.js;Argumentos CLI / Flags;Logs de consola / Archivos generados / Actas;Script auxiliar de mantenimiento, limpieza o pruebas forenses de la plataforma.;MEDIUM
SCR-049;SCRIPTS_LOCALES;CLI_SCRIPT;clean_watermarks.ts;scripts/clean_watermarks.ts;ADMIN_TECNICO;npx ts-node scripts/clean_watermarks.ts;Argumentos CLI / Flags;Logs de consola / Archivos generados / Actas;Script auxiliar de mantenimiento, limpieza o pruebas forenses de la plataforma.;MEDIUM
SCR-050;SCRIPTS_LOCALES;CLI_SCRIPT;compile_astra_rag_database.py;scripts/compile_astra_rag_database.py;SISTEMA_ZTM / CEO;python scripts/compile_astra_rag_database.py;Argumentos CLI / Flags;Logs de consola / Archivos generados / Actas;Motor de archivo físico, delta-indexing SHA-256 y vaciado de discos a la bóveda inmutable.;CRITICAL
SCR-051;SCRIPTS_LOCALES;CLI_SCRIPT;config_server.js;scripts/config_server.js;ARTISTA_DJ / ADMIN;node scripts/config_server.js;Argumentos CLI / Flags;Logs de consola / Archivos generados / Actas;Gestión visual y almacenamiento de datos fiscales de artistas y locales asociados.;HIGH
SCR-052;SCRIPTS_LOCALES;CLI_SCRIPT;consolidate_military_env.py;scripts/consolidate_military_env.py;ADMIN_TECNICO;python scripts/consolidate_military_env.py;Argumentos CLI / Flags;Logs de consola / Archivos generados / Actas;Script auxiliar de mantenimiento, limpieza o pruebas forenses de la plataforma.;MEDIUM
SCR-053;SCRIPTS_LOCALES;CLI_SCRIPT;credentials.json;scripts/credentials.json;ADMIN_TECNICO;;Argumentos CLI / Flags;Logs de consola / Archivos generados / Actas;Script auxiliar de mantenimiento, limpieza o pruebas forenses de la plataforma.;MEDIUM
SCR-054;SCRIPTS_LOCALES;CLI_SCRIPT;deep_audit_all_urls.js;scripts/deep_audit_all_urls.js;ADMIN_TECNICO;node scripts/deep_audit_all_urls.js;Argumentos CLI / Flags;Logs de consola / Archivos generados / Actas;Script auxiliar de mantenimiento, limpieza o pruebas forenses de la plataforma.;MEDIUM
SCR-055;SCRIPTS_LOCALES;CLI_SCRIPT;deep_clean_providers.py;scripts/deep_clean_providers.py;ADMIN_TECNICO;python scripts/deep_clean_providers.py;Argumentos CLI / Flags;Logs de consola / Archivos generados / Actas;Script auxiliar de mantenimiento, limpieza o pruebas forenses de la plataforma.;MEDIUM
SCR-056;SCRIPTS_LOCALES;CLI_SCRIPT;deep_discovery_report.json;scripts/deep_discovery_report.json;ADMIN_TECNICO;;Argumentos CLI / Flags;Logs de consola / Archivos generados / Actas;Script auxiliar de mantenimiento, limpieza o pruebas forenses de la plataforma.;MEDIUM
SCR-057;SCRIPTS_LOCALES;CLI_SCRIPT;deep_pc_discovery.js;scripts/deep_pc_discovery.js;ADMIN_TECNICO;node scripts/deep_pc_discovery.js;Argumentos CLI / Flags;Logs de consola / Archivos generados / Actas;Script auxiliar de mantenimiento, limpieza o pruebas forenses de la plataforma.;MEDIUM
SCR-058;SCRIPTS_LOCALES;CLI_SCRIPT;deploy_fincas_landing.js;scripts/deploy_fincas_landing.js;ADMIN_TECNICO;node scripts/deploy_fincas_landing.js;Argumentos CLI / Flags;Logs de consola / Archivos generados / Actas;Script auxiliar de mantenimiento, limpieza o pruebas forenses de la plataforma.;MEDIUM
SCR-059;SCRIPTS_LOCALES;CLI_SCRIPT;deploy_fincas_national_catalog.js;scripts/deploy_fincas_national_catalog.js;ADMIN_TECNICO;node scripts/deploy_fincas_national_catalog.js;Argumentos CLI / Flags;Logs de consola / Archivos generados / Actas;Script auxiliar de mantenimiento, limpieza o pruebas forenses de la plataforma.;MEDIUM
SCR-060;SCRIPTS_LOCALES;CLI_SCRIPT;deploy_stateless_2fa_system.py;scripts/deploy_stateless_2fa_system.py;ADMIN_TECNICO;python scripts/deploy_stateless_2fa_system.py;Argumentos CLI / Flags;Logs de consola / Archivos generados / Actas;Script auxiliar de mantenimiento, limpieza o pruebas forenses de la plataforma.;MEDIUM
SCR-061;SCRIPTS_LOCALES;CLI_SCRIPT;deploy_strict_zero_trust_full.py;scripts/deploy_strict_zero_trust_full.py;ADMIN_TECNICO;python scripts/deploy_strict_zero_trust_full.py;Argumentos CLI / Flags;Logs de consola / Archivos generados / Actas;Script auxiliar de mantenimiento, limpieza o pruebas forenses de la plataforma.;MEDIUM
SCR-062;SCRIPTS_LOCALES;CLI_SCRIPT;diagnose_html_mismatch.py;scripts/diagnose_html_mismatch.py;ADMIN_TECNICO;python scripts/diagnose_html_mismatch.py;Argumentos CLI / Flags;Logs de consola / Archivos generados / Actas;Script auxiliar de mantenimiento, limpieza o pruebas forenses de la plataforma.;MEDIUM
SCR-063;SCRIPTS_LOCALES;CLI_SCRIPT;ear_session_watcher.js;scripts/ear_session_watcher.js;ARTISTA_DJ / VENUE;node scripts/ear_session_watcher.js;Argumentos CLI / Flags;Logs de consola / Archivos generados / Actas;Herramienta de cabina, captura de logs de sesión, extracción M3U/CSV y generación de actas SHA-256.;CRITICAL
SCR-064;SCRIPTS_LOCALES;CLI_SCRIPT;eml_parser.py;scripts/eml_parser.py;ADMIN_TECNICO;python scripts/eml_parser.py;Argumentos CLI / Flags;Logs de consola / Archivos generados / Actas;Script auxiliar de mantenimiento, limpieza o pruebas forenses de la plataforma.;MEDIUM
SCR-065;SCRIPTS_LOCALES;CLI_SCRIPT;enable_strict_security.py;scripts/enable_strict_security.py;ADMIN_TECNICO;python scripts/enable_strict_security.py;Argumentos CLI / Flags;Logs de consola / Archivos generados / Actas;Script auxiliar de mantenimiento, limpieza o pruebas forenses de la plataforma.;MEDIUM
SCR-066;SCRIPTS_LOCALES;CLI_SCRIPT;enrich-lighting-images.js;scripts/enrich-lighting-images.js;ADMIN_TECNICO;node scripts/enrich-lighting-images.js;Argumentos CLI / Flags;Logs de consola / Archivos generados / Actas;Script auxiliar de mantenimiento, limpieza o pruebas forenses de la plataforma.;MEDIUM
SCR-067;SCRIPTS_LOCALES;CLI_SCRIPT;export_conversation_to_md.py;scripts/export_conversation_to_md.py;ADMIN_TECNICO;python scripts/export_conversation_to_md.py;Argumentos CLI / Flags;Logs de consola / Archivos generados / Actas;Script auxiliar de mantenimiento, limpieza o pruebas forenses de la plataforma.;MEDIUM
SCR-068;SCRIPTS_LOCALES;CLI_SCRIPT;export_neural_knowledge_base.ts;scripts/export_neural_knowledge_base.ts;ADMIN_TECNICO;npx ts-node scripts/export_neural_knowledge_base.ts;Argumentos CLI / Flags;Logs de consola / Archivos generados / Actas;Script auxiliar de mantenimiento, limpieza o pruebas forenses de la plataforma.;MEDIUM
SCR-069;SCRIPTS_LOCALES;CLI_SCRIPT;extract_100_percent_photos.py;scripts/extract_100_percent_photos.py;ADMIN_TECNICO;python scripts/extract_100_percent_photos.py;Argumentos CLI / Flags;Logs de consola / Archivos generados / Actas;Script auxiliar de mantenimiento, limpieza o pruebas forenses de la plataforma.;MEDIUM
SCR-070;SCRIPTS_LOCALES;CLI_SCRIPT;extract_atomic_from_json_vaults.py;scripts/extract_atomic_from_json_vaults.py;ADMIN_TECNICO;python scripts/extract_atomic_from_json_vaults.py;Argumentos CLI / Flags;Logs de consola / Archivos generados / Actas;Script auxiliar de mantenimiento, limpieza o pruebas forenses de la plataforma.;MEDIUM
SCR-071;SCRIPTS_LOCALES;CLI_SCRIPT;extract_atomic_html.py;scripts/extract_atomic_html.py;ADMIN_TECNICO;python scripts/extract_atomic_html.py;Argumentos CLI / Flags;Logs de consola / Archivos generados / Actas;Script auxiliar de mantenimiento, limpieza o pruebas forenses de la plataforma.;MEDIUM
SCR-072;SCRIPTS_LOCALES;CLI_SCRIPT;extract_atomic_html_v2.py;scripts/extract_atomic_html_v2.py;ADMIN_TECNICO;python scripts/extract_atomic_html_v2.py;Argumentos CLI / Flags;Logs de consola / Archivos generados / Actas;Script auxiliar de mantenimiento, limpieza o pruebas forenses de la plataforma.;MEDIUM
SCR-073;SCRIPTS_LOCALES;CLI_SCRIPT;extract_demetrio_pages.py;scripts/extract_demetrio_pages.py;ADMIN_TECNICO;python scripts/extract_demetrio_pages.py;Argumentos CLI / Flags;Logs de consola / Archivos generados / Actas;Script auxiliar de mantenimiento, limpieza o pruebas forenses de la plataforma.;MEDIUM
SCR-074;SCRIPTS_LOCALES;CLI_SCRIPT;extract_giants_comparison.py;scripts/extract_giants_comparison.py;ADMIN_TECNICO;python scripts/extract_giants_comparison.py;Argumentos CLI / Flags;Logs de consola / Archivos generados / Actas;Script auxiliar de mantenimiento, limpieza o pruebas forenses de la plataforma.;MEDIUM
SCR-075;SCRIPTS_LOCALES;CLI_SCRIPT;fetch_trello_lists.ts;scripts/fetch_trello_lists.ts;ADMIN_TECNICO;npx ts-node scripts/fetch_trello_lists.ts;Argumentos CLI / Flags;Logs de consola / Archivos generados / Actas;Script auxiliar de mantenimiento, limpieza o pruebas forenses de la plataforma.;MEDIUM
SCR-076;SCRIPTS_LOCALES;CLI_SCRIPT;filter_category_catalog.py;scripts/filter_category_catalog.py;ADMIN_TECNICO;python scripts/filter_category_catalog.py;Argumentos CLI / Flags;Logs de consola / Archivos generados / Actas;Script auxiliar de mantenimiento, limpieza o pruebas forenses de la plataforma.;MEDIUM
SCR-077;SCRIPTS_LOCALES;CLI_SCRIPT;find_10_giants.py;scripts/find_10_giants.py;ADMIN_TECNICO;python scripts/find_10_giants.py;Argumentos CLI / Flags;Logs de consola / Archivos generados / Actas;Script auxiliar de mantenimiento, limpieza o pruebas forenses de la plataforma.;MEDIUM
SCR-078;SCRIPTS_LOCALES;CLI_SCRIPT;find_and_transcribe_missing_media.js;scripts/find_and_transcribe_missing_media.js;ADMIN_TECNICO;node scripts/find_and_transcribe_missing_media.js;Argumentos CLI / Flags;Logs de consola / Archivos generados / Actas;Script auxiliar de mantenimiento, limpieza o pruebas forenses de la plataforma.;MEDIUM
SCR-079;SCRIPTS_LOCALES;CLI_SCRIPT;find_displaced_vsts.py;scripts/find_displaced_vsts.py;ADMIN_TECNICO;python scripts/find_displaced_vsts.py;Argumentos CLI / Flags;Logs de consola / Archivos generados / Actas;Script auxiliar de mantenimiento, limpieza o pruebas forenses de la plataforma.;MEDIUM
SCR-080;SCRIPTS_LOCALES;CLI_SCRIPT;fitur_swarm_simulator.ts;scripts/fitur_swarm_simulator.ts;ADMIN_TECNICO;npx ts-node scripts/fitur_swarm_simulator.ts;Argumentos CLI / Flags;Logs de consola / Archivos generados / Actas;Script auxiliar de mantenimiento, limpieza o pruebas forenses de la plataforma.;MEDIUM
SCR-081;SCRIPTS_LOCALES;CLI_SCRIPT;fix_artist_slug_types.py;scripts/fix_artist_slug_types.py;ADMIN_TECNICO;python scripts/fix_artist_slug_types.py;Argumentos CLI / Flags;Logs de consola / Archivos generados / Actas;Script auxiliar de mantenimiento, limpieza o pruebas forenses de la plataforma.;MEDIUM
SCR-082;SCRIPTS_LOCALES;CLI_SCRIPT;fix_async_params.py;scripts/fix_async_params.py;ADMIN_TECNICO;python scripts/fix_async_params.py;Argumentos CLI / Flags;Logs de consola / Archivos generados / Actas;Script auxiliar de mantenimiento, limpieza o pruebas forenses de la plataforma.;MEDIUM
SCR-083;SCRIPTS_LOCALES;CLI_SCRIPT;fix_auth_group_path.py;scripts/fix_auth_group_path.py;ADMIN_TECNICO;python scripts/fix_auth_group_path.py;Argumentos CLI / Flags;Logs de consola / Archivos generados / Actas;Script auxiliar de mantenimiento, limpieza o pruebas forenses de la plataforma.;MEDIUM
SCR-084;SCRIPTS_LOCALES;CLI_SCRIPT;fix_base32_key.py;scripts/fix_base32_key.py;ADMIN_TECNICO;python scripts/fix_base32_key.py;Argumentos CLI / Flags;Logs de consola / Archivos generados / Actas;Script auxiliar de mantenimiento, limpieza o pruebas forenses de la plataforma.;MEDIUM
SCR-085;SCRIPTS_LOCALES;CLI_SCRIPT;fix_bespoke_syntax.py;scripts/fix_bespoke_syntax.py;ADMIN_TECNICO;python scripts/fix_bespoke_syntax.py;Argumentos CLI / Flags;Logs de consola / Archivos generados / Actas;Script auxiliar de mantenimiento, limpieza o pruebas forenses de la plataforma.;MEDIUM
SCR-086;SCRIPTS_LOCALES;CLI_SCRIPT;fix_cdn_urls_preserve.py;scripts/fix_cdn_urls_preserve.py;ADMIN_TECNICO;python scripts/fix_cdn_urls_preserve.py;Argumentos CLI / Flags;Logs de consola / Archivos generados / Actas;Script auxiliar de mantenimiento, limpieza o pruebas forenses de la plataforma.;MEDIUM
SCR-087;SCRIPTS_LOCALES;CLI_SCRIPT;fix_clean_types.py;scripts/fix_clean_types.py;ADMIN_TECNICO;python scripts/fix_clean_types.py;Argumentos CLI / Flags;Logs de consola / Archivos generados / Actas;Script auxiliar de mantenimiento, limpieza o pruebas forenses de la plataforma.;MEDIUM
SCR-088;SCRIPTS_LOCALES;CLI_SCRIPT;fix_cursor_and_clicks.py;scripts/fix_cursor_and_clicks.py;ADMIN_TECNICO;python scripts/fix_cursor_and_clicks.py;Argumentos CLI / Flags;Logs de consola / Archivos generados / Actas;Script auxiliar de mantenimiento, limpieza o pruebas forenses de la plataforma.;MEDIUM
SCR-089;SCRIPTS_LOCALES;CLI_SCRIPT;fix_dynamic_routes.py;scripts/fix_dynamic_routes.py;ADMIN_TECNICO;python scripts/fix_dynamic_routes.py;Argumentos CLI / Flags;Logs de consola / Archivos generados / Actas;Script auxiliar de mantenimiento, limpieza o pruebas forenses de la plataforma.;MEDIUM
SCR-090;SCRIPTS_LOCALES;CLI_SCRIPT;fix_global_types.py;scripts/fix_global_types.py;ADMIN_TECNICO;python scripts/fix_global_types.py;Argumentos CLI / Flags;Logs de consola / Archivos generados / Actas;Script auxiliar de mantenimiento, limpieza o pruebas forenses de la plataforma.;MEDIUM
SCR-091;SCRIPTS_LOCALES;CLI_SCRIPT;fix_hydration_error.py;scripts/fix_hydration_error.py;ADMIN_TECNICO;python scripts/fix_hydration_error.py;Argumentos CLI / Flags;Logs de consola / Archivos generados / Actas;Script auxiliar de mantenimiento, limpieza o pruebas forenses de la plataforma.;MEDIUM
SCR-092;SCRIPTS_LOCALES;CLI_SCRIPT;fix_json_syntax.py;scripts/fix_json_syntax.py;ADMIN_TECNICO;python scripts/fix_json_syntax.py;Argumentos CLI / Flags;Logs de consola / Archivos generados / Actas;Script auxiliar de mantenimiento, limpieza o pruebas forenses de la plataforma.;MEDIUM
SCR-093;SCRIPTS_LOCALES;CLI_SCRIPT;fix_last_error.py;scripts/fix_last_error.py;ADMIN_TECNICO;python scripts/fix_last_error.py;Argumentos CLI / Flags;Logs de consola / Archivos generados / Actas;Script auxiliar de mantenimiento, limpieza o pruebas forenses de la plataforma.;MEDIUM
SCR-094;SCRIPTS_LOCALES;CLI_SCRIPT;fix_logout_and_cache.py;scripts/fix_logout_and_cache.py;ADMIN_TECNICO;python scripts/fix_logout_and_cache.py;Argumentos CLI / Flags;Logs de consola / Archivos generados / Actas;Script auxiliar de mantenimiento, limpieza o pruebas forenses de la plataforma.;MEDIUM
SCR-095;SCRIPTS_LOCALES;CLI_SCRIPT;fix_nextauth_secret.py;scripts/fix_nextauth_secret.py;ADMIN_TECNICO;python scripts/fix_nextauth_secret.py;Argumentos CLI / Flags;Logs de consola / Archivos generados / Actas;Script auxiliar de mantenimiento, limpieza o pruebas forenses de la plataforma.;MEDIUM
SCR-096;SCRIPTS_LOCALES;CLI_SCRIPT;fix_provider_attributes.py;scripts/fix_provider_attributes.py;ADMIN_TECNICO;python scripts/fix_provider_attributes.py;Argumentos CLI / Flags;Logs de consola / Archivos generados / Actas;Script auxiliar de mantenimiento, limpieza o pruebas forenses de la plataforma.;MEDIUM
SCR-097;SCRIPTS_LOCALES;CLI_SCRIPT;fix_real_galleries_deep.py;scripts/fix_real_galleries_deep.py;ADMIN_TECNICO;python scripts/fix_real_galleries_deep.py;Argumentos CLI / Flags;Logs de consola / Archivos generados / Actas;Script auxiliar de mantenimiento, limpieza o pruebas forenses de la plataforma.;MEDIUM
SCR-098;SCRIPTS_LOCALES;CLI_SCRIPT;fix_remaining_15.py;scripts/fix_remaining_15.py;ADMIN_TECNICO;python scripts/fix_remaining_15.py;Argumentos CLI / Flags;Logs de consola / Archivos generados / Actas;Script auxiliar de mantenimiento, limpieza o pruebas forenses de la plataforma.;MEDIUM
SCR-099;SCRIPTS_LOCALES;CLI_SCRIPT;fix_theme_and_slug.py;scripts/fix_theme_and_slug.py;ADMIN_TECNICO;python scripts/fix_theme_and_slug.py;Argumentos CLI / Flags;Logs de consola / Archivos generados / Actas;Script auxiliar de mantenimiento, limpieza o pruebas forenses de la plataforma.;MEDIUM
SCR-100;SCRIPTS_LOCALES;CLI_SCRIPT;fix_theme_context.py;scripts/fix_theme_context.py;ADMIN_TECNICO;python scripts/fix_theme_context.py;Argumentos CLI / Flags;Logs de consola / Archivos generados / Actas;Script auxiliar de mantenimiento, limpieza o pruebas forenses de la plataforma.;MEDIUM
SCR-101;SCRIPTS_LOCALES;CLI_SCRIPT;fix_type_errors.py;scripts/fix_type_errors.py;ADMIN_TECNICO;python scripts/fix_type_errors.py;Argumentos CLI / Flags;Logs de consola / Archivos generados / Actas;Script auxiliar de mantenimiento, limpieza o pruebas forenses de la plataforma.;MEDIUM
SCR-102;SCRIPTS_LOCALES;CLI_SCRIPT;fix_vercel_build_errors.py;scripts/fix_vercel_build_errors.py;ADMIN_TECNICO;python scripts/fix_vercel_build_errors.py;Argumentos CLI / Flags;Logs de consola / Archivos generados / Actas;Script auxiliar de mantenimiento, limpieza o pruebas forenses de la plataforma.;MEDIUM
SCR-103;SCRIPTS_LOCALES;CLI_SCRIPT;forensic_inventory_crawler.ps1;scripts/forensic_inventory_crawler.ps1;ADMIN_TECNICO;PowerShell -ExecutionPolicy Bypass -File .\scripts\forensic_inventory_crawler.ps1;Argumentos CLI / Flags;Logs de consola / Archivos generados / Actas;Script auxiliar de mantenimiento, limpieza o pruebas forenses de la plataforma.;MEDIUM
SCR-104;SCRIPTS_LOCALES;CLI_SCRIPT;generate_whisper_index.py;scripts/generate_whisper_index.py;ADMIN_TECNICO;python scripts/generate_whisper_index.py;Argumentos CLI / Flags;Logs de consola / Archivos generados / Actas;Script auxiliar de mantenimiento, limpieza o pruebas forenses de la plataforma.;MEDIUM
SCR-105;SCRIPTS_LOCALES;CLI_SCRIPT;google_indexing_batch.ts;scripts/google_indexing_batch.ts;ADMIN_TECNICO;npx ts-node scripts/google_indexing_batch.ts;Argumentos CLI / Flags;Logs de consola / Archivos generados / Actas;Script auxiliar de mantenimiento, limpieza o pruebas forenses de la plataforma.;MEDIUM
SCR-106;SCRIPTS_LOCALES;CLI_SCRIPT;harvest_whisper_direct.py;scripts/harvest_whisper_direct.py;ADMIN_TECNICO;python scripts/harvest_whisper_direct.py;Argumentos CLI / Flags;Logs de consola / Archivos generados / Actas;Script auxiliar de mantenimiento, limpieza o pruebas forenses de la plataforma.;MEDIUM
SCR-107;SCRIPTS_LOCALES;CLI_SCRIPT;health_check_apis.py;scripts/health_check_apis.py;ADMIN_TECNICO;python scripts/health_check_apis.py;Argumentos CLI / Flags;Logs de consola / Archivos generados / Actas;Script auxiliar de mantenimiento, limpieza o pruebas forenses de la plataforma.;MEDIUM
SCR-108;SCRIPTS_LOCALES;CLI_SCRIPT;human_journey_sweep.js;scripts/human_journey_sweep.js;ADMIN_TECNICO;node scripts/human_journey_sweep.js;Argumentos CLI / Flags;Logs de consola / Archivos generados / Actas;Script auxiliar de mantenimiento, limpieza o pruebas forenses de la plataforma.;MEDIUM
SCR-109;SCRIPTS_LOCALES;CLI_SCRIPT;incubadora_fast.py;scripts/incubadora_fast.py;ADMIN_TECNICO;python scripts/incubadora_fast.py;Argumentos CLI / Flags;Logs de consola / Archivos generados / Actas;Script auxiliar de mantenimiento, limpieza o pruebas forenses de la plataforma.;MEDIUM
SCR-110;SCRIPTS_LOCALES;CLI_SCRIPT;incubadora_harvester.py;scripts/incubadora_harvester.py;ADMIN_TECNICO;python scripts/incubadora_harvester.py;Argumentos CLI / Flags;Logs de consola / Archivos generados / Actas;Script auxiliar de mantenimiento, limpieza o pruebas forenses de la plataforma.;MEDIUM
SCR-111;SCRIPTS_LOCALES;CLI_SCRIPT;indexador_forense.js;scripts/indexador_forense.js;ADMIN_TECNICO;node scripts/indexador_forense.js;Argumentos CLI / Flags;Logs de consola / Archivos generados / Actas;Script auxiliar de mantenimiento, limpieza o pruebas forenses de la plataforma.;MEDIUM
SCR-112;SCRIPTS_LOCALES;CLI_SCRIPT;indexador_forense.ts;scripts/indexador_forense.ts;ADMIN_TECNICO;npx ts-node scripts/indexador_forense.ts;Argumentos CLI / Flags;Logs de consola / Archivos generados / Actas;Script auxiliar de mantenimiento, limpieza o pruebas forenses de la plataforma.;MEDIUM
SCR-113;SCRIPTS_LOCALES;CLI_SCRIPT;ingest-demetrio-rag.js;scripts/ingest-demetrio-rag.js;SISTEMA_ZTM / CEO;node scripts/ingest-demetrio-rag.js;Argumentos CLI / Flags;Logs de consola / Archivos generados / Actas;Motor de archivo físico, delta-indexing SHA-256 y vaciado de discos a la bóveda inmutable.;CRITICAL
SCR-114;SCRIPTS_LOCALES;CLI_SCRIPT;ingest-gsc-nodes.js;scripts/ingest-gsc-nodes.js;SISTEMA_ZTM / CEO;node scripts/ingest-gsc-nodes.js;Argumentos CLI / Flags;Logs de consola / Archivos generados / Actas;Motor de archivo físico, delta-indexing SHA-256 y vaciado de discos a la bóveda inmutable.;CRITICAL
SCR-115;SCRIPTS_LOCALES;CLI_SCRIPT;ingest-qualityvip-rag.js;scripts/ingest-qualityvip-rag.js;SISTEMA_ZTM / CEO;node scripts/ingest-qualityvip-rag.js;Argumentos CLI / Flags;Logs de consola / Archivos generados / Actas;Motor de archivo físico, delta-indexing SHA-256 y vaciado de discos a la bóveda inmutable.;CRITICAL
SCR-116;SCRIPTS_LOCALES;CLI_SCRIPT;ingest_arsenal_and_b2b_rag.py;scripts/ingest_arsenal_and_b2b_rag.py;SISTEMA_ZTM / CEO;python scripts/ingest_arsenal_and_b2b_rag.py;Argumentos CLI / Flags;Logs de consola / Archivos generados / Actas;Motor de archivo físico, delta-indexing SHA-256 y vaciado de discos a la bóveda inmutable.;CRITICAL
SCR-117;SCRIPTS_LOCALES;CLI_SCRIPT;ingest_gsc_data.ts;scripts/ingest_gsc_data.ts;SISTEMA_ZTM / CEO;npx ts-node scripts/ingest_gsc_data.ts;Argumentos CLI / Flags;Logs de consola / Archivos generados / Actas;Motor de archivo físico, delta-indexing SHA-256 y vaciado de discos a la bóveda inmutable.;CRITICAL
SCR-118;SCRIPTS_LOCALES;CLI_SCRIPT;ingest_md_rag.py;scripts/ingest_md_rag.py;SISTEMA_ZTM / CEO;python scripts/ingest_md_rag.py;Argumentos CLI / Flags;Logs de consola / Archivos generados / Actas;Motor de archivo físico, delta-indexing SHA-256 y vaciado de discos a la bóveda inmutable.;CRITICAL
SCR-119;SCRIPTS_LOCALES;CLI_SCRIPT;ingest_mindmaps_to_rag.py;scripts/ingest_mindmaps_to_rag.py;SISTEMA_ZTM / CEO;python scripts/ingest_mindmaps_to_rag.py;Argumentos CLI / Flags;Logs de consola / Archivos generados / Actas;Motor de archivo físico, delta-indexing SHA-256 y vaciado de discos a la bóveda inmutable.;CRITICAL
SCR-120;SCRIPTS_LOCALES;CLI_SCRIPT;ingest_whisper.js;scripts/ingest_whisper.js;SISTEMA_ZTM / CEO;node scripts/ingest_whisper.js;Argumentos CLI / Flags;Logs de consola / Archivos generados / Actas;Motor de archivo físico, delta-indexing SHA-256 y vaciado de discos a la bóveda inmutable.;CRITICAL
SCR-121;SCRIPTS_LOCALES;CLI_SCRIPT;inject_admin_password.py;scripts/inject_admin_password.py;ADMIN_TECNICO;python scripts/inject_admin_password.py;Argumentos CLI / Flags;Logs de consola / Archivos generados / Actas;Script auxiliar de mantenimiento, limpieza o pruebas forenses de la plataforma.;MEDIUM
SCR-122;SCRIPTS_LOCALES;CLI_SCRIPT;inject_solista_premium.py;scripts/inject_solista_premium.py;ADMIN_TECNICO;python scripts/inject_solista_premium.py;Argumentos CLI / Flags;Logs de consola / Archivos generados / Actas;Script auxiliar de mantenimiento, limpieza o pruebas forenses de la plataforma.;MEDIUM
SCR-123;SCRIPTS_LOCALES;CLI_SCRIPT;inspect-route-html.js;scripts/inspect-route-html.js;ADMIN_TECNICO;node scripts/inspect-route-html.js;Argumentos CLI / Flags;Logs de consola / Archivos generados / Actas;Script auxiliar de mantenimiento, limpieza o pruebas forenses de la plataforma.;MEDIUM
SCR-124;SCRIPTS_LOCALES;CLI_SCRIPT;inspect_affiliate_system.py;scripts/inspect_affiliate_system.py;ADMIN_TECNICO;python scripts/inspect_affiliate_system.py;Argumentos CLI / Flags;Logs de consola / Archivos generados / Actas;Script auxiliar de mantenimiento, limpieza o pruebas forenses de la plataforma.;MEDIUM
SCR-125;SCRIPTS_LOCALES;CLI_SCRIPT;install-ear-cue-bridge.ps1;scripts/install-ear-cue-bridge.ps1;ARTISTA_DJ / VENUE;PowerShell -ExecutionPolicy Bypass -File .\scripts\install-ear-cue-bridge.ps1;Argumentos CLI / Flags;Logs de consola / Archivos generados / Actas;Herramienta de cabina, captura de logs de sesión, extracción M3U/CSV y generación de actas SHA-256.;CRITICAL
SCR-126;SCRIPTS_LOCALES;CLI_SCRIPT;install_mcps.py;scripts/install_mcps.py;ADMIN_TECNICO;python scripts/install_mcps.py;Argumentos CLI / Flags;Logs de consola / Archivos generados / Actas;Script auxiliar de mantenimiento, limpieza o pruebas forenses de la plataforma.;MEDIUM
SCR-127;SCRIPTS_LOCALES;CLI_SCRIPT;intelligence_scan_route.js;scripts/intelligence_scan_route.js;ADMIN_TECNICO;node scripts/intelligence_scan_route.js;Argumentos CLI / Flags;Logs de consola / Archivos generados / Actas;Script auxiliar de mantenimiento, limpieza o pruebas forenses de la plataforma.;MEDIUM
SCR-128;SCRIPTS_LOCALES;CLI_SCRIPT;intelligence_scan_route.ts;scripts/intelligence_scan_route.ts;ADMIN_TECNICO;npx ts-node scripts/intelligence_scan_route.ts;Argumentos CLI / Flags;Logs de consola / Archivos generados / Actas;Script auxiliar de mantenimiento, limpieza o pruebas forenses de la plataforma.;MEDIUM
SCR-129;SCRIPTS_LOCALES;CLI_SCRIPT;inventory_audit.ps1;scripts/inventory_audit.ps1;ADMIN_TECNICO;PowerShell -ExecutionPolicy Bypass -File .\scripts\inventory_audit.ps1;Argumentos CLI / Flags;Logs de consola / Archivos generados / Actas;Script auxiliar de mantenimiento, limpieza o pruebas forenses de la plataforma.;MEDIUM
SCR-130;SCRIPTS_LOCALES;CLI_SCRIPT;knowledge-ingestion.js;scripts/knowledge-ingestion.js;SISTEMA_ZTM / CEO;node scripts/knowledge-ingestion.js;Argumentos CLI / Flags;Logs de consola / Archivos generados / Actas;Motor de archivo físico, delta-indexing SHA-256 y vaciado de discos a la bóveda inmutable.;CRITICAL
SCR-131;SCRIPTS_LOCALES;CLI_SCRIPT;knowledge-ingestion.ts;scripts/knowledge-ingestion.ts;SISTEMA_ZTM / CEO;npx ts-node scripts/knowledge-ingestion.ts;Argumentos CLI / Flags;Logs de consola / Archivos generados / Actas;Motor de archivo físico, delta-indexing SHA-256 y vaciado de discos a la bóveda inmutable.;CRITICAL
SCR-132;SCRIPTS_LOCALES;CLI_SCRIPT;list_models.js;scripts/list_models.js;ADMIN_TECNICO;node scripts/list_models.js;Argumentos CLI / Flags;Logs de consola / Archivos generados / Actas;Script auxiliar de mantenimiento, limpieza o pruebas forenses de la plataforma.;MEDIUM
SCR-133;SCRIPTS_LOCALES;CLI_SCRIPT;list_models.ts;scripts/list_models.ts;ADMIN_TECNICO;npx ts-node scripts/list_models.ts;Argumentos CLI / Flags;Logs de consola / Archivos generados / Actas;Script auxiliar de mantenimiento, limpieza o pruebas forenses de la plataforma.;MEDIUM
SCR-134;SCRIPTS_LOCALES;CLI_SCRIPT;map_all_drives.py;scripts/map_all_drives.py;ADMIN_TECNICO;python scripts/map_all_drives.py;Argumentos CLI / Flags;Logs de consola / Archivos generados / Actas;Script auxiliar de mantenimiento, limpieza o pruebas forenses de la plataforma.;MEDIUM
SCR-135;SCRIPTS_LOCALES;CLI_SCRIPT;master_semantic_orchestrator.ts;scripts/master_semantic_orchestrator.ts;ADMIN_TECNICO;npx ts-node scripts/master_semantic_orchestrator.ts;Argumentos CLI / Flags;Logs de consola / Archivos generados / Actas;Script auxiliar de mantenimiento, limpieza o pruebas forenses de la plataforma.;MEDIUM
SCR-136;SCRIPTS_LOCALES;CLI_SCRIPT;mine_antigravity_chats.js;scripts/mine_antigravity_chats.js;ADMIN_TECNICO;node scripts/mine_antigravity_chats.js;Argumentos CLI / Flags;Logs de consola / Archivos generados / Actas;Script auxiliar de mantenimiento, limpieza o pruebas forenses de la plataforma.;MEDIUM
SCR-137;SCRIPTS_LOCALES;CLI_SCRIPT;open-config-ui.ps1;scripts/open-config-ui.ps1;ARTISTA_DJ / ADMIN;PowerShell -ExecutionPolicy Bypass -File .\scripts\open-config-ui.ps1;Argumentos CLI / Flags;Logs de consola / Archivos generados / Actas;Gestión visual y almacenamiento de datos fiscales de artistas y locales asociados.;HIGH
SCR-138;SCRIPTS_LOCALES;CLI_SCRIPT;optimizar_ia_gpu.bat;scripts/optimizar_ia_gpu.bat;ADMIN_TECNICO;;Argumentos CLI / Flags;Logs de consola / Archivos generados / Actas;Script auxiliar de mantenimiento, limpieza o pruebas forenses de la plataforma.;MEDIUM
SCR-139;SCRIPTS_LOCALES;CLI_SCRIPT;optimize_data_architecture.py;scripts/optimize_data_architecture.py;ADMIN_TECNICO;python scripts/optimize_data_architecture.py;Argumentos CLI / Flags;Logs de consola / Archivos generados / Actas;Script auxiliar de mantenimiento, limpieza o pruebas forenses de la plataforma.;MEDIUM
SCR-140;SCRIPTS_LOCALES;CLI_SCRIPT;optimize_seo_metadata.js;scripts/optimize_seo_metadata.js;ADMIN_TECNICO;node scripts/optimize_seo_metadata.js;Argumentos CLI / Flags;Logs de consola / Archivos generados / Actas;Script auxiliar de mantenimiento, limpieza o pruebas forenses de la plataforma.;MEDIUM
SCR-141;SCRIPTS_LOCALES;CLI_SCRIPT;organize_despegue_catalog.js;scripts/organize_despegue_catalog.js;ADMIN_TECNICO;node scripts/organize_despegue_catalog.js;Argumentos CLI / Flags;Logs de consola / Archivos generados / Actas;Script auxiliar de mantenimiento, limpieza o pruebas forenses de la plataforma.;MEDIUM
SCR-142;SCRIPTS_LOCALES;CLI_SCRIPT;organize_photos_exif.py;scripts/organize_photos_exif.py;ADMIN_TECNICO;python scripts/organize_photos_exif.py;Argumentos CLI / Flags;Logs de consola / Archivos generados / Actas;Script auxiliar de mantenimiento, limpieza o pruebas forenses de la plataforma.;MEDIUM
SCR-143;SCRIPTS_LOCALES;CLI_SCRIPT;organize_root_pure.py;scripts/organize_root_pure.py;ADMIN_TECNICO;python scripts/organize_root_pure.py;Argumentos CLI / Flags;Logs de consola / Archivos generados / Actas;Script auxiliar de mantenimiento, limpieza o pruebas forenses de la plataforma.;MEDIUM
SCR-144;SCRIPTS_LOCALES;CLI_SCRIPT;outbound_b2b_microbatch_agent.py;scripts/outbound_b2b_microbatch_agent.py;ADMIN_TECNICO;python scripts/outbound_b2b_microbatch_agent.py;Argumentos CLI / Flags;Logs de consola / Archivos generados / Actas;Script auxiliar de mantenimiento, limpieza o pruebas forenses de la plataforma.;MEDIUM
SCR-145;SCRIPTS_LOCALES;CLI_SCRIPT;outbound_dispatcher_queue.py;scripts/outbound_dispatcher_queue.py;ADMIN_TECNICO;python scripts/outbound_dispatcher_queue.py;Argumentos CLI / Flags;Logs de consola / Archivos generados / Actas;Script auxiliar de mantenimiento, limpieza o pruebas forenses de la plataforma.;MEDIUM
SCR-146;SCRIPTS_LOCALES;CLI_SCRIPT;patch_slice_bespoke.py;scripts/patch_slice_bespoke.py;ADMIN_TECNICO;python scripts/patch_slice_bespoke.py;Argumentos CLI / Flags;Logs de consola / Archivos generados / Actas;Script auxiliar de mantenimiento, limpieza o pruebas forenses de la plataforma.;MEDIUM
SCR-147;SCRIPTS_LOCALES;CLI_SCRIPT;priority_urls_indexing.json;scripts/priority_urls_indexing.json;ADMIN_TECNICO;;Argumentos CLI / Flags;Logs de consola / Archivos generados / Actas;Script auxiliar de mantenimiento, limpieza o pruebas forenses de la plataforma.;MEDIUM
SCR-148;SCRIPTS_LOCALES;CLI_SCRIPT;process_media_and_route.js;scripts/process_media_and_route.js;ADMIN_TECNICO;node scripts/process_media_and_route.js;Argumentos CLI / Flags;Logs de consola / Archivos generados / Actas;Script auxiliar de mantenimiento, limpieza o pruebas forenses de la plataforma.;MEDIUM
SCR-149;SCRIPTS_LOCALES;CLI_SCRIPT;process_providers.py;scripts/process_providers.py;ADMIN_TECNICO;python scripts/process_providers.py;Argumentos CLI / Flags;Logs de consola / Archivos generados / Actas;Script auxiliar de mantenimiento, limpieza o pruebas forenses de la plataforma.;MEDIUM
SCR-150;SCRIPTS_LOCALES;CLI_SCRIPT;purge_v207_b1.mjs;scripts/purge_v207_b1.mjs;ADMIN_TECNICO;;Argumentos CLI / Flags;Logs de consola / Archivos generados / Actas;Script auxiliar de mantenimiento, limpieza o pruebas forenses de la plataforma.;MEDIUM
SCR-151;SCRIPTS_LOCALES;CLI_SCRIPT;purge_v207_b1_fixed.mjs;scripts/purge_v207_b1_fixed.mjs;ADMIN_TECNICO;;Argumentos CLI / Flags;Logs de consola / Archivos generados / Actas;Script auxiliar de mantenimiento, limpieza o pruebas forenses de la plataforma.;MEDIUM
SCR-152;SCRIPTS_LOCALES;CLI_SCRIPT;purify_repository_sclass.py;scripts/purify_repository_sclass.py;ADMIN_TECNICO;python scripts/purify_repository_sclass.py;Argumentos CLI / Flags;Logs de consola / Archivos generados / Actas;Script auxiliar de mantenimiento, limpieza o pruebas forenses de la plataforma.;MEDIUM
SCR-153;SCRIPTS_LOCALES;CLI_SCRIPT;query_rag.py;scripts/query_rag.py;SISTEMA_ZTM / CEO;python scripts/query_rag.py;Argumentos CLI / Flags;Logs de consola / Archivos generados / Actas;Motor de archivo físico, delta-indexing SHA-256 y vaciado de discos a la bóveda inmutable.;CRITICAL
SCR-154;SCRIPTS_LOCALES;CLI_SCRIPT;quick_vdj_live_test.js;scripts/quick_vdj_live_test.js;ARTISTA_DJ / VENUE;node scripts/quick_vdj_live_test.js;Argumentos CLI / Flags;Logs de consola / Archivos generados / Actas;Herramienta de cabina, captura de logs de sesión, extracción M3U/CSV y generación de actas SHA-256.;CRITICAL
SCR-155;SCRIPTS_LOCALES;CLI_SCRIPT;rag_dynamic_centinel.py;scripts/rag_dynamic_centinel.py;SISTEMA_ZTM / CEO;python scripts/rag_dynamic_centinel.py;Argumentos CLI / Flags;Logs de consola / Archivos generados / Actas;Motor de archivo físico, delta-indexing SHA-256 y vaciado de discos a la bóveda inmutable.;CRITICAL
SCR-156;SCRIPTS_LOCALES;CLI_SCRIPT;register_autostart_watcher.ps1;scripts/register_autostart_watcher.ps1;ARTISTA_DJ / VENUE;PowerShell -ExecutionPolicy Bypass -File .\scripts\register_autostart_watcher.ps1;Argumentos CLI / Flags;Logs de consola / Archivos generados / Actas;Herramienta de cabina, captura de logs de sesión, extracción M3U/CSV y generación de actas SHA-256.;CRITICAL
SCR-157;SCRIPTS_LOCALES;CLI_SCRIPT;repair_bespoke.py;scripts/repair_bespoke.py;ADMIN_TECNICO;python scripts/repair_bespoke.py;Argumentos CLI / Flags;Logs de consola / Archivos generados / Actas;Script auxiliar de mantenimiento, limpieza o pruebas forenses de la plataforma.;MEDIUM
SCR-158;SCRIPTS_LOCALES;CLI_SCRIPT;repatriate_vsts.py;scripts/repatriate_vsts.py;ADMIN_TECNICO;python scripts/repatriate_vsts.py;Argumentos CLI / Flags;Logs de consola / Archivos generados / Actas;Script auxiliar de mantenimiento, limpieza o pruebas forenses de la plataforma.;MEDIUM
SCR-159;SCRIPTS_LOCALES;CLI_SCRIPT;repatriate_vsts_safe.py;scripts/repatriate_vsts_safe.py;ADMIN_TECNICO;python scripts/repatriate_vsts_safe.py;Argumentos CLI / Flags;Logs de consola / Archivos generados / Actas;Script auxiliar de mantenimiento, limpieza o pruebas forenses de la plataforma.;MEDIUM
SCR-160;SCRIPTS_LOCALES;CLI_SCRIPT;restore-admin.ts;scripts/restore-admin.ts;ADMIN_TECNICO;npx ts-node scripts/restore-admin.ts;Argumentos CLI / Flags;Logs de consola / Archivos generados / Actas;Script auxiliar de mantenimiento, limpieza o pruebas forenses de la plataforma.;MEDIUM
SCR-161;SCRIPTS_LOCALES;CLI_SCRIPT;restore_raw_cdn_urls.py;scripts/restore_raw_cdn_urls.py;ADMIN_TECNICO;python scripts/restore_raw_cdn_urls.py;Argumentos CLI / Flags;Logs de consola / Archivos generados / Actas;Script auxiliar de mantenimiento, limpieza o pruebas forenses de la plataforma.;MEDIUM
SCR-162;SCRIPTS_LOCALES;CLI_SCRIPT;resume_whisper_batch.py;scripts/resume_whisper_batch.py;ADMIN_TECNICO;python scripts/resume_whisper_batch.py;Argumentos CLI / Flags;Logs de consola / Archivos generados / Actas;Script auxiliar de mantenimiento, limpieza o pruebas forenses de la plataforma.;MEDIUM
SCR-163;SCRIPTS_LOCALES;CLI_SCRIPT;resume_whisper_fase1_graph.py;scripts/resume_whisper_fase1_graph.py;ADMIN_TECNICO;python scripts/resume_whisper_fase1_graph.py;Argumentos CLI / Flags;Logs de consola / Archivos generados / Actas;Script auxiliar de mantenimiento, limpieza o pruebas forenses de la plataforma.;MEDIUM
SCR-164;SCRIPTS_LOCALES;CLI_SCRIPT;resume_whisper_ingest.py;scripts/resume_whisper_ingest.py;SISTEMA_ZTM / CEO;python scripts/resume_whisper_ingest.py;Argumentos CLI / Flags;Logs de consola / Archivos generados / Actas;Motor de archivo físico, delta-indexing SHA-256 y vaciado de discos a la bóveda inmutable.;CRITICAL
SCR-165;SCRIPTS_LOCALES;CLI_SCRIPT;run_overnight.py;scripts/run_overnight.py;ADMIN_TECNICO;python scripts/run_overnight.py;Argumentos CLI / Flags;Logs de consola / Archivos generados / Actas;Script auxiliar de mantenimiento, limpieza o pruebas forenses de la plataforma.;MEDIUM
SCR-166;SCRIPTS_LOCALES;CLI_SCRIPT;run_overnight_native.js;scripts/run_overnight_native.js;ADMIN_TECNICO;node scripts/run_overnight_native.js;Argumentos CLI / Flags;Logs de consola / Archivos generados / Actas;Script auxiliar de mantenimiento, limpieza o pruebas forenses de la plataforma.;MEDIUM
SCR-167;SCRIPTS_LOCALES;CLI_SCRIPT;run_overnight_real.py;scripts/run_overnight_real.py;ADMIN_TECNICO;python scripts/run_overnight_real.py;Argumentos CLI / Flags;Logs de consola / Archivos generados / Actas;Script auxiliar de mantenimiento, limpieza o pruebas forenses de la plataforma.;MEDIUM
SCR-168;SCRIPTS_LOCALES;CLI_SCRIPT;run_overnight_transcription.js;scripts/run_overnight_transcription.js;ADMIN_TECNICO;node scripts/run_overnight_transcription.js;Argumentos CLI / Flags;Logs de consola / Archivos generados / Actas;Script auxiliar de mantenimiento, limpieza o pruebas forenses de la plataforma.;MEDIUM
SCR-169;SCRIPTS_LOCALES;CLI_SCRIPT;run_transcription_engine.js;scripts/run_transcription_engine.js;ADMIN_TECNICO;node scripts/run_transcription_engine.js;Argumentos CLI / Flags;Logs de consola / Archivos generados / Actas;Script auxiliar de mantenimiento, limpieza o pruebas forenses de la plataforma.;MEDIUM
SCR-170;SCRIPTS_LOCALES;CLI_SCRIPT;run_whisper_batch.js;scripts/run_whisper_batch.js;ADMIN_TECNICO;node scripts/run_whisper_batch.js;Argumentos CLI / Flags;Logs de consola / Archivos generados / Actas;Script auxiliar de mantenimiento, limpieza o pruebas forenses de la plataforma.;MEDIUM
SCR-171;SCRIPTS_LOCALES;CLI_SCRIPT;safe_gmail_extractor.py;scripts/safe_gmail_extractor.py;ADMIN_TECNICO;python scripts/safe_gmail_extractor.py;Argumentos CLI / Flags;Logs de consola / Archivos generados / Actas;Script auxiliar de mantenimiento, limpieza o pruebas forenses de la plataforma.;MEDIUM
SCR-172;SCRIPTS_LOCALES;CLI_SCRIPT;sanitize-catalog-branding.js;scripts/sanitize-catalog-branding.js;ADMIN_TECNICO;node scripts/sanitize-catalog-branding.js;Argumentos CLI / Flags;Logs de consola / Archivos generados / Actas;Script auxiliar de mantenimiento, limpieza o pruebas forenses de la plataforma.;MEDIUM
SCR-173;SCRIPTS_LOCALES;CLI_SCRIPT;sanitize_auth_passwords.py;scripts/sanitize_auth_passwords.py;ADMIN_TECNICO;python scripts/sanitize_auth_passwords.py;Argumentos CLI / Flags;Logs de consola / Archivos generados / Actas;Script auxiliar de mantenimiento, limpieza o pruebas forenses de la plataforma.;MEDIUM
SCR-174;SCRIPTS_LOCALES;CLI_SCRIPT;scan_adn_components.ts;scripts/scan_adn_components.ts;ADMIN_TECNICO;npx ts-node scripts/scan_adn_components.ts;Argumentos CLI / Flags;Logs de consola / Archivos generados / Actas;Script auxiliar de mantenimiento, limpieza o pruebas forenses de la plataforma.;MEDIUM
SCR-175;SCRIPTS_LOCALES;CLI_SCRIPT;scan_all_drives_vst_forensics.py;scripts/scan_all_drives_vst_forensics.py;ADMIN_TECNICO;python scripts/scan_all_drives_vst_forensics.py;Argumentos CLI / Flags;Logs de consola / Archivos generados / Actas;Script auxiliar de mantenimiento, limpieza o pruebas forenses de la plataforma.;MEDIUM
SCR-176;SCRIPTS_LOCALES;CLI_SCRIPT;scan_html_dump.py;scripts/scan_html_dump.py;ADMIN_TECNICO;python scripts/scan_html_dump.py;Argumentos CLI / Flags;Logs de consola / Archivos generados / Actas;Script auxiliar de mantenimiento, limpieza o pruebas forenses de la plataforma.;MEDIUM
SCR-177;SCRIPTS_LOCALES;CLI_SCRIPT;scan_incubadora_series.py;scripts/scan_incubadora_series.py;ADMIN_TECNICO;python scripts/scan_incubadora_series.py;Argumentos CLI / Flags;Logs de consola / Archivos generados / Actas;Script auxiliar de mantenimiento, limpieza o pruebas forenses de la plataforma.;MEDIUM
SCR-178;SCRIPTS_LOCALES;CLI_SCRIPT;scriptsprocess_media_and_route.js;scripts/scriptsprocess_media_and_route.js;ADMIN_TECNICO;node scripts/scriptsprocess_media_and_route.js;Argumentos CLI / Flags;Logs de consola / Archivos generados / Actas;Script auxiliar de mantenimiento, limpieza o pruebas forenses de la plataforma.;MEDIUM
SCR-179;SCRIPTS_LOCALES;CLI_SCRIPT;security-smoke-test.sql;scripts/security-smoke-test.sql;ADMIN_TECNICO;;Argumentos CLI / Flags;Logs de consola / Archivos generados / Actas;Script auxiliar de mantenimiento, limpieza o pruebas forenses de la plataforma.;MEDIUM
SCR-180;SCRIPTS_LOCALES;CLI_SCRIPT;seed-providers.ts;scripts/seed-providers.ts;ADMIN_TECNICO;npx ts-node scripts/seed-providers.ts;Argumentos CLI / Flags;Logs de consola / Archivos generados / Actas;Script auxiliar de mantenimiento, limpieza o pruebas forenses de la plataforma.;MEDIUM
SCR-181;SCRIPTS_LOCALES;CLI_SCRIPT;set_telegram_webhook.ts;scripts/set_telegram_webhook.ts;ADMIN_TECNICO;npx ts-node scripts/set_telegram_webhook.ts;Argumentos CLI / Flags;Logs de consola / Archivos generados / Actas;Script auxiliar de mantenimiento, limpieza o pruebas forenses de la plataforma.;MEDIUM
SCR-182;SCRIPTS_LOCALES;CLI_SCRIPT;setup_2fa_server_engine.py;scripts/setup_2fa_server_engine.py;ADMIN_TECNICO;python scripts/setup_2fa_server_engine.py;Argumentos CLI / Flags;Logs de consola / Archivos generados / Actas;Script auxiliar de mantenimiento, limpieza o pruebas forenses de la plataforma.;MEDIUM
SCR-183;SCRIPTS_LOCALES;CLI_SCRIPT;setup_all_mcps.py;scripts/setup_all_mcps.py;ADMIN_TECNICO;python scripts/setup_all_mcps.py;Argumentos CLI / Flags;Logs de consola / Archivos generados / Actas;Script auxiliar de mantenimiento, limpieza o pruebas forenses de la plataforma.;MEDIUM
SCR-184;SCRIPTS_LOCALES;CLI_SCRIPT;setup_google_auth_key.py;scripts/setup_google_auth_key.py;ADMIN_TECNICO;python scripts/setup_google_auth_key.py;Argumentos CLI / Flags;Logs de consola / Archivos generados / Actas;Script auxiliar de mantenimiento, limpieza o pruebas forenses de la plataforma.;MEDIUM
SCR-185;SCRIPTS_LOCALES;CLI_SCRIPT;setup_symlink_mirror.py;scripts/setup_symlink_mirror.py;ADMIN_TECNICO;python scripts/setup_symlink_mirror.py;Argumentos CLI / Flags;Logs de consola / Archivos generados / Actas;Script auxiliar de mantenimiento, limpieza o pruebas forenses de la plataforma.;MEDIUM
SCR-186;SCRIPTS_LOCALES;CLI_SCRIPT;silent_env_audit.py;scripts/silent_env_audit.py;ADMIN_TECNICO;python scripts/silent_env_audit.py;Argumentos CLI / Flags;Logs de consola / Archivos generados / Actas;Script auxiliar de mantenimiento, limpieza o pruebas forenses de la plataforma.;MEDIUM
SCR-187;SCRIPTS_LOCALES;CLI_SCRIPT;simulate_5_stripe_webhooks.mjs;scripts/simulate_5_stripe_webhooks.mjs;ADMIN_TECNICO;;Argumentos CLI / Flags;Logs de consola / Archivos generados / Actas;Script auxiliar de mantenimiento, limpieza o pruebas forenses de la plataforma.;MEDIUM
SCR-188;SCRIPTS_LOCALES;CLI_SCRIPT;simulate_user_personas.js;scripts/simulate_user_personas.js;ADMIN_TECNICO;node scripts/simulate_user_personas.js;Argumentos CLI / Flags;Logs de consola / Archivos generados / Actas;Script auxiliar de mantenimiento, limpieza o pruebas forenses de la plataforma.;MEDIUM
SCR-189;SCRIPTS_LOCALES;CLI_SCRIPT;stress-test-pricing.js;scripts/stress-test-pricing.js;ADMIN_TECNICO;node scripts/stress-test-pricing.js;Argumentos CLI / Flags;Logs de consola / Archivos generados / Actas;Script auxiliar de mantenimiento, limpieza o pruebas forenses de la plataforma.;MEDIUM
SCR-190;SCRIPTS_LOCALES;CLI_SCRIPT;stress-test-pricing.ts;scripts/stress-test-pricing.ts;ADMIN_TECNICO;npx ts-node scripts/stress-test-pricing.ts;Argumentos CLI / Flags;Logs de consola / Archivos generados / Actas;Script auxiliar de mantenimiento, limpieza o pruebas forenses de la plataforma.;MEDIUM
SCR-191;SCRIPTS_LOCALES;CLI_SCRIPT;stress-test-tsconfig.json;scripts/stress-test-tsconfig.json;ARTISTA_DJ / ADMIN;;Argumentos CLI / Flags;Logs de consola / Archivos generados / Actas;Gestión visual y almacenamiento de datos fiscales de artistas y locales asociados.;HIGH
SCR-192;SCRIPTS_LOCALES;CLI_SCRIPT;summarize_inventory.js;scripts/summarize_inventory.js;ADMIN_TECNICO;node scripts/summarize_inventory.js;Argumentos CLI / Flags;Logs de consola / Archivos generados / Actas;Script auxiliar de mantenimiento, limpieza o pruebas forenses de la plataforma.;MEDIUM
SCR-193;SCRIPTS_LOCALES;CLI_SCRIPT;summarize_inventory.ps1;scripts/summarize_inventory.ps1;ADMIN_TECNICO;PowerShell -ExecutionPolicy Bypass -File .\scripts\summarize_inventory.ps1;Argumentos CLI / Flags;Logs de consola / Archivos generados / Actas;Script auxiliar de mantenimiento, limpieza o pruebas forenses de la plataforma.;MEDIUM
SCR-194;SCRIPTS_LOCALES;CLI_SCRIPT;sync_trello_board.ts;scripts/sync_trello_board.ts;ADMIN_TECNICO;npx ts-node scripts/sync_trello_board.ts;Argumentos CLI / Flags;Logs de consola / Archivos generados / Actas;Script auxiliar de mantenimiento, limpieza o pruebas forenses de la plataforma.;MEDIUM
SCR-195;SCRIPTS_LOCALES;CLI_SCRIPT;telegramService.js;scripts/telegramService.js;ADMIN_TECNICO;node scripts/telegramService.js;Argumentos CLI / Flags;Logs de consola / Archivos generados / Actas;Script auxiliar de mantenimiento, limpieza o pruebas forenses de la plataforma.;MEDIUM
SCR-196;SCRIPTS_LOCALES;CLI_SCRIPT;telegramService.ts;scripts/telegramService.ts;ADMIN_TECNICO;npx ts-node scripts/telegramService.ts;Argumentos CLI / Flags;Logs de consola / Archivos generados / Actas;Script auxiliar de mantenimiento, limpieza o pruebas forenses de la plataforma.;MEDIUM
SCR-197;SCRIPTS_LOCALES;CLI_SCRIPT;test-memory-persistence.js;scripts/test-memory-persistence.js;ADMIN_TECNICO;node scripts/test-memory-persistence.js;Argumentos CLI / Flags;Logs de consola / Archivos generados / Actas;Script auxiliar de mantenimiento, limpieza o pruebas forenses de la plataforma.;MEDIUM
SCR-198;SCRIPTS_LOCALES;CLI_SCRIPT;test-memory-persistence.ts;scripts/test-memory-persistence.ts;ADMIN_TECNICO;npx ts-node scripts/test-memory-persistence.ts;Argumentos CLI / Flags;Logs de consola / Archivos generados / Actas;Script auxiliar de mantenimiento, limpieza o pruebas forenses de la plataforma.;MEDIUM
SCR-199;SCRIPTS_LOCALES;CLI_SCRIPT;test_5_stripe_checkouts.mjs;scripts/test_5_stripe_checkouts.mjs;ADMIN_TECNICO;;Argumentos CLI / Flags;Logs de consola / Archivos generados / Actas;Script auxiliar de mantenimiento, limpieza o pruebas forenses de la plataforma.;MEDIUM
SCR-200;SCRIPTS_LOCALES;CLI_SCRIPT;test_multipath_vdj_trigger.js;scripts/test_multipath_vdj_trigger.js;ARTISTA_DJ / VENUE;node scripts/test_multipath_vdj_trigger.js;Argumentos CLI / Flags;Logs de consola / Archivos generados / Actas;Herramienta de cabina, captura de logs de sesión, extracción M3U/CSV y generación de actas SHA-256.;CRITICAL
SCR-201;SCRIPTS_LOCALES;CLI_SCRIPT;test_stripe_webhook_1eur.js;scripts/test_stripe_webhook_1eur.js;ADMIN_TECNICO;node scripts/test_stripe_webhook_1eur.js;Argumentos CLI / Flags;Logs de consola / Archivos generados / Actas;Script auxiliar de mantenimiento, limpieza o pruebas forenses de la plataforma.;MEDIUM
SCR-202;SCRIPTS_LOCALES;CLI_SCRIPT;test_trello_connection.ts;scripts/test_trello_connection.ts;ADMIN_TECNICO;npx ts-node scripts/test_trello_connection.ts;Argumentos CLI / Flags;Logs de consola / Archivos generados / Actas;Script auxiliar de mantenimiento, limpieza o pruebas forenses de la plataforma.;MEDIUM
SCR-203;SCRIPTS_LOCALES;CLI_SCRIPT;test_virtualdj_bridge.js;scripts/test_virtualdj_bridge.js;ADMIN_TECNICO;node scripts/test_virtualdj_bridge.js;Argumentos CLI / Flags;Logs de consola / Archivos generados / Actas;Script auxiliar de mantenimiento, limpieza o pruebas forenses de la plataforma.;MEDIUM
SCR-204;SCRIPTS_LOCALES;CLI_SCRIPT;token.json;scripts/token.json;ADMIN_TECNICO;;Argumentos CLI / Flags;Logs de consola / Archivos generados / Actas;Script auxiliar de mantenimiento, limpieza o pruebas forenses de la plataforma.;MEDIUM
SCR-205;SCRIPTS_LOCALES;CLI_SCRIPT;transcribe_pending_media.js;scripts/transcribe_pending_media.js;ADMIN_TECNICO;node scripts/transcribe_pending_media.js;Argumentos CLI / Flags;Logs de consola / Archivos generados / Actas;Script auxiliar de mantenimiento, limpieza o pruebas forenses de la plataforma.;MEDIUM
SCR-206;SCRIPTS_LOCALES;CLI_SCRIPT;transcribe_podcast.py;scripts/transcribe_podcast.py;ADMIN_TECNICO;python scripts/transcribe_podcast.py;Argumentos CLI / Flags;Logs de consola / Archivos generados / Actas;Script auxiliar de mantenimiento, limpieza o pruebas forenses de la plataforma.;MEDIUM
SCR-207;SCRIPTS_LOCALES;CLI_SCRIPT;transcribe_seo_catedra.js;scripts/transcribe_seo_catedra.js;ADMIN_TECNICO;node scripts/transcribe_seo_catedra.js;Argumentos CLI / Flags;Logs de consola / Archivos generados / Actas;Script auxiliar de mantenimiento, limpieza o pruebas forenses de la plataforma.;MEDIUM
SCR-208;SCRIPTS_LOCALES;CLI_SCRIPT;trigger_telegram_b2g.ts;scripts/trigger_telegram_b2g.ts;ADMIN_TECNICO;npx ts-node scripts/trigger_telegram_b2g.ts;Argumentos CLI / Flags;Logs de consola / Archivos generados / Actas;Script auxiliar de mantenimiento, limpieza o pruebas forenses de la plataforma.;MEDIUM
SCR-209;SCRIPTS_LOCALES;CLI_SCRIPT;update_trello_board_status.ts;scripts/update_trello_board_status.ts;ADMIN_TECNICO;npx ts-node scripts/update_trello_board_status.ts;Argumentos CLI / Flags;Logs de consola / Archivos generados / Actas;Script auxiliar de mantenimiento, limpieza o pruebas forenses de la plataforma.;MEDIUM
SCR-210;SCRIPTS_LOCALES;CLI_SCRIPT;vampire_audit_sanitizer.ts;scripts/vampire_audit_sanitizer.ts;ADMIN_TECNICO;npx ts-node scripts/vampire_audit_sanitizer.ts;Argumentos CLI / Flags;Logs de consola / Archivos generados / Actas;Script auxiliar de mantenimiento, limpieza o pruebas forenses de la plataforma.;MEDIUM
SCR-211;SCRIPTS_LOCALES;CLI_SCRIPT;vampire_cohort_p0_gold.json;scripts/vampire_cohort_p0_gold.json;ADMIN_TECNICO;;Argumentos CLI / Flags;Logs de consola / Archivos generados / Actas;Script auxiliar de mantenimiento, limpieza o pruebas forenses de la plataforma.;MEDIUM
SCR-212;SCRIPTS_LOCALES;CLI_SCRIPT;vampire_cohort_p1_silver.json;scripts/vampire_cohort_p1_silver.json;ADMIN_TECNICO;;Argumentos CLI / Flags;Logs de consola / Archivos generados / Actas;Script auxiliar de mantenimiento, limpieza o pruebas forenses de la plataforma.;MEDIUM
SCR-213;SCRIPTS_LOCALES;CLI_SCRIPT;vampire_index_summary.json;scripts/vampire_index_summary.json;ADMIN_TECNICO;;Argumentos CLI / Flags;Logs de consola / Archivos generados / Actas;Script auxiliar de mantenimiento, limpieza o pruebas forenses de la plataforma.;MEDIUM
SCR-214;SCRIPTS_LOCALES;CLI_SCRIPT;vampire_ingest.ts;scripts/vampire_ingest.ts;SISTEMA_ZTM / CEO;npx ts-node scripts/vampire_ingest.ts;Argumentos CLI / Flags;Logs de consola / Archivos generados / Actas;Motor de archivo físico, delta-indexing SHA-256 y vaciado de discos a la bóveda inmutable.;CRITICAL
SCR-215;SCRIPTS_LOCALES;CLI_SCRIPT;vampire_mass_extracted.json;scripts/vampire_mass_extracted.json;ADMIN_TECNICO;;Argumentos CLI / Flags;Logs de consola / Archivos generados / Actas;Script auxiliar de mantenimiento, limpieza o pruebas forenses de la plataforma.;MEDIUM
SCR-216;SCRIPTS_LOCALES;CLI_SCRIPT;vampire_mass_ingest.ts;scripts/vampire_mass_ingest.ts;SISTEMA_ZTM / CEO;npx ts-node scripts/vampire_mass_ingest.ts;Argumentos CLI / Flags;Logs de consola / Archivos generados / Actas;Motor de archivo físico, delta-indexing SHA-256 y vaciado de discos a la bóveda inmutable.;CRITICAL
SCR-217;SCRIPTS_LOCALES;CLI_SCRIPT;vampire_public_catalog_zk.json;scripts/vampire_public_catalog_zk.json;ADMIN_TECNICO;;Argumentos CLI / Flags;Logs de consola / Archivos generados / Actas;Script auxiliar de mantenimiento, limpieza o pruebas forenses de la plataforma.;MEDIUM
SCR-218;SCRIPTS_LOCALES;CLI_SCRIPT;vampire_shadow_profiles_extracted.json;scripts/vampire_shadow_profiles_extracted.json;ADMIN_TECNICO;;Argumentos CLI / Flags;Logs de consola / Archivos generados / Actas;Script auxiliar de mantenimiento, limpieza o pruebas forenses de la plataforma.;MEDIUM
SCR-219;SCRIPTS_LOCALES;CLI_SCRIPT;vampire_shadow_profiles_sanitized.json;scripts/vampire_shadow_profiles_sanitized.json;ADMIN_TECNICO;;Argumentos CLI / Flags;Logs de consola / Archivos generados / Actas;Script auxiliar de mantenimiento, limpieza o pruebas forenses de la plataforma.;MEDIUM
SCR-220;SCRIPTS_LOCALES;CLI_SCRIPT;vampirize_astra_neural_engine.py;scripts/vampirize_astra_neural_engine.py;ADMIN_TECNICO;python scripts/vampirize_astra_neural_engine.py;Argumentos CLI / Flags;Logs de consola / Archivos generados / Actas;Script auxiliar de mantenimiento, limpieza o pruebas forenses de la plataforma.;MEDIUM
SCR-221;SCRIPTS_LOCALES;CLI_SCRIPT;vampirize_demetrio_catalog.py;scripts/vampirize_demetrio_catalog.py;ADMIN_TECNICO;python scripts/vampirize_demetrio_catalog.py;Argumentos CLI / Flags;Logs de consola / Archivos generados / Actas;Script auxiliar de mantenimiento, limpieza o pruebas forenses de la plataforma.;MEDIUM
SCR-222;SCRIPTS_LOCALES;CLI_SCRIPT;vampirize_demetrio_full.py;scripts/vampirize_demetrio_full.py;ADMIN_TECNICO;python scripts/vampirize_demetrio_full.py;Argumentos CLI / Flags;Logs de consola / Archivos generados / Actas;Script auxiliar de mantenimiento, limpieza o pruebas forenses de la plataforma.;MEDIUM
SCR-223;SCRIPTS_LOCALES;CLI_SCRIPT;vampirize_local_pdfs_and_market.py;scripts/vampirize_local_pdfs_and_market.py;ADMIN_TECNICO;python scripts/vampirize_local_pdfs_and_market.py;Argumentos CLI / Flags;Logs de consola / Archivos generados / Actas;Script auxiliar de mantenimiento, limpieza o pruebas forenses de la plataforma.;MEDIUM
SCR-224;SCRIPTS_LOCALES;CLI_SCRIPT;vampirize_premium_pdfs.py;scripts/vampirize_premium_pdfs.py;ADMIN_TECNICO;python scripts/vampirize_premium_pdfs.py;Argumentos CLI / Flags;Logs de consola / Archivos generados / Actas;Script auxiliar de mantenimiento, limpieza o pruebas forenses de la plataforma.;MEDIUM
SCR-225;SCRIPTS_LOCALES;CLI_SCRIPT;vampirize_qualityvip.js;scripts/vampirize_qualityvip.js;ADMIN_TECNICO;node scripts/vampirize_qualityvip.js;Argumentos CLI / Flags;Logs de consola / Archivos generados / Actas;Script auxiliar de mantenimiento, limpieza o pruebas forenses de la plataforma.;MEDIUM
SCR-226;SCRIPTS_LOCALES;CLI_SCRIPT;vantage-registry.js;scripts/vantage-registry.js;ADMIN_TECNICO;node scripts/vantage-registry.js;Argumentos CLI / Flags;Logs de consola / Archivos generados / Actas;Script auxiliar de mantenimiento, limpieza o pruebas forenses de la plataforma.;MEDIUM
SCR-227;SCRIPTS_LOCALES;CLI_SCRIPT;vantage-registry.ts;scripts/vantage-registry.ts;ADMIN_TECNICO;npx ts-node scripts/vantage-registry.ts;Argumentos CLI / Flags;Logs de consola / Archivos generados / Actas;Script auxiliar de mantenimiento, limpieza o pruebas forenses de la plataforma.;MEDIUM
SCR-228;SCRIPTS_LOCALES;CLI_SCRIPT;verify-arsenal-routes.js;scripts/verify-arsenal-routes.js;ADMIN_TECNICO;node scripts/verify-arsenal-routes.js;Argumentos CLI / Flags;Logs de consola / Archivos generados / Actas;Script auxiliar de mantenimiento, limpieza o pruebas forenses de la plataforma.;MEDIUM
SCR-229;SCRIPTS_LOCALES;CLI_SCRIPT;verify-seo-fixes.js;scripts/verify-seo-fixes.js;ADMIN_TECNICO;node scripts/verify-seo-fixes.js;Argumentos CLI / Flags;Logs de consola / Archivos generados / Actas;Script auxiliar de mantenimiento, limpieza o pruebas forenses de la plataforma.;MEDIUM
SCR-230;SCRIPTS_LOCALES;CLI_SCRIPT;verify_tool_imports.py;scripts/verify_tool_imports.py;ADMIN_TECNICO;python scripts/verify_tool_imports.py;Argumentos CLI / Flags;Logs de consola / Archivos generados / Actas;Script auxiliar de mantenimiento, limpieza o pruebas forenses de la plataforma.;MEDIUM
SCR-231;SCRIPTS_LOCALES;CLI_SCRIPT;whisper_incubadora_deep_miner.py;scripts/whisper_incubadora_deep_miner.py;ADMIN_TECNICO;python scripts/whisper_incubadora_deep_miner.py;Argumentos CLI / Flags;Logs de consola / Archivos generados / Actas;Script auxiliar de mantenimiento, limpieza o pruebas forenses de la plataforma.;MEDIUM
SCR-232;SCRIPTS_LOCALES;CLI_SCRIPT;ztm_purist_archivist.py;scripts/ztm_purist_archivist.py;SISTEMA_ZTM / CEO;python scripts/ztm_purist_archivist.py;Argumentos CLI / Flags;Logs de consola / Archivos generados / Actas;Motor de archivo físico, delta-indexing SHA-256 y vaciado de discos a la bóveda inmutable.;CRITICAL
ACT-001;SERVER_ACTIONS_FINTECH;NEXTJS_SERVER_ACTION;affiliateActions.ts;src/app/actions/affiliateActions.ts;CLIENTE / ARTISTA / VENUE;import { ... } from '@/app/actions/affiliateActions';Zod Schema Validated Input;{ checkoutUrl: string, sessionId: string };Generación de sesiones de pago y suscripción segura con Stripe Checkout (Split 80/10/10, Blur-Lock y regalías).;CRITICAL
ACT-002;SERVER_ACTIONS_FINTECH;NEXTJS_SERVER_ACTION;agenticWorkflowActions.ts;src/app/actions/agenticWorkflowActions.ts;CLIENTE / ARTISTA / VENUE;import { ... } from '@/app/actions/agenticWorkflowActions';Zod Schema Validated Input;{ checkoutUrl: string, sessionId: string };Generación de sesiones de pago y suscripción segura con Stripe Checkout (Split 80/10/10, Blur-Lock y regalías).;CRITICAL
ACT-003;SERVER_ACTIONS_FINTECH;NEXTJS_SERVER_ACTION;backupActions.ts;src/app/actions/backupActions.ts;CLIENTE / ARTISTA / VENUE;import { ... } from '@/app/actions/backupActions';Zod Schema Validated Input;{ checkoutUrl: string, sessionId: string };Generación de sesiones de pago y suscripción segura con Stripe Checkout (Split 80/10/10, Blur-Lock y regalías).;CRITICAL
ACT-004;SERVER_ACTIONS_FINTECH;NEXTJS_SERVER_ACTION;checkoutActions.ts;src/app/actions/checkoutActions.ts;CLIENTE / ARTISTA / VENUE;import { ... } from '@/app/actions/checkoutActions';Zod Schema Validated Input;{ checkoutUrl: string, sessionId: string };Generación de sesiones de pago y suscripción segura con Stripe Checkout (Split 80/10/10, Blur-Lock y regalías).;CRITICAL
ACT-005;SERVER_ACTIONS_FINTECH;NEXTJS_SERVER_ACTION;commandCenterActions.ts;src/app/actions/commandCenterActions.ts;CLIENTE / ARTISTA / VENUE;import { ... } from '@/app/actions/commandCenterActions';Zod Schema Validated Input;{ checkoutUrl: string, sessionId: string };Generación de sesiones de pago y suscripción segura con Stripe Checkout (Split 80/10/10, Blur-Lock y regalías).;CRITICAL
ACT-006;SERVER_ACTIONS_FINTECH;NEXTJS_SERVER_ACTION;dossierActions.ts;src/app/actions/dossierActions.ts;CLIENTE / ARTISTA / VENUE;import { ... } from '@/app/actions/dossierActions';Zod Schema Validated Input;{ checkoutUrl: string, sessionId: string };Generación de sesiones de pago y suscripción segura con Stripe Checkout (Split 80/10/10, Blur-Lock y regalías).;CRITICAL
ACT-007;SERVER_ACTIONS_FINTECH;NEXTJS_SERVER_ACTION;matcherActions.ts;src/app/actions/matcherActions.ts;CLIENTE / ARTISTA / VENUE;import { ... } from '@/app/actions/matcherActions';Zod Schema Validated Input;{ checkoutUrl: string, sessionId: string };Generación de sesiones de pago y suscripción segura con Stripe Checkout (Split 80/10/10, Blur-Lock y regalías).;CRITICAL
ACT-008;SERVER_ACTIONS_FINTECH;NEXTJS_SERVER_ACTION;matchmakerActions.ts;src/app/actions/matchmakerActions.ts;CLIENTE / ARTISTA / VENUE;import { ... } from '@/app/actions/matchmakerActions';Zod Schema Validated Input;{ checkoutUrl: string, sessionId: string };Generación de sesiones de pago y suscripción segura con Stripe Checkout (Split 80/10/10, Blur-Lock y regalías).;CRITICAL
ACT-009;SERVER_ACTIONS_FINTECH;NEXTJS_SERVER_ACTION;smartLockActions.ts;src/app/actions/smartLockActions.ts;CLIENTE / ARTISTA / VENUE;import { ... } from '@/app/actions/smartLockActions';Zod Schema Validated Input;{ checkoutUrl: string, sessionId: string };Generación de sesiones de pago y suscripción segura con Stripe Checkout (Split 80/10/10, Blur-Lock y regalías).;CRITICAL
ACT-010;SERVER_ACTIONS_FINTECH;NEXTJS_SERVER_ACTION;stripeBillingActions.ts;src/app/actions/stripeBillingActions.ts;CLIENTE / ARTISTA / VENUE;import { ... } from '@/app/actions/stripeBillingActions';Zod Schema Validated Input;{ checkoutUrl: string, sessionId: string };Generación de sesiones de pago y suscripción segura con Stripe Checkout (Split 80/10/10, Blur-Lock y regalías).;CRITICAL
ACT-011;SERVER_ACTIONS_FINTECH;NEXTJS_SERVER_ACTION;stripeConnectActions.ts;src/app/actions/stripeConnectActions.ts;CLIENTE / ARTISTA / VENUE;import { ... } from '@/app/actions/stripeConnectActions';Zod Schema Validated Input;{ checkoutUrl: string, sessionId: string };Generación de sesiones de pago y suscripción segura con Stripe Checkout (Split 80/10/10, Blur-Lock y regalías).;CRITICAL
ACT-012;SERVER_ACTIONS_FINTECH;NEXTJS_SERVER_ACTION;vipCheckoutActions.ts;src/app/actions/vipCheckoutActions.ts;CLIENTE / ARTISTA / VENUE;import { ... } from '@/app/actions/vipCheckoutActions';Zod Schema Validated Input;{ checkoutUrl: string, sessionId: string };Generación de sesiones de pago y suscripción segura con Stripe Checkout (Split 80/10/10, Blur-Lock y regalías).;CRITICAL
RTE-001;ROUTING_NEXTJS;PUBLIC_PAGE_VIEW;/;src/app/page.tsx;PUBLIC_VISITOR;GET/POST /;HTTP Request / URL Query / JSON Body;HTML DOM Response / JSON Response / Stream Attachment;Endpoint de procesamiento API o vista de cliente/artista renderizada con Next.js App Router.;HIGH
RTE-002;ROUTING_NEXTJS;PUBLIC_PAGE_VIEW;/artistas/analytics;src/app/(artist)/artistas/analytics/page.tsx;ARTISTA_DJ;GET/POST /artistas/analytics;HTTP Request / URL Query / JSON Body;HTML DOM Response / JSON Response / Stream Attachment;Endpoint de procesamiento API o vista de cliente/artista renderizada con Next.js App Router.;CRITICAL
RTE-003;ROUTING_NEXTJS;PUBLIC_PAGE_VIEW;/artistas/bio;src/app/(artist)/artistas/bio/page.tsx;ARTISTA_DJ;GET/POST /artistas/bio;HTTP Request / URL Query / JSON Body;HTML DOM Response / JSON Response / Stream Attachment;Endpoint de procesamiento API o vista de cliente/artista renderizada con Next.js App Router.;CRITICAL
RTE-004;ROUTING_NEXTJS;PUBLIC_PAGE_VIEW;/artistas/bookings;src/app/(artist)/artistas/bookings/page.tsx;ARTISTA_DJ;GET/POST /artistas/bookings;HTTP Request / URL Query / JSON Body;HTML DOM Response / JSON Response / Stream Attachment;Endpoint de procesamiento API o vista de cliente/artista renderizada con Next.js App Router.;CRITICAL
RTE-005;ROUTING_NEXTJS;PUBLIC_PAGE_VIEW;/artistas/contracts;src/app/(artist)/artistas/contracts/page.tsx;ARTISTA_DJ;GET/POST /artistas/contracts;HTTP Request / URL Query / JSON Body;HTML DOM Response / JSON Response / Stream Attachment;Endpoint de procesamiento API o vista de cliente/artista renderizada con Next.js App Router.;CRITICAL
RTE-006;ROUTING_NEXTJS;PUBLIC_PAGE_VIEW;/artistas/media;src/app/(artist)/artistas/media/page.tsx;ARTISTA_DJ;GET/POST /artistas/media;HTTP Request / URL Query / JSON Body;HTML DOM Response / JSON Response / Stream Attachment;Endpoint de procesamiento API o vista de cliente/artista renderizada con Next.js App Router.;CRITICAL
RTE-007;ROUTING_NEXTJS;PUBLIC_PAGE_VIEW;/artistas/pricing;src/app/(artist)/artistas/pricing/page.tsx;ARTISTA_DJ;GET/POST /artistas/pricing;HTTP Request / URL Query / JSON Body;HTML DOM Response / JSON Response / Stream Attachment;Endpoint de procesamiento API o vista de cliente/artista renderizada con Next.js App Router.;CRITICAL
RTE-008;ROUTING_NEXTJS;PUBLIC_PAGE_VIEW;/artistas/profile;src/app/(artist)/artistas/profile/page.tsx;ARTISTA_DJ;GET/POST /artistas/profile;HTTP Request / URL Query / JSON Body;HTML DOM Response / JSON Response / Stream Attachment;Endpoint de procesamiento API o vista de cliente/artista renderizada con Next.js App Router.;CRITICAL
RTE-009;ROUTING_NEXTJS;PUBLIC_PAGE_VIEW;/artistas/repertoire;src/app/(artist)/artistas/repertoire/page.tsx;ARTISTA_DJ;GET/POST /artistas/repertoire;HTTP Request / URL Query / JSON Body;HTML DOM Response / JSON Response / Stream Attachment;Endpoint de procesamiento API o vista de cliente/artista renderizada con Next.js App Router.;CRITICAL
RTE-010;ROUTING_NEXTJS;PUBLIC_PAGE_VIEW;/artistas/settings;src/app/(artist)/artistas/settings/page.tsx;ARTISTA_DJ;GET/POST /artistas/settings;HTTP Request / URL Query / JSON Body;HTML DOM Response / JSON Response / Stream Attachment;Endpoint de procesamiento API o vista de cliente/artista renderizada con Next.js App Router.;CRITICAL
RTE-011;ROUTING_NEXTJS;PUBLIC_PAGE_VIEW;/dashboard/paciente-cero;src/app/(dashboard)/dashboard/paciente-cero/page.tsx;PUBLIC_VISITOR;GET/POST /dashboard/paciente-cero;HTTP Request / URL Query / JSON Body;HTML DOM Response / JSON Response / Stream Attachment;Portal de Artistas & DJs Freemium / Pro con ingesta de historiales y activación de Stripe.;HIGH
RTE-012;ROUTING_NEXTJS;PUBLIC_PAGE_VIEW;/dashboard/proveedor;src/app/(dashboard)/dashboard/proveedor/page.tsx;PUBLIC_VISITOR;GET/POST /dashboard/proveedor;HTTP Request / URL Query / JSON Body;HTML DOM Response / JSON Response / Stream Attachment;Portal de Artistas & DJs Freemium / Pro con ingesta de historiales y activación de Stripe.;HIGH
RTE-013;ROUTING_NEXTJS;PUBLIC_PAGE_VIEW;/giras;src/app/(dashboard)/giras/page.tsx;PUBLIC_VISITOR;GET/POST /giras;HTTP Request / URL Query / JSON Body;HTML DOM Response / JSON Response / Stream Attachment;Endpoint de procesamiento API o vista de cliente/artista renderizada con Next.js App Router.;HIGH
RTE-014;ROUTING_NEXTJS;PUBLIC_PAGE_VIEW;/artists/dashboard;src/app/(label)/artists/dashboard/page.tsx;PUBLIC_VISITOR;GET/POST /artists/dashboard;HTTP Request / URL Query / JSON Body;HTML DOM Response / JSON Response / Stream Attachment;Portal de Artistas & DJs Freemium / Pro con ingesta de historiales y activación de Stripe.;HIGH
RTE-015;ROUTING_NEXTJS;PUBLIC_PAGE_VIEW;/analytics;src/app/(nexus)/(admin)/analytics/page.tsx;PUBLIC_VISITOR;GET/POST /analytics;HTTP Request / URL Query / JSON Body;HTML DOM Response / JSON Response / Stream Attachment;Endpoint de procesamiento API o vista de cliente/artista renderizada con Next.js App Router.;HIGH
RTE-016;ROUTING_NEXTJS;PUBLIC_PAGE_VIEW;/artistas-auditoria;src/app/(nexus)/(admin)/artistas-auditoria/page.tsx;ARTISTA_DJ;GET/POST /artistas-auditoria;HTTP Request / URL Query / JSON Body;HTML DOM Response / JSON Response / Stream Attachment;Endpoint de procesamiento API o vista de cliente/artista renderizada con Next.js App Router.;CRITICAL
RTE-017;ROUTING_NEXTJS;PUBLIC_PAGE_VIEW;/command-center;src/app/(nexus)/(admin)/command-center/page.tsx;PUBLIC_VISITOR;GET/POST /command-center;HTTP Request / URL Query / JSON Body;HTML DOM Response / JSON Response / Stream Attachment;Endpoint de procesamiento API o vista de cliente/artista renderizada con Next.js App Router.;HIGH
RTE-018;ROUTING_NEXTJS;PUBLIC_PAGE_VIEW;/control;src/app/(nexus)/(admin)/control/page.tsx;PUBLIC_VISITOR;GET/POST /control;HTTP Request / URL Query / JSON Body;HTML DOM Response / JSON Response / Stream Attachment;Endpoint de procesamiento API o vista de cliente/artista renderizada con Next.js App Router.;HIGH
RTE-019;ROUTING_NEXTJS;PUBLIC_PAGE_VIEW;/giras/[id];src/app/(nexus)/(dashboard)/giras/[id]/page.tsx;PUBLIC_VISITOR;GET/POST /giras/[id];HTTP Request / URL Query / JSON Body;HTML DOM Response / JSON Response / Stream Attachment;Endpoint de procesamiento API o vista de cliente/artista renderizada con Next.js App Router.;HIGH
RTE-020;ROUTING_NEXTJS;PUBLIC_PAGE_VIEW;/studio;src/app/(nexus)/(dashboard)/studio/page.tsx;PUBLIC_VISITOR;GET/POST /studio;HTTP Request / URL Query / JSON Body;HTML DOM Response / JSON Response / Stream Attachment;Endpoint de procesamiento API o vista de cliente/artista renderizada con Next.js App Router.;HIGH
RTE-021;ROUTING_NEXTJS;PUBLIC_PAGE_VIEW;/studio/[lessonId];src/app/(nexus)/(dashboard)/studio/[lessonId]/page.tsx;PUBLIC_VISITOR;GET/POST /studio/[lessonId];HTTP Request / URL Query / JSON Body;HTML DOM Response / JSON Response / Stream Attachment;Endpoint de procesamiento API o vista de cliente/artista renderizada con Next.js App Router.;HIGH
RTE-022;ROUTING_NEXTJS;PUBLIC_PAGE_VIEW;/vault;src/app/(nexus)/(dashboard)/vault/page.tsx;PUBLIC_VISITOR;GET/POST /vault;HTTP Request / URL Query / JSON Body;HTML DOM Response / JSON Response / Stream Attachment;Endpoint de procesamiento API o vista de cliente/artista renderizada con Next.js App Router.;HIGH
RTE-023;ROUTING_NEXTJS;PUBLIC_PAGE_VIEW;/admin;src/app/(nexus)/admin/page.tsx;PUBLIC_VISITOR;GET/POST /admin;HTTP Request / URL Query / JSON Body;HTML DOM Response / JSON Response / Stream Attachment;Endpoint de procesamiento API o vista de cliente/artista renderizada con Next.js App Router.;HIGH
RTE-024;ROUTING_NEXTJS;PUBLIC_PAGE_VIEW;/admin/academia;src/app/(nexus)/admin/academia/page.tsx;PUBLIC_VISITOR;GET/POST /admin/academia;HTTP Request / URL Query / JSON Body;HTML DOM Response / JSON Response / Stream Attachment;Endpoint de procesamiento API o vista de cliente/artista renderizada con Next.js App Router.;HIGH
RTE-025;ROUTING_NEXTJS;PUBLIC_PAGE_VIEW;/admin/afiliado;src/app/(nexus)/admin/afiliado/page.tsx;PUBLIC_VISITOR;GET/POST /admin/afiliado;HTTP Request / URL Query / JSON Body;HTML DOM Response / JSON Response / Stream Attachment;Endpoint de procesamiento API o vista de cliente/artista renderizada con Next.js App Router.;HIGH
RTE-026;ROUTING_NEXTJS;PUBLIC_PAGE_VIEW;/admin/afiliados;src/app/(nexus)/admin/afiliados/page.tsx;PUBLIC_VISITOR;GET/POST /admin/afiliados;HTTP Request / URL Query / JSON Body;HTML DOM Response / JSON Response / Stream Attachment;Endpoint de procesamiento API o vista de cliente/artista renderizada con Next.js App Router.;HIGH
RTE-027;ROUTING_NEXTJS;PUBLIC_PAGE_VIEW;/admin/astra;src/app/(nexus)/admin/astra/page.tsx;PUBLIC_VISITOR;GET/POST /admin/astra;HTTP Request / URL Query / JSON Body;HTML DOM Response / JSON Response / Stream Attachment;Endpoint de procesamiento API o vista de cliente/artista renderizada con Next.js App Router.;HIGH
RTE-028;ROUTING_NEXTJS;PUBLIC_PAGE_VIEW;/admin/configurador;src/app/(nexus)/admin/configurador/page.tsx;PUBLIC_VISITOR;GET/POST /admin/configurador;HTTP Request / URL Query / JSON Body;HTML DOM Response / JSON Response / Stream Attachment;Endpoint de procesamiento API o vista de cliente/artista renderizada con Next.js App Router.;HIGH
RTE-029;ROUTING_NEXTJS;PUBLIC_PAGE_VIEW;/admin/crm;src/app/(nexus)/admin/crm/page.tsx;PUBLIC_VISITOR;GET/POST /admin/crm;HTTP Request / URL Query / JSON Body;HTML DOM Response / JSON Response / Stream Attachment;Endpoint de procesamiento API o vista de cliente/artista renderizada con Next.js App Router.;HIGH
RTE-030;ROUTING_NEXTJS;PUBLIC_PAGE_VIEW;/admin/crm-vulnerable;src/app/(nexus)/admin/crm-vulnerable/page.tsx;PUBLIC_VISITOR;GET/POST /admin/crm-vulnerable;HTTP Request / URL Query / JSON Body;HTML DOM Response / JSON Response / Stream Attachment;Endpoint de procesamiento API o vista de cliente/artista renderizada con Next.js App Router.;HIGH
RTE-031;ROUTING_NEXTJS;PUBLIC_PAGE_VIEW;/admin/estado;src/app/(nexus)/admin/estado/page.tsx;PUBLIC_VISITOR;GET/POST /admin/estado;HTTP Request / URL Query / JSON Body;HTML DOM Response / JSON Response / Stream Attachment;Endpoint de procesamiento API o vista de cliente/artista renderizada con Next.js App Router.;HIGH
RTE-032;ROUTING_NEXTJS;PUBLIC_PAGE_VIEW;/admin/flota;src/app/(nexus)/admin/flota/page.tsx;PUBLIC_VISITOR;GET/POST /admin/flota;HTTP Request / URL Query / JSON Body;HTML DOM Response / JSON Response / Stream Attachment;Endpoint de procesamiento API o vista de cliente/artista renderizada con Next.js App Router.;HIGH
RTE-033;ROUTING_NEXTJS;PUBLIC_PAGE_VIEW;/admin/hunter;src/app/(nexus)/admin/hunter/page.tsx;PUBLIC_VISITOR;GET/POST /admin/hunter;HTTP Request / URL Query / JSON Body;HTML DOM Response / JSON Response / Stream Attachment;Endpoint de procesamiento API o vista de cliente/artista renderizada con Next.js App Router.;HIGH
RTE-034;ROUTING_NEXTJS;PUBLIC_PAGE_VIEW;/admin/mapear;src/app/(nexus)/admin/mapear/page.tsx;PUBLIC_VISITOR;GET/POST /admin/mapear;HTTP Request / URL Query / JSON Body;HTML DOM Response / JSON Response / Stream Attachment;Endpoint de procesamiento API o vista de cliente/artista renderizada con Next.js App Router.;HIGH
RTE-035;ROUTING_NEXTJS;PUBLIC_PAGE_VIEW;/admin/nexus;src/app/(nexus)/admin/nexus/page.tsx;PUBLIC_VISITOR;GET/POST /admin/nexus;HTTP Request / URL Query / JSON Body;HTML DOM Response / JSON Response / Stream Attachment;Endpoint de procesamiento API o vista de cliente/artista renderizada con Next.js App Router.;HIGH
RTE-036;ROUTING_NEXTJS;PUBLIC_PAGE_VIEW;/admin/oraculo;src/app/(nexus)/admin/oraculo/page.tsx;PUBLIC_VISITOR;GET/POST /admin/oraculo;HTTP Request / URL Query / JSON Body;HTML DOM Response / JSON Response / Stream Attachment;Endpoint de procesamiento API o vista de cliente/artista renderizada con Next.js App Router.;HIGH
RTE-037;ROUTING_NEXTJS;PUBLIC_PAGE_VIEW;/admin/rutas;src/app/(nexus)/admin/rutas/page.tsx;PUBLIC_VISITOR;GET/POST /admin/rutas;HTTP Request / URL Query / JSON Body;HTML DOM Response / JSON Response / Stream Attachment;Endpoint de procesamiento API o vista de cliente/artista renderizada con Next.js App Router.;HIGH
RTE-038;ROUTING_NEXTJS;PUBLIC_PAGE_VIEW;/admin/vimume;src/app/(nexus)/admin/vimume/page.tsx;PUBLIC_VISITOR;GET/POST /admin/vimume;HTTP Request / URL Query / JSON Body;HTML DOM Response / JSON Response / Stream Attachment;Endpoint de procesamiento API o vista de cliente/artista renderizada con Next.js App Router.;HIGH
RTE-039;ROUTING_NEXTJS;PUBLIC_PAGE_VIEW;/centro-mando;src/app/(nexus)/centro-mando/page.tsx;PUBLIC_VISITOR;GET/POST /centro-mando;HTTP Request / URL Query / JSON Body;HTML DOM Response / JSON Response / Stream Attachment;Endpoint de procesamiento API o vista de cliente/artista renderizada con Next.js App Router.;HIGH
RTE-040;ROUTING_NEXTJS;PUBLIC_PAGE_VIEW;/dashboard;src/app/(nexus)/dashboard/page.tsx;PUBLIC_VISITOR;GET/POST /dashboard;HTTP Request / URL Query / JSON Body;HTML DOM Response / JSON Response / Stream Attachment;Portal de Artistas & DJs Freemium / Pro con ingesta de historiales y activación de Stripe.;HIGH
RTE-041;ROUTING_NEXTJS;PUBLIC_PAGE_VIEW;/dashboard/operaciones/[tourId];src/app/(nexus)/dashboard/operaciones/[tourId]/page.tsx;PUBLIC_VISITOR;GET/POST /dashboard/operaciones/[tourId];HTTP Request / URL Query / JSON Body;HTML DOM Response / JSON Response / Stream Attachment;Portal de Artistas & DJs Freemium / Pro con ingesta de historiales y activación de Stripe.;HIGH
RTE-042;ROUTING_NEXTJS;PUBLIC_PAGE_VIEW;/dashboard/vault;src/app/(nexus)/dashboard/vault/page.tsx;PUBLIC_VISITOR;GET/POST /dashboard/vault;HTTP Request / URL Query / JSON Body;HTML DOM Response / JSON Response / Stream Attachment;Portal de Artistas & DJs Freemium / Pro con ingesta de historiales y activación de Stripe.;HIGH
RTE-043;ROUTING_NEXTJS;PUBLIC_PAGE_VIEW;/nexus;src/app/(nexus)/nexus/page.tsx;PUBLIC_VISITOR;GET/POST /nexus;HTTP Request / URL Query / JSON Body;HTML DOM Response / JSON Response / Stream Attachment;Endpoint de procesamiento API o vista de cliente/artista renderizada con Next.js App Router.;HIGH
RTE-044;ROUTING_NEXTJS;PUBLIC_PAGE_VIEW;/nexus/[role]/[id];src/app/(nexus)/nexus/[role]/[id]/page.tsx;PUBLIC_VISITOR;GET/POST /nexus/[role]/[id];HTTP Request / URL Query / JSON Body;HTML DOM Response / JSON Response / Stream Attachment;Endpoint de procesamiento API o vista de cliente/artista renderizada con Next.js App Router.;HIGH
RTE-045;ROUTING_NEXTJS;PUBLIC_PAGE_VIEW;/portal;src/app/(nexus)/portal/page.tsx;PUBLIC_VISITOR;GET/POST /portal;HTTP Request / URL Query / JSON Body;HTML DOM Response / JSON Response / Stream Attachment;Endpoint de procesamiento API o vista de cliente/artista renderizada con Next.js App Router.;HIGH
RTE-046;ROUTING_NEXTJS;PUBLIC_PAGE_VIEW;/;src/app/(public)/page.tsx;PUBLIC_VISITOR;GET/POST /;HTTP Request / URL Query / JSON Body;HTML DOM Response / JSON Response / Stream Attachment;Endpoint de procesamiento API o vista de cliente/artista renderizada con Next.js App Router.;HIGH
RTE-047;ROUTING_NEXTJS;PUBLIC_PAGE_VIEW;/auditoria;src/app/(public)/(auth)/auditoria/page.tsx;PUBLIC_VISITOR;GET/POST /auditoria;HTTP Request / URL Query / JSON Body;HTML DOM Response / JSON Response / Stream Attachment;Endpoint de procesamiento API o vista de cliente/artista renderizada con Next.js App Router.;HIGH
RTE-048;ROUTING_NEXTJS;PUBLIC_PAGE_VIEW;/login;src/app/(public)/(auth)/login/page.tsx;PUBLIC_VISITOR;GET/POST /login;HTTP Request / URL Query / JSON Body;HTML DOM Response / JSON Response / Stream Attachment;Endpoint de procesamiento API o vista de cliente/artista renderizada con Next.js App Router.;HIGH
RTE-049;ROUTING_NEXTJS;PUBLIC_PAGE_VIEW;/register;src/app/(public)/(auth)/register/page.tsx;PUBLIC_VISITOR;GET/POST /register;HTTP Request / URL Query / JSON Body;HTML DOM Response / JSON Response / Stream Attachment;Endpoint de procesamiento API o vista de cliente/artista renderizada con Next.js App Router.;HIGH
RTE-050;ROUTING_NEXTJS;PUBLIC_PAGE_VIEW;/about;src/app/(public)/about/page.tsx;PUBLIC_VISITOR;GET/POST /about;HTTP Request / URL Query / JSON Body;HTML DOM Response / JSON Response / Stream Attachment;Endpoint de procesamiento API o vista de cliente/artista renderizada con Next.js App Router.;HIGH
RTE-051;ROUTING_NEXTJS;PUBLIC_PAGE_VIEW;/academia;src/app/(public)/academia/page.tsx;PUBLIC_VISITOR;GET/POST /academia;HTTP Request / URL Query / JSON Body;HTML DOM Response / JSON Response / Stream Attachment;Endpoint de procesamiento API o vista de cliente/artista renderizada con Next.js App Router.;HIGH
RTE-052;ROUTING_NEXTJS;PUBLIC_PAGE_VIEW;/afiliado;src/app/(public)/afiliado/page.tsx;PUBLIC_VISITOR;GET/POST /afiliado;HTTP Request / URL Query / JSON Body;HTML DOM Response / JSON Response / Stream Attachment;Endpoint de procesamiento API o vista de cliente/artista renderizada con Next.js App Router.;HIGH
RTE-053;ROUTING_NEXTJS;PUBLIC_PAGE_VIEW;/afiliados;src/app/(public)/afiliados/page.tsx;PUBLIC_VISITOR;GET/POST /afiliados;HTTP Request / URL Query / JSON Body;HTML DOM Response / JSON Response / Stream Attachment;Endpoint de procesamiento API o vista de cliente/artista renderizada con Next.js App Router.;HIGH
RTE-054;ROUTING_NEXTJS;PUBLIC_PAGE_VIEW;/alquiler;src/app/(public)/alquiler/page.tsx;PUBLIC_VISITOR;GET/POST /alquiler;HTTP Request / URL Query / JSON Body;HTML DOM Response / JSON Response / Stream Attachment;Endpoint de procesamiento API o vista de cliente/artista renderizada con Next.js App Router.;HIGH
RTE-055;ROUTING_NEXTJS;PUBLIC_PAGE_VIEW;/arsenal;src/app/(public)/arsenal/page.tsx;PUBLIC_VISITOR;GET/POST /arsenal;HTTP Request / URL Query / JSON Body;HTML DOM Response / JSON Response / Stream Attachment;Endpoint de procesamiento API o vista de cliente/artista renderizada con Next.js App Router.;HIGH
RTE-056;ROUTING_NEXTJS;PUBLIC_PAGE_VIEW;/arsenal/[...slug];src/app/(public)/arsenal/[...slug]/page.tsx;PUBLIC_VISITOR;GET/POST /arsenal/[...slug];HTTP Request / URL Query / JSON Body;HTML DOM Response / JSON Response / Stream Attachment;Endpoint de procesamiento API o vista de cliente/artista renderizada con Next.js App Router.;HIGH
RTE-057;ROUTING_NEXTJS;PUBLIC_PAGE_VIEW;/artistas;src/app/(public)/artistas/page.tsx;ARTISTA_DJ;GET/POST /artistas;HTTP Request / URL Query / JSON Body;HTML DOM Response / JSON Response / Stream Attachment;Endpoint de procesamiento API o vista de cliente/artista renderizada con Next.js App Router.;CRITICAL
RTE-058;ROUTING_NEXTJS;PUBLIC_PAGE_VIEW;/artistas/aniversarios;src/app/(public)/artistas/aniversarios/page.tsx;ARTISTA_DJ;GET/POST /artistas/aniversarios;HTTP Request / URL Query / JSON Body;HTML DOM Response / JSON Response / Stream Attachment;Endpoint de procesamiento API o vista de cliente/artista renderizada con Next.js App Router.;CRITICAL
RTE-059;ROUTING_NEXTJS;PUBLIC_PAGE_VIEW;/artistas/bodas;src/app/(public)/artistas/bodas/page.tsx;ARTISTA_DJ;GET/POST /artistas/bodas;HTTP Request / URL Query / JSON Body;HTML DOM Response / JSON Response / Stream Attachment;Endpoint de procesamiento API o vista de cliente/artista renderizada con Next.js App Router.;CRITICAL
RTE-060;ROUTING_NEXTJS;PUBLIC_PAGE_VIEW;/artistas/ciudades;src/app/(public)/artistas/ciudades/page.tsx;ARTISTA_DJ;GET/POST /artistas/ciudades;HTTP Request / URL Query / JSON Body;HTML DOM Response / JSON Response / Stream Attachment;Endpoint de procesamiento API o vista de cliente/artista renderizada con Next.js App Router.;CRITICAL
RTE-061;ROUTING_NEXTJS;PUBLIC_PAGE_VIEW;/artistas/cumpleanos;src/app/(public)/artistas/cumpleanos/page.tsx;ARTISTA_DJ;GET/POST /artistas/cumpleanos;HTTP Request / URL Query / JSON Body;HTML DOM Response / JSON Response / Stream Attachment;Endpoint de procesamiento API o vista de cliente/artista renderizada con Next.js App Router.;CRITICAL
RTE-062;ROUTING_NEXTJS;PUBLIC_PAGE_VIEW;/artistas/cumpleaños;src/app/(public)/artistas/cumpleaños/page.tsx;ARTISTA_DJ;GET/POST /artistas/cumpleaños;HTTP Request / URL Query / JSON Body;HTML DOM Response / JSON Response / Stream Attachment;Endpoint de procesamiento API o vista de cliente/artista renderizada con Next.js App Router.;CRITICAL
RTE-063;ROUTING_NEXTJS;PUBLIC_PAGE_VIEW;/artistas/dashboard;src/app/(public)/artistas/dashboard/page.tsx;ARTISTA_DJ;GET/POST /artistas/dashboard;HTTP Request / URL Query / JSON Body;HTML DOM Response / JSON Response / Stream Attachment;Portal de Artistas & DJs Freemium / Pro con ingesta de historiales y activación de Stripe.;CRITICAL
RTE-064;ROUTING_NEXTJS;PUBLIC_PAGE_VIEW;/artistas/djs;src/app/(public)/artistas/djs/page.tsx;ARTISTA_DJ;GET/POST /artistas/djs;HTTP Request / URL Query / JSON Body;HTML DOM Response / JSON Response / Stream Attachment;Endpoint de procesamiento API o vista de cliente/artista renderizada con Next.js App Router.;CRITICAL
RTE-065;ROUTING_NEXTJS;PUBLIC_PAGE_VIEW;/artistas/edwin-agudelo;src/app/(public)/artistas/edwin-agudelo/page.tsx;ARTISTA_DJ;GET/POST /artistas/edwin-agudelo;HTTP Request / URL Query / JSON Body;HTML DOM Response / JSON Response / Stream Attachment;Endpoint de procesamiento API o vista de cliente/artista renderizada con Next.js App Router.;CRITICAL
RTE-066;ROUTING_NEXTJS;PUBLIC_PAGE_VIEW;/artistas/eventos;src/app/(public)/artistas/eventos/page.tsx;ARTISTA_DJ;GET/POST /artistas/eventos;HTTP Request / URL Query / JSON Body;HTML DOM Response / JSON Response / Stream Attachment;Endpoint de procesamiento API o vista de cliente/artista renderizada con Next.js App Router.;CRITICAL
RTE-067;ROUTING_NEXTJS;PUBLIC_PAGE_VIEW;/artistas/ferias;src/app/(public)/artistas/ferias/page.tsx;ARTISTA_DJ;GET/POST /artistas/ferias;HTTP Request / URL Query / JSON Body;HTML DOM Response / JSON Response / Stream Attachment;Endpoint de procesamiento API o vista de cliente/artista renderizada con Next.js App Router.;CRITICAL
RTE-068;ROUTING_NEXTJS;PUBLIC_PAGE_VIEW;/artistas/festivales;src/app/(public)/artistas/festivales/page.tsx;ARTISTA_DJ;GET/POST /artistas/festivales;HTTP Request / URL Query / JSON Body;HTML DOM Response / JSON Response / Stream Attachment;Endpoint de procesamiento API o vista de cliente/artista renderizada con Next.js App Router.;CRITICAL
RTE-069;ROUTING_NEXTJS;PUBLIC_PAGE_VIEW;/artistas/municipios;src/app/(public)/artistas/municipios/page.tsx;ARTISTA_DJ;GET/POST /artistas/municipios;HTTP Request / URL Query / JSON Body;HTML DOM Response / JSON Response / Stream Attachment;Endpoint de procesamiento API o vista de cliente/artista renderizada con Next.js App Router.;CRITICAL
RTE-070;ROUTING_NEXTJS;PUBLIC_PAGE_VIEW;/artistas/orquestas;src/app/(public)/artistas/orquestas/page.tsx;ARTISTA_DJ;GET/POST /artistas/orquestas;HTTP Request / URL Query / JSON Body;HTML DOM Response / JSON Response / Stream Attachment;Endpoint de procesamiento API o vista de cliente/artista renderizada con Next.js App Router.;CRITICAL
RTE-071;ROUTING_NEXTJS;PUBLIC_PAGE_VIEW;/artistas/provincias;src/app/(public)/artistas/provincias/page.tsx;ARTISTA_DJ;GET/POST /artistas/provincias;HTTP Request / URL Query / JSON Body;HTML DOM Response / JSON Response / Stream Attachment;Endpoint de procesamiento API o vista de cliente/artista renderizada con Next.js App Router.;CRITICAL
RTE-072;ROUTING_NEXTJS;PUBLIC_PAGE_VIEW;/artistas/reclamar-regalias;src/app/(public)/artistas/reclamar-regalias/page.tsx;ARTISTA_DJ;GET/POST /artistas/reclamar-regalias;HTTP Request / URL Query / JSON Body;HTML DOM Response / JSON Response / Stream Attachment;Landing Page de captación masiva S-Class ('El Vengador de Regalías') con calculadora y CTA dual.;CRITICAL
RTE-073;ROUTING_NEXTJS;PUBLIC_PAGE_VIEW;/artistas/shows;src/app/(public)/artistas/shows/page.tsx;ARTISTA_DJ;GET/POST /artistas/shows;HTTP Request / URL Query / JSON Body;HTML DOM Response / JSON Response / Stream Attachment;Endpoint de procesamiento API o vista de cliente/artista renderizada con Next.js App Router.;CRITICAL
RTE-074;ROUTING_NEXTJS;PUBLIC_PAGE_VIEW;/artistas/solistas;src/app/(public)/artistas/solistas/page.tsx;ARTISTA_DJ;GET/POST /artistas/solistas;HTTP Request / URL Query / JSON Body;HTML DOM Response / JSON Response / Stream Attachment;Endpoint de procesamiento API o vista de cliente/artista renderizada con Next.js App Router.;CRITICAL
RTE-075;ROUTING_NEXTJS;PUBLIC_PAGE_VIEW;/artistas/[slug];src/app/(public)/artistas/[slug]/page.tsx;ARTISTA_DJ;GET/POST /artistas/[slug];HTTP Request / URL Query / JSON Body;HTML DOM Response / JSON Response / Stream Attachment;Endpoint de procesamiento API o vista de cliente/artista renderizada con Next.js App Router.;CRITICAL
RTE-076;ROUTING_NEXTJS;PUBLIC_PAGE_VIEW;/artistas/[slug]/booking;src/app/(public)/artistas/[slug]/booking/page.tsx;ARTISTA_DJ;GET/POST /artistas/[slug]/booking;HTTP Request / URL Query / JSON Body;HTML DOM Response / JSON Response / Stream Attachment;Endpoint de procesamiento API o vista de cliente/artista renderizada con Next.js App Router.;CRITICAL
RTE-077;ROUTING_NEXTJS;PUBLIC_PAGE_VIEW;/artists;src/app/(public)/artists/page.tsx;PUBLIC_VISITOR;GET/POST /artists;HTTP Request / URL Query / JSON Body;HTML DOM Response / JSON Response / Stream Attachment;Endpoint de procesamiento API o vista de cliente/artista renderizada con Next.js App Router.;HIGH
RTE-078;ROUTING_NEXTJS;PUBLIC_PAGE_VIEW;/artists/press;src/app/(public)/artists/press/page.tsx;PUBLIC_VISITOR;GET/POST /artists/press;HTTP Request / URL Query / JSON Body;HTML DOM Response / JSON Response / Stream Attachment;Endpoint de procesamiento API o vista de cliente/artista renderizada con Next.js App Router.;HIGH
RTE-079;ROUTING_NEXTJS;PUBLIC_PAGE_VIEW;/artists/releases;src/app/(public)/artists/releases/page.tsx;PUBLIC_VISITOR;GET/POST /artists/releases;HTTP Request / URL Query / JSON Body;HTML DOM Response / JSON Response / Stream Attachment;Endpoint de procesamiento API o vista de cliente/artista renderizada con Next.js App Router.;HIGH
RTE-080;ROUTING_NEXTJS;PUBLIC_PAGE_VIEW;/artists/roster;src/app/(public)/artists/roster/page.tsx;PUBLIC_VISITOR;GET/POST /artists/roster;HTTP Request / URL Query / JSON Body;HTML DOM Response / JSON Response / Stream Attachment;Endpoint de procesamiento API o vista de cliente/artista renderizada con Next.js App Router.;HIGH
RTE-081;ROUTING_NEXTJS;PUBLIC_PAGE_VIEW;/artists/[slug];src/app/(public)/artists/[slug]/page.tsx;PUBLIC_VISITOR;GET/POST /artists/[slug];HTTP Request / URL Query / JSON Body;HTML DOM Response / JSON Response / Stream Attachment;Endpoint de procesamiento API o vista de cliente/artista renderizada con Next.js App Router.;HIGH
RTE-082;ROUTING_NEXTJS;PUBLIC_PAGE_VIEW;/aviso-legal;src/app/(public)/aviso-legal/page.tsx;PUBLIC_VISITOR;GET/POST /aviso-legal;HTTP Request / URL Query / JSON Body;HTML DOM Response / JSON Response / Stream Attachment;Endpoint de procesamiento API o vista de cliente/artista renderizada con Next.js App Router.;HIGH
RTE-083;ROUTING_NEXTJS;PUBLIC_PAGE_VIEW;/ayuntamientos;src/app/(public)/ayuntamientos/page.tsx;PUBLIC_VISITOR;GET/POST /ayuntamientos;HTTP Request / URL Query / JSON Body;HTML DOM Response / JSON Response / Stream Attachment;Endpoint de procesamiento API o vista de cliente/artista renderizada con Next.js App Router.;HIGH
RTE-084;ROUTING_NEXTJS;PUBLIC_PAGE_VIEW;/ayuntamientospremium;src/app/(public)/ayuntamientospremium/page.tsx;PUBLIC_VISITOR;GET/POST /ayuntamientospremium;HTTP Request / URL Query / JSON Body;HTML DOM Response / JSON Response / Stream Attachment;Endpoint de procesamiento API o vista de cliente/artista renderizada con Next.js App Router.;HIGH
RTE-085;ROUTING_NEXTJS;PUBLIC_PAGE_VIEW;/b2g;src/app/(public)/b2g/page.tsx;PUBLIC_VISITOR;GET/POST /b2g;HTTP Request / URL Query / JSON Body;HTML DOM Response / JSON Response / Stream Attachment;Endpoint de procesamiento API o vista de cliente/artista renderizada con Next.js App Router.;HIGH
RTE-086;ROUTING_NEXTJS;PUBLIC_PAGE_VIEW;/b2g/[...slug];src/app/(public)/b2g/[...slug]/page.tsx;PUBLIC_VISITOR;GET/POST /b2g/[...slug];HTTP Request / URL Query / JSON Body;HTML DOM Response / JSON Response / Stream Attachment;Endpoint de procesamiento API o vista de cliente/artista renderizada con Next.js App Router.;HIGH
RTE-087;ROUTING_NEXTJS;PUBLIC_PAGE_VIEW;/blog;src/app/(public)/blog/page.tsx;PUBLIC_VISITOR;GET/POST /blog;HTTP Request / URL Query / JSON Body;HTML DOM Response / JSON Response / Stream Attachment;Endpoint de procesamiento API o vista de cliente/artista renderizada con Next.js App Router.;HIGH
RTE-088;ROUTING_NEXTJS;PUBLIC_PAGE_VIEW;/blog/b2g;src/app/(public)/blog/b2g/page.tsx;PUBLIC_VISITOR;GET/POST /blog/b2g;HTTP Request / URL Query / JSON Body;HTML DOM Response / JSON Response / Stream Attachment;Endpoint de procesamiento API o vista de cliente/artista renderizada con Next.js App Router.;HIGH
RTE-089;ROUTING_NEXTJS;PUBLIC_PAGE_VIEW;/blog/casos-clinicos;src/app/(public)/blog/casos-clinicos/page.tsx;PUBLIC_VISITOR;GET/POST /blog/casos-clinicos;HTTP Request / URL Query / JSON Body;HTML DOM Response / JSON Response / Stream Attachment;Endpoint de procesamiento API o vista de cliente/artista renderizada con Next.js App Router.;HIGH
RTE-090;ROUTING_NEXTJS;PUBLIC_PAGE_VIEW;/blog/impacto-social;src/app/(public)/blog/impacto-social/page.tsx;PUBLIC_VISITOR;GET/POST /blog/impacto-social;HTTP Request / URL Query / JSON Body;HTML DOM Response / JSON Response / Stream Attachment;Endpoint de procesamiento API o vista de cliente/artista renderizada con Next.js App Router.;HIGH
RTE-091;ROUTING_NEXTJS;PUBLIC_PAGE_VIEW;/blog/investigacion;src/app/(public)/blog/investigacion/page.tsx;PUBLIC_VISITOR;GET/POST /blog/investigacion;HTTP Request / URL Query / JSON Body;HTML DOM Response / JSON Response / Stream Attachment;Endpoint de procesamiento API o vista de cliente/artista renderizada con Next.js App Router.;HIGH
RTE-092;ROUTING_NEXTJS;PUBLIC_PAGE_VIEW;/blog/newsletter;src/app/(public)/blog/newsletter/page.tsx;PUBLIC_VISITOR;GET/POST /blog/newsletter;HTTP Request / URL Query / JSON Body;HTML DOM Response / JSON Response / Stream Attachment;Endpoint de procesamiento API o vista de cliente/artista renderizada con Next.js App Router.;HIGH
RTE-093;ROUTING_NEXTJS;PUBLIC_PAGE_VIEW;/blog/tecnica-sonora;src/app/(public)/blog/tecnica-sonora/page.tsx;PUBLIC_VISITOR;GET/POST /blog/tecnica-sonora;HTTP Request / URL Query / JSON Body;HTML DOM Response / JSON Response / Stream Attachment;Endpoint de procesamiento API o vista de cliente/artista renderizada con Next.js App Router.;HIGH
RTE-094;ROUTING_NEXTJS;PUBLIC_PAGE_VIEW;/bodas;src/app/(public)/bodas/page.tsx;PUBLIC_VISITOR;GET/POST /bodas;HTTP Request / URL Query / JSON Body;HTML DOM Response / JSON Response / Stream Attachment;Endpoint de procesamiento API o vista de cliente/artista renderizada con Next.js App Router.;HIGH
RTE-095;ROUTING_NEXTJS;PUBLIC_PAGE_VIEW;/bodas/guias;src/app/(public)/bodas/guias/page.tsx;PUBLIC_VISITOR;GET/POST /bodas/guias;HTTP Request / URL Query / JSON Body;HTML DOM Response / JSON Response / Stream Attachment;Endpoint de procesamiento API o vista de cliente/artista renderizada con Next.js App Router.;HIGH
RTE-096;ROUTING_NEXTJS;PUBLIC_PAGE_VIEW;/bodas/[provincia]/[servicio];src/app/(public)/bodas/[provincia]/[servicio]/page.tsx;PUBLIC_VISITOR;GET/POST /bodas/[provincia]/[servicio];HTTP Request / URL Query / JSON Body;HTML DOM Response / JSON Response / Stream Attachment;Endpoint de procesamiento API o vista de cliente/artista renderizada con Next.js App Router.;HIGH
RTE-097;ROUTING_NEXTJS;PUBLIC_PAGE_VIEW;/calculadora;src/app/(public)/calculadora/page.tsx;PUBLIC_VISITOR;GET/POST /calculadora;HTTP Request / URL Query / JSON Body;HTML DOM Response / JSON Response / Stream Attachment;Endpoint de procesamiento API o vista de cliente/artista renderizada con Next.js App Router.;HIGH
RTE-098;ROUTING_NEXTJS;PUBLIC_PAGE_VIEW;/categorias;src/app/(public)/categorias/page.tsx;PUBLIC_VISITOR;GET/POST /categorias;HTTP Request / URL Query / JSON Body;HTML DOM Response / JSON Response / Stream Attachment;Endpoint de procesamiento API o vista de cliente/artista renderizada con Next.js App Router.;HIGH
RTE-099;ROUTING_NEXTJS;PUBLIC_PAGE_VIEW;/checkout/presupuesto;src/app/(public)/checkout/presupuesto/page.tsx;PUBLIC_VISITOR;GET/POST /checkout/presupuesto;HTTP Request / URL Query / JSON Body;HTML DOM Response / JSON Response / Stream Attachment;Endpoint de procesamiento API o vista de cliente/artista renderizada con Next.js App Router.;HIGH
RTE-100;ROUTING_NEXTJS;PUBLIC_PAGE_VIEW;/contacto;src/app/(public)/contacto/page.tsx;PUBLIC_VISITOR;GET/POST /contacto;HTTP Request / URL Query / JSON Body;HTML DOM Response / JSON Response / Stream Attachment;Endpoint de procesamiento API o vista de cliente/artista renderizada con Next.js App Router.;HIGH
RTE-101;ROUTING_NEXTJS;PUBLIC_PAGE_VIEW;/contacto/[slug];src/app/(public)/contacto/[slug]/page.tsx;PUBLIC_VISITOR;GET/POST /contacto/[slug];HTTP Request / URL Query / JSON Body;HTML DOM Response / JSON Response / Stream Attachment;Endpoint de procesamiento API o vista de cliente/artista renderizada con Next.js App Router.;HIGH
RTE-102;ROUTING_NEXTJS;PUBLIC_PAGE_VIEW;/cookies;src/app/(public)/cookies/page.tsx;PUBLIC_VISITOR;GET/POST /cookies;HTTP Request / URL Query / JSON Body;HTML DOM Response / JSON Response / Stream Attachment;Endpoint de procesamiento API o vista de cliente/artista renderizada con Next.js App Router.;HIGH
RTE-103;ROUTING_NEXTJS;PUBLIC_PAGE_VIEW;/cotizador;src/app/(public)/cotizador/page.tsx;PUBLIC_VISITOR;GET/POST /cotizador;HTTP Request / URL Query / JSON Body;HTML DOM Response / JSON Response / Stream Attachment;Endpoint de procesamiento API o vista de cliente/artista renderizada con Next.js App Router.;HIGH
RTE-104;ROUTING_NEXTJS;PUBLIC_PAGE_VIEW;/dossier;src/app/(public)/dossier/page.tsx;PUBLIC_VISITOR;GET/POST /dossier;HTTP Request / URL Query / JSON Body;HTML DOM Response / JSON Response / Stream Attachment;Endpoint de procesamiento API o vista de cliente/artista renderizada con Next.js App Router.;HIGH
RTE-105;ROUTING_NEXTJS;PUBLIC_PAGE_VIEW;/dossier/[id];src/app/(public)/dossier/[id]/page.tsx;PUBLIC_VISITOR;GET/POST /dossier/[id];HTTP Request / URL Query / JSON Body;HTML DOM Response / JSON Response / Stream Attachment;Endpoint de procesamiento API o vista de cliente/artista renderizada con Next.js App Router.;HIGH
RTE-106;ROUTING_NEXTJS;PUBLIC_PAGE_VIEW;/empresarios;src/app/(public)/empresarios/page.tsx;PUBLIC_VISITOR;GET/POST /empresarios;HTTP Request / URL Query / JSON Body;HTML DOM Response / JSON Response / Stream Attachment;Endpoint de procesamiento API o vista de cliente/artista renderizada con Next.js App Router.;HIGH
RTE-107;ROUTING_NEXTJS;PUBLIC_PAGE_VIEW;/eventos;src/app/(public)/eventos/page.tsx;PUBLIC_VISITOR;GET/POST /eventos;HTTP Request / URL Query / JSON Body;HTML DOM Response / JSON Response / Stream Attachment;Endpoint de procesamiento API o vista de cliente/artista renderizada con Next.js App Router.;HIGH
RTE-108;ROUTING_NEXTJS;PUBLIC_PAGE_VIEW;/infraestructura;src/app/(public)/infraestructura/page.tsx;PUBLIC_VISITOR;GET/POST /infraestructura;HTTP Request / URL Query / JSON Body;HTML DOM Response / JSON Response / Stream Attachment;Endpoint de procesamiento API o vista de cliente/artista renderizada con Next.js App Router.;HIGH
RTE-109;ROUTING_NEXTJS;PUBLIC_PAGE_VIEW;/infraestructura/mundial-2026;src/app/(public)/infraestructura/mundial-2026/page.tsx;PUBLIC_VISITOR;GET/POST /infraestructura/mundial-2026;HTTP Request / URL Query / JSON Body;HTML DOM Response / JSON Response / Stream Attachment;Endpoint de procesamiento API o vista de cliente/artista renderizada con Next.js App Router.;HIGH
RTE-110;ROUTING_NEXTJS;PUBLIC_PAGE_VIEW;/journal;src/app/(public)/journal/page.tsx;PUBLIC_VISITOR;GET/POST /journal;HTTP Request / URL Query / JSON Body;HTML DOM Response / JSON Response / Stream Attachment;Endpoint de procesamiento API o vista de cliente/artista renderizada con Next.js App Router.;HIGH
RTE-111;ROUTING_NEXTJS;PUBLIC_PAGE_VIEW;/marketplace;src/app/(public)/marketplace/page.tsx;PUBLIC_VISITOR;GET/POST /marketplace;HTTP Request / URL Query / JSON Body;HTML DOM Response / JSON Response / Stream Attachment;Endpoint de procesamiento API o vista de cliente/artista renderizada con Next.js App Router.;HIGH
RTE-112;ROUTING_NEXTJS;PUBLIC_PAGE_VIEW;/ocasiones/[slug];src/app/(public)/ocasiones/[slug]/page.tsx;PUBLIC_VISITOR;GET/POST /ocasiones/[slug];HTTP Request / URL Query / JSON Body;HTML DOM Response / JSON Response / Stream Attachment;Endpoint de procesamiento API o vista de cliente/artista renderizada con Next.js App Router.;HIGH
RTE-113;ROUTING_NEXTJS;PUBLIC_PAGE_VIEW;/panel/afiliado;src/app/(public)/panel/afiliado/page.tsx;PUBLIC_VISITOR;GET/POST /panel/afiliado;HTTP Request / URL Query / JSON Body;HTML DOM Response / JSON Response / Stream Attachment;Endpoint de procesamiento API o vista de cliente/artista renderizada con Next.js App Router.;HIGH
RTE-114;ROUTING_NEXTJS;PUBLIC_PAGE_VIEW;/panel/afiliados;src/app/(public)/panel/afiliados/page.tsx;PUBLIC_VISITOR;GET/POST /panel/afiliados;HTTP Request / URL Query / JSON Body;HTML DOM Response / JSON Response / Stream Attachment;Endpoint de procesamiento API o vista de cliente/artista renderizada con Next.js App Router.;HIGH
RTE-115;ROUTING_NEXTJS;PUBLIC_PAGE_VIEW;/precios;src/app/(public)/precios/page.tsx;PUBLIC_VISITOR;GET/POST /precios;HTTP Request / URL Query / JSON Body;HTML DOM Response / JSON Response / Stream Attachment;Endpoint de procesamiento API o vista de cliente/artista renderizada con Next.js App Router.;HIGH
RTE-116;ROUTING_NEXTJS;PUBLIC_PAGE_VIEW;/presupuesto;src/app/(public)/presupuesto/page.tsx;PUBLIC_VISITOR;GET/POST /presupuesto;HTTP Request / URL Query / JSON Body;HTML DOM Response / JSON Response / Stream Attachment;Endpoint de procesamiento API o vista de cliente/artista renderizada con Next.js App Router.;HIGH
RTE-117;ROUTING_NEXTJS;PUBLIC_PAGE_VIEW;/privacidad;src/app/(public)/privacidad/page.tsx;PUBLIC_VISITOR;GET/POST /privacidad;HTTP Request / URL Query / JSON Body;HTML DOM Response / JSON Response / Stream Attachment;Endpoint de procesamiento API o vista de cliente/artista renderizada con Next.js App Router.;HIGH
RTE-118;ROUTING_NEXTJS;PUBLIC_PAGE_VIEW;/proveedores;src/app/(public)/proveedores/page.tsx;PUBLIC_VISITOR;GET/POST /proveedores;HTTP Request / URL Query / JSON Body;HTML DOM Response / JSON Response / Stream Attachment;Endpoint de procesamiento API o vista de cliente/artista renderizada con Next.js App Router.;HIGH
RTE-119;ROUTING_NEXTJS;PUBLIC_PAGE_VIEW;/proveedores/[slug];src/app/(public)/proveedores/[slug]/page.tsx;PUBLIC_VISITOR;GET/POST /proveedores/[slug];HTTP Request / URL Query / JSON Body;HTML DOM Response / JSON Response / Stream Attachment;Endpoint de procesamiento API o vista de cliente/artista renderizada con Next.js App Router.;HIGH
RTE-120;ROUTING_NEXTJS;PUBLIC_PAGE_VIEW;/proyectos/vimume/alzheimer;src/app/(public)/proyectos/vimume/alzheimer/page.tsx;PUBLIC_VISITOR;GET/POST /proyectos/vimume/alzheimer;HTTP Request / URL Query / JSON Body;HTML DOM Response / JSON Response / Stream Attachment;Endpoint de procesamiento API o vista de cliente/artista renderizada con Next.js App Router.;HIGH
RTE-121;ROUTING_NEXTJS;PUBLIC_PAGE_VIEW;/proyectos/vimume/ods-2030;src/app/(public)/proyectos/vimume/ods-2030/page.tsx;PUBLIC_VISITOR;GET/POST /proyectos/vimume/ods-2030;HTTP Request / URL Query / JSON Body;HTML DOM Response / JSON Response / Stream Attachment;Endpoint de procesamiento API o vista de cliente/artista renderizada con Next.js App Router.;HIGH
RTE-122;ROUTING_NEXTJS;PUBLIC_PAGE_VIEW;/proyectos/vimume/protocolo;src/app/(public)/proyectos/vimume/protocolo/page.tsx;PUBLIC_VISITOR;GET/POST /proyectos/vimume/protocolo;HTTP Request / URL Query / JSON Body;HTML DOM Response / JSON Response / Stream Attachment;Endpoint de procesamiento API o vista de cliente/artista renderizada con Next.js App Router.;HIGH
RTE-123;ROUTING_NEXTJS;PUBLIC_PAGE_VIEW;/proyectos/vimume/recursos;src/app/(public)/proyectos/vimume/recursos/page.tsx;PUBLIC_VISITOR;GET/POST /proyectos/vimume/recursos;HTTP Request / URL Query / JSON Body;HTML DOM Response / JSON Response / Stream Attachment;Endpoint de procesamiento API o vista de cliente/artista renderizada con Next.js App Router.;HIGH
RTE-124;ROUTING_NEXTJS;PUBLIC_PAGE_VIEW;/proyectos/vimume/silver-economy;src/app/(public)/proyectos/vimume/silver-economy/page.tsx;PUBLIC_VISITOR;GET/POST /proyectos/vimume/silver-economy;HTTP Request / URL Query / JSON Body;HTML DOM Response / JSON Response / Stream Attachment;Endpoint de procesamiento API o vista de cliente/artista renderizada con Next.js App Router.;HIGH
RTE-125;ROUTING_NEXTJS;PUBLIC_PAGE_VIEW;/reclamar-perfil;src/app/(public)/reclamar-perfil/page.tsx;PUBLIC_VISITOR;GET/POST /reclamar-perfil;HTTP Request / URL Query / JSON Body;HTML DOM Response / JSON Response / Stream Attachment;Endpoint de procesamiento API o vista de cliente/artista renderizada con Next.js App Router.;HIGH
RTE-126;ROUTING_NEXTJS;PUBLIC_PAGE_VIEW;/servicios;src/app/(public)/servicios/page.tsx;PUBLIC_VISITOR;GET/POST /servicios;HTTP Request / URL Query / JSON Body;HTML DOM Response / JSON Response / Stream Attachment;Endpoint de procesamiento API o vista de cliente/artista renderizada con Next.js App Router.;HIGH
RTE-127;ROUTING_NEXTJS;PUBLIC_PAGE_VIEW;/servicios/[...slug];src/app/(public)/servicios/[...slug]/page.tsx;PUBLIC_VISITOR;GET/POST /servicios/[...slug];HTTP Request / URL Query / JSON Body;HTML DOM Response / JSON Response / Stream Attachment;Endpoint de procesamiento API o vista de cliente/artista renderizada con Next.js App Router.;HIGH
RTE-128;ROUTING_NEXTJS;PUBLIC_PAGE_VIEW;/soberania-tecnica;src/app/(public)/soberania-tecnica/page.tsx;PUBLIC_VISITOR;GET/POST /soberania-tecnica;HTTP Request / URL Query / JSON Body;HTML DOM Response / JSON Response / Stream Attachment;Endpoint de procesamiento API o vista de cliente/artista renderizada con Next.js App Router.;HIGH
RTE-129;ROUTING_NEXTJS;PUBLIC_PAGE_VIEW;/social;src/app/(public)/social/page.tsx;PUBLIC_VISITOR;GET/POST /social;HTTP Request / URL Query / JSON Body;HTML DOM Response / JSON Response / Stream Attachment;Endpoint de procesamiento API o vista de cliente/artista renderizada con Next.js App Router.;HIGH
RTE-130;ROUTING_NEXTJS;PUBLIC_PAGE_VIEW;/styleguide;src/app/(public)/styleguide/page.tsx;PUBLIC_VISITOR;GET/POST /styleguide;HTTP Request / URL Query / JSON Body;HTML DOM Response / JSON Response / Stream Attachment;Endpoint de procesamiento API o vista de cliente/artista renderizada con Next.js App Router.;HIGH
RTE-131;ROUTING_NEXTJS;PUBLIC_PAGE_VIEW;/the-signal;src/app/(public)/the-signal/page.tsx;PUBLIC_VISITOR;GET/POST /the-signal;HTTP Request / URL Query / JSON Body;HTML DOM Response / JSON Response / Stream Attachment;Endpoint de procesamiento API o vista de cliente/artista renderizada con Next.js App Router.;HIGH
RTE-132;ROUTING_NEXTJS;PUBLIC_PAGE_VIEW;/vimume;src/app/(public)/vimume/page.tsx;PUBLIC_VISITOR;GET/POST /vimume;HTTP Request / URL Query / JSON Body;HTML DOM Response / JSON Response / Stream Attachment;Endpoint de procesamiento API o vista de cliente/artista renderizada con Next.js App Router.;HIGH
RTE-133;ROUTING_NEXTJS;PUBLIC_PAGE_VIEW;/vimume/centros;src/app/(public)/vimume/centros/page.tsx;PUBLIC_VISITOR;GET/POST /vimume/centros;HTTP Request / URL Query / JSON Body;HTML DOM Response / JSON Response / Stream Attachment;Endpoint de procesamiento API o vista de cliente/artista renderizada con Next.js App Router.;HIGH
RTE-134;ROUTING_NEXTJS;PUBLIC_PAGE_VIEW;/vimume/clinica;src/app/(public)/vimume/clinica/page.tsx;PUBLIC_VISITOR;GET/POST /vimume/clinica;HTTP Request / URL Query / JSON Body;HTML DOM Response / JSON Response / Stream Attachment;Endpoint de procesamiento API o vista de cliente/artista renderizada con Next.js App Router.;HIGH
RTE-135;ROUTING_NEXTJS;PUBLIC_PAGE_VIEW;/vimume/conocimiento/[nicho];src/app/(public)/vimume/conocimiento/[nicho]/page.tsx;PUBLIC_VISITOR;GET/POST /vimume/conocimiento/[nicho];HTTP Request / URL Query / JSON Body;HTML DOM Response / JSON Response / Stream Attachment;Endpoint de procesamiento API o vista de cliente/artista renderizada con Next.js App Router.;HIGH
RTE-136;ROUTING_NEXTJS;PUBLIC_PAGE_VIEW;/vimume/consorcios;src/app/(public)/vimume/consorcios/page.tsx;PUBLIC_VISITOR;GET/POST /vimume/consorcios;HTTP Request / URL Query / JSON Body;HTML DOM Response / JSON Response / Stream Attachment;Endpoint de procesamiento API o vista de cliente/artista renderizada con Next.js App Router.;HIGH
RTE-137;ROUTING_NEXTJS;PUBLIC_PAGE_VIEW;/vimume/contacto;src/app/(public)/vimume/contacto/page.tsx;PUBLIC_VISITOR;GET/POST /vimume/contacto;HTTP Request / URL Query / JSON Body;HTML DOM Response / JSON Response / Stream Attachment;Endpoint de procesamiento API o vista de cliente/artista renderizada con Next.js App Router.;HIGH
RTE-138;ROUTING_NEXTJS;PUBLIC_PAGE_VIEW;/vimume/eventos;src/app/(public)/vimume/eventos/page.tsx;PUBLIC_VISITOR;GET/POST /vimume/eventos;HTTP Request / URL Query / JSON Body;HTML DOM Response / JSON Response / Stream Attachment;Endpoint de procesamiento API o vista de cliente/artista renderizada con Next.js App Router.;HIGH
RTE-139;ROUTING_NEXTJS;PUBLIC_PAGE_VIEW;/vimume/familia;src/app/(public)/vimume/familia/page.tsx;PUBLIC_VISITOR;GET/POST /vimume/familia;HTTP Request / URL Query / JSON Body;HTML DOM Response / JSON Response / Stream Attachment;Endpoint de procesamiento API o vista de cliente/artista renderizada con Next.js App Router.;HIGH
RTE-140;ROUTING_NEXTJS;PUBLIC_PAGE_VIEW;/vimume/faq;src/app/(public)/vimume/faq/page.tsx;PUBLIC_VISITOR;GET/POST /vimume/faq;HTTP Request / URL Query / JSON Body;HTML DOM Response / JSON Response / Stream Attachment;Endpoint de procesamiento API o vista de cliente/artista renderizada con Next.js App Router.;HIGH
RTE-141;ROUTING_NEXTJS;PUBLIC_PAGE_VIEW;/vimume/fondos-europeos;src/app/(public)/vimume/fondos-europeos/page.tsx;PUBLIC_VISITOR;GET/POST /vimume/fondos-europeos;HTTP Request / URL Query / JSON Body;HTML DOM Response / JSON Response / Stream Attachment;Endpoint de procesamiento API o vista de cliente/artista renderizada con Next.js App Router.;HIGH
RTE-142;ROUTING_NEXTJS;PUBLIC_PAGE_VIEW;/vimume/fundacion;src/app/(public)/vimume/fundacion/page.tsx;PUBLIC_VISITOR;GET/POST /vimume/fundacion;HTTP Request / URL Query / JSON Body;HTML DOM Response / JSON Response / Stream Attachment;Endpoint de procesamiento API o vista de cliente/artista renderizada con Next.js App Router.;HIGH
RTE-143;ROUTING_NEXTJS;PUBLIC_PAGE_VIEW;/vimume/gobernanza-del-dato;src/app/(public)/vimume/gobernanza-del-dato/page.tsx;PUBLIC_VISITOR;GET/POST /vimume/gobernanza-del-dato;HTTP Request / URL Query / JSON Body;HTML DOM Response / JSON Response / Stream Attachment;Endpoint de procesamiento API o vista de cliente/artista renderizada con Next.js App Router.;HIGH
RTE-144;ROUTING_NEXTJS;PUBLIC_PAGE_VIEW;/vimume/hermes;src/app/(public)/vimume/hermes/page.tsx;PUBLIC_VISITOR;GET/POST /vimume/hermes;HTTP Request / URL Query / JSON Body;HTML DOM Response / JSON Response / Stream Attachment;Endpoint de procesamiento API o vista de cliente/artista renderizada con Next.js App Router.;HIGH
RTE-145;ROUTING_NEXTJS;PUBLIC_PAGE_VIEW;/vimume/hermes/dashboard;src/app/(public)/vimume/hermes/dashboard/page.tsx;PUBLIC_VISITOR;GET/POST /vimume/hermes/dashboard;HTTP Request / URL Query / JSON Body;HTML DOM Response / JSON Response / Stream Attachment;Portal de Artistas & DJs Freemium / Pro con ingesta de historiales y activación de Stripe.;HIGH
RTE-146;ROUTING_NEXTJS;PUBLIC_PAGE_VIEW;/vimume/inversion;src/app/(public)/vimume/inversion/page.tsx;PUBLIC_VISITOR;GET/POST /vimume/inversion;HTTP Request / URL Query / JSON Body;HTML DOM Response / JSON Response / Stream Attachment;Endpoint de procesamiento API o vista de cliente/artista renderizada con Next.js App Router.;HIGH
RTE-147;ROUTING_NEXTJS;PUBLIC_PAGE_VIEW;/vimume/investigacion;src/app/(public)/vimume/investigacion/page.tsx;PUBLIC_VISITOR;GET/POST /vimume/investigacion;HTTP Request / URL Query / JSON Body;HTML DOM Response / JSON Response / Stream Attachment;Endpoint de procesamiento API o vista de cliente/artista renderizada con Next.js App Router.;HIGH
RTE-148;ROUTING_NEXTJS;PUBLIC_PAGE_VIEW;/vimume/nosotros;src/app/(public)/vimume/nosotros/page.tsx;PUBLIC_VISITOR;GET/POST /vimume/nosotros;HTTP Request / URL Query / JSON Body;HTML DOM Response / JSON Response / Stream Attachment;Endpoint de procesamiento API o vista de cliente/artista renderizada con Next.js App Router.;HIGH
RTE-149;ROUTING_NEXTJS;PUBLIC_PAGE_VIEW;/vimume/piloto-5-centros;src/app/(public)/vimume/piloto-5-centros/page.tsx;PUBLIC_VISITOR;GET/POST /vimume/piloto-5-centros;HTTP Request / URL Query / JSON Body;HTML DOM Response / JSON Response / Stream Attachment;Endpoint de procesamiento API o vista de cliente/artista renderizada con Next.js App Router.;HIGH
RTE-150;ROUTING_NEXTJS;PUBLIC_PAGE_VIEW;/vimume/prensa;src/app/(public)/vimume/prensa/page.tsx;PUBLIC_VISITOR;GET/POST /vimume/prensa;HTTP Request / URL Query / JSON Body;HTML DOM Response / JSON Response / Stream Attachment;Endpoint de procesamiento API o vista de cliente/artista renderizada con Next.js App Router.;HIGH
RTE-151;ROUTING_NEXTJS;PUBLIC_PAGE_VIEW;/vimume/protocolo;src/app/(public)/vimume/protocolo/page.tsx;PUBLIC_VISITOR;GET/POST /vimume/protocolo;HTTP Request / URL Query / JSON Body;HTML DOM Response / JSON Response / Stream Attachment;Endpoint de procesamiento API o vista de cliente/artista renderizada con Next.js App Router.;HIGH
RTE-152;ROUTING_NEXTJS;PUBLIC_PAGE_VIEW;/vimume/roadmap;src/app/(public)/vimume/roadmap/page.tsx;PUBLIC_VISITOR;GET/POST /vimume/roadmap;HTTP Request / URL Query / JSON Body;HTML DOM Response / JSON Response / Stream Attachment;Endpoint de procesamiento API o vista de cliente/artista renderizada con Next.js App Router.;HIGH
RTE-153;ROUTING_NEXTJS;PUBLIC_PAGE_VIEW;/vimume/terapia-ocupacional;src/app/(public)/vimume/terapia-ocupacional/page.tsx;PUBLIC_VISITOR;GET/POST /vimume/terapia-ocupacional;HTTP Request / URL Query / JSON Body;HTML DOM Response / JSON Response / Stream Attachment;Endpoint de procesamiento API o vista de cliente/artista renderizada con Next.js App Router.;HIGH
RTE-154;ROUTING_NEXTJS;PUBLIC_PAGE_VIEW;/[vertical]/[intent];src/app/(public)/[vertical]/[intent]/page.tsx;PUBLIC_VISITOR;GET/POST /[vertical]/[intent];HTTP Request / URL Query / JSON Body;HTML DOM Response / JSON Response / Stream Attachment;Endpoint de procesamiento API o vista de cliente/artista renderizada con Next.js App Router.;HIGH
RTE-155;ROUTING_NEXTJS;PUBLIC_PAGE_VIEW;/vendor;src/app/(vendor)/vendor/page.tsx;PUBLIC_VISITOR;GET/POST /vendor;HTTP Request / URL Query / JSON Body;HTML DOM Response / JSON Response / Stream Attachment;Endpoint de procesamiento API o vista de cliente/artista renderizada con Next.js App Router.;HIGH
RTE-156;ROUTING_NEXTJS;PUBLIC_PAGE_VIEW;/vendor/billing;src/app/(vendor)/vendor/billing/page.tsx;PUBLIC_VISITOR;GET/POST /vendor/billing;HTTP Request / URL Query / JSON Body;HTML DOM Response / JSON Response / Stream Attachment;Endpoint de procesamiento API o vista de cliente/artista renderizada con Next.js App Router.;HIGH
RTE-157;ROUTING_NEXTJS;PUBLIC_PAGE_VIEW;/vendor/calendar;src/app/(vendor)/vendor/calendar/page.tsx;PUBLIC_VISITOR;GET/POST /vendor/calendar;HTTP Request / URL Query / JSON Body;HTML DOM Response / JSON Response / Stream Attachment;Endpoint de procesamiento API o vista de cliente/artista renderizada con Next.js App Router.;HIGH
RTE-158;ROUTING_NEXTJS;PUBLIC_PAGE_VIEW;/vendor/dashboard;src/app/(vendor)/vendor/dashboard/page.tsx;PUBLIC_VISITOR;GET/POST /vendor/dashboard;HTTP Request / URL Query / JSON Body;HTML DOM Response / JSON Response / Stream Attachment;Portal de Artistas & DJs Freemium / Pro con ingesta de historiales y activación de Stripe.;HIGH
RTE-159;ROUTING_NEXTJS;PUBLIC_PAGE_VIEW;/vendor/login;src/app/(vendor)/vendor/login/page.tsx;PUBLIC_VISITOR;GET/POST /vendor/login;HTTP Request / URL Query / JSON Body;HTML DOM Response / JSON Response / Stream Attachment;Endpoint de procesamiento API o vista de cliente/artista renderizada con Next.js App Router.;HIGH
RTE-160;ROUTING_NEXTJS;PUBLIC_PAGE_VIEW;/vendor/media;src/app/(vendor)/vendor/media/page.tsx;PUBLIC_VISITOR;GET/POST /vendor/media;HTTP Request / URL Query / JSON Body;HTML DOM Response / JSON Response / Stream Attachment;Endpoint de procesamiento API o vista de cliente/artista renderizada con Next.js App Router.;HIGH
RTE-161;ROUTING_NEXTJS;PUBLIC_PAGE_VIEW;/vendor/rider;src/app/(vendor)/vendor/rider/page.tsx;PUBLIC_VISITOR;GET/POST /vendor/rider;HTTP Request / URL Query / JSON Body;HTML DOM Response / JSON Response / Stream Attachment;Endpoint de procesamiento API o vista de cliente/artista renderizada con Next.js App Router.;HIGH
RTE-162;ROUTING_NEXTJS;API_ENDPOINT;/api/academy/download;src/app/api/academy/download/route.ts;PUBLIC_VISITOR;GET/POST /api/academy/download;HTTP Request / URL Query / JSON Body;HTML DOM Response / JSON Response / Stream Attachment;Endpoint de procesamiento API o vista de cliente/artista renderizada con Next.js App Router.;CRITICAL
RTE-163;ROUTING_NEXTJS;API_ENDPOINT;/api/admin/demand-map;src/app/api/admin/demand-map/route.ts;PUBLIC_VISITOR;GET/POST /api/admin/demand-map;HTTP Request / URL Query / JSON Body;HTML DOM Response / JSON Response / Stream Attachment;Endpoint de procesamiento API o vista de cliente/artista renderizada con Next.js App Router.;CRITICAL
RTE-164;ROUTING_NEXTJS;API_ENDPOINT;/api/admin/route-governance;src/app/api/admin/route-governance/route.ts;PUBLIC_VISITOR;GET/POST /api/admin/route-governance;HTTP Request / URL Query / JSON Body;HTML DOM Response / JSON Response / Stream Attachment;Endpoint de procesamiento API o vista de cliente/artista renderizada con Next.js App Router.;CRITICAL
RTE-165;ROUTING_NEXTJS;API_ENDPOINT;/api/admin/telemetry;src/app/api/admin/telemetry/route.ts;PUBLIC_VISITOR;GET/POST /api/admin/telemetry;HTTP Request / URL Query / JSON Body;HTML DOM Response / JSON Response / Stream Attachment;Endpoint de procesamiento API o vista de cliente/artista renderizada con Next.js App Router.;CRITICAL
RTE-166;ROUTING_NEXTJS;API_ENDPOINT;/api/affiliates/payout;src/app/api/affiliates/payout/route.ts;PUBLIC_VISITOR;GET/POST /api/affiliates/payout;HTTP Request / URL Query / JSON Body;HTML DOM Response / JSON Response / Stream Attachment;Endpoint de procesamiento API o vista de cliente/artista renderizada con Next.js App Router.;CRITICAL
RTE-167;ROUTING_NEXTJS;API_ENDPOINT;/api/astra;src/app/api/astra/route.ts;PUBLIC_VISITOR;GET/POST /api/astra;HTTP Request / URL Query / JSON Body;HTML DOM Response / JSON Response / Stream Attachment;Endpoint de procesamiento API o vista de cliente/artista renderizada con Next.js App Router.;CRITICAL
RTE-168;ROUTING_NEXTJS;API_ENDPOINT;/api/astra/query;src/app/api/astra/query/route.ts;PUBLIC_VISITOR;GET/POST /api/astra/query;HTTP Request / URL Query / JSON Body;HTML DOM Response / JSON Response / Stream Attachment;Endpoint de procesamiento API o vista de cliente/artista renderizada con Next.js App Router.;CRITICAL
RTE-169;ROUTING_NEXTJS;API_ENDPOINT;/api/auth/admin-verify;src/app/api/auth/admin-verify/route.ts;PUBLIC_VISITOR;GET/POST /api/auth/admin-verify;HTTP Request / URL Query / JSON Body;HTML DOM Response / JSON Response / Stream Attachment;Endpoint de procesamiento API o vista de cliente/artista renderizada con Next.js App Router.;CRITICAL
RTE-170;ROUTING_NEXTJS;API_ENDPOINT;/api/auth/login;src/app/api/auth/login/route.ts;PUBLIC_VISITOR;GET/POST /api/auth/login;HTTP Request / URL Query / JSON Body;HTML DOM Response / JSON Response / Stream Attachment;Endpoint de procesamiento API o vista de cliente/artista renderizada con Next.js App Router.;CRITICAL
RTE-171;ROUTING_NEXTJS;API_ENDPOINT;/api/auth/logout;src/app/api/auth/logout/route.ts;PUBLIC_VISITOR;GET/POST /api/auth/logout;HTTP Request / URL Query / JSON Body;HTML DOM Response / JSON Response / Stream Attachment;Endpoint de procesamiento API o vista de cliente/artista renderizada con Next.js App Router.;CRITICAL
RTE-172;ROUTING_NEXTJS;API_ENDPOINT;/api/auth/register;src/app/api/auth/register/route.ts;PUBLIC_VISITOR;GET/POST /api/auth/register;HTTP Request / URL Query / JSON Body;HTML DOM Response / JSON Response / Stream Attachment;Endpoint de procesamiento API o vista de cliente/artista renderizada con Next.js App Router.;CRITICAL
RTE-173;ROUTING_NEXTJS;API_ENDPOINT;/api/auth/send-otp;src/app/api/auth/send-otp/route.ts;PUBLIC_VISITOR;GET/POST /api/auth/send-otp;HTTP Request / URL Query / JSON Body;HTML DOM Response / JSON Response / Stream Attachment;Endpoint de procesamiento API o vista de cliente/artista renderizada con Next.js App Router.;CRITICAL
RTE-174;ROUTING_NEXTJS;API_ENDPOINT;/api/b2g/dossier-generate;src/app/api/b2g/dossier-generate/route.ts;PUBLIC_VISITOR;GET/POST /api/b2g/dossier-generate;HTTP Request / URL Query / JSON Body;HTML DOM Response / JSON Response / Stream Attachment;Endpoint de procesamiento API o vista de cliente/artista renderizada con Next.js App Router.;CRITICAL
RTE-175;ROUTING_NEXTJS;API_ENDPOINT;/api/b2g/placsp-bids;src/app/api/b2g/placsp-bids/route.ts;PUBLIC_VISITOR;GET/POST /api/b2g/placsp-bids;HTTP Request / URL Query / JSON Body;HTML DOM Response / JSON Response / Stream Attachment;Endpoint de procesamiento API o vista de cliente/artista renderizada con Next.js App Router.;CRITICAL
RTE-176;ROUTING_NEXTJS;API_ENDPOINT;/api/checkout;src/app/api/checkout/route.ts;PUBLIC_VISITOR;GET/POST /api/checkout;HTTP Request / URL Query / JSON Body;HTML DOM Response / JSON Response / Stream Attachment;Endpoint de procesamiento API o vista de cliente/artista renderizada con Next.js App Router.;CRITICAL
RTE-177;ROUTING_NEXTJS;API_ENDPOINT;/api/contracts/generate;src/app/api/contracts/generate/route.ts;PUBLIC_VISITOR;GET/POST /api/contracts/generate;HTTP Request / URL Query / JSON Body;HTML DOM Response / JSON Response / Stream Attachment;Endpoint de procesamiento API o vista de cliente/artista renderizada con Next.js App Router.;CRITICAL
RTE-178;ROUTING_NEXTJS;API_ENDPOINT;/api/cron/b2g-telegram-hunter;src/app/api/cron/b2g-telegram-hunter/route.ts;PUBLIC_VISITOR;GET/POST /api/cron/b2g-telegram-hunter;HTTP Request / URL Query / JSON Body;HTML DOM Response / JSON Response / Stream Attachment;Endpoint de procesamiento API o vista de cliente/artista renderizada con Next.js App Router.;CRITICAL
RTE-179;ROUTING_NEXTJS;API_ENDPOINT;/api/cron/obsidian-sync;src/app/api/cron/obsidian-sync/route.ts;PUBLIC_VISITOR;GET/POST /api/cron/obsidian-sync;HTTP Request / URL Query / JSON Body;HTML DOM Response / JSON Response / Stream Attachment;Endpoint de procesamiento API o vista de cliente/artista renderizada con Next.js App Router.;CRITICAL
RTE-180;ROUTING_NEXTJS;API_ENDPOINT;/api/fleet/map;src/app/api/fleet/map/route.ts;PUBLIC_VISITOR;GET/POST /api/fleet/map;HTTP Request / URL Query / JSON Body;HTML DOM Response / JSON Response / Stream Attachment;Endpoint de procesamiento API o vista de cliente/artista renderizada con Next.js App Router.;CRITICAL
RTE-181;ROUTING_NEXTJS;API_ENDPOINT;/api/fleet/waybills/generate;src/app/api/fleet/waybills/generate/route.ts;PUBLIC_VISITOR;GET/POST /api/fleet/waybills/generate;HTTP Request / URL Query / JSON Body;HTML DOM Response / JSON Response / Stream Attachment;Endpoint de procesamiento API o vista de cliente/artista renderizada con Next.js App Router.;CRITICAL
RTE-182;ROUTING_NEXTJS;API_ENDPOINT;/api/fleet/waybills/[id];src/app/api/fleet/waybills/[id]/route.ts;PUBLIC_VISITOR;GET/POST /api/fleet/waybills/[id];HTTP Request / URL Query / JSON Body;HTML DOM Response / JSON Response / Stream Attachment;Endpoint de procesamiento API o vista de cliente/artista renderizada con Next.js App Router.;CRITICAL
RTE-183;ROUTING_NEXTJS;API_ENDPOINT;/api/health;src/app/api/health/route.ts;PUBLIC_VISITOR;GET/POST /api/health;HTTP Request / URL Query / JSON Body;HTML DOM Response / JSON Response / Stream Attachment;Endpoint de procesamiento API o vista de cliente/artista renderizada con Next.js App Router.;CRITICAL
RTE-184;ROUTING_NEXTJS;API_ENDPOINT;/api/hunter/execute;src/app/api/hunter/execute/route.ts;PUBLIC_VISITOR;GET/POST /api/hunter/execute;HTTP Request / URL Query / JSON Body;HTML DOM Response / JSON Response / Stream Attachment;Endpoint de procesamiento API o vista de cliente/artista renderizada con Next.js App Router.;CRITICAL
RTE-185;ROUTING_NEXTJS;API_ENDPOINT;/api/hunter/ingest;src/app/api/hunter/ingest/route.ts;PUBLIC_VISITOR;GET/POST /api/hunter/ingest;HTTP Request / URL Query / JSON Body;HTML DOM Response / JSON Response / Stream Attachment;Endpoint de procesamiento API o vista de cliente/artista renderizada con Next.js App Router.;CRITICAL
RTE-186;ROUTING_NEXTJS;API_ENDPOINT;/api/hunter/phantom;src/app/api/hunter/phantom/route.ts;PUBLIC_VISITOR;GET/POST /api/hunter/phantom;HTTP Request / URL Query / JSON Body;HTML DOM Response / JSON Response / Stream Attachment;Endpoint de procesamiento API o vista de cliente/artista renderizada con Next.js App Router.;CRITICAL
RTE-187;ROUTING_NEXTJS;API_ENDPOINT;/api/inventory;src/app/api/inventory/route.ts;PUBLIC_VISITOR;GET/POST /api/inventory;HTTP Request / URL Query / JSON Body;HTML DOM Response / JSON Response / Stream Attachment;Endpoint de procesamiento API o vista de cliente/artista renderizada con Next.js App Router.;CRITICAL
RTE-188;ROUTING_NEXTJS;API_ENDPOINT;/api/inventory/sync;src/app/api/inventory/sync/route.ts;PUBLIC_VISITOR;GET/POST /api/inventory/sync;HTTP Request / URL Query / JSON Body;HTML DOM Response / JSON Response / Stream Attachment;Endpoint de procesamiento API o vista de cliente/artista renderizada con Next.js App Router.;CRITICAL
RTE-189;ROUTING_NEXTJS;API_ENDPOINT;/api/media;src/app/api/media/route.ts;PUBLIC_VISITOR;GET/POST /api/media;HTTP Request / URL Query / JSON Body;HTML DOM Response / JSON Response / Stream Attachment;Endpoint de procesamiento API o vista de cliente/artista renderizada con Next.js App Router.;CRITICAL
RTE-190;ROUTING_NEXTJS;API_ENDPOINT;/api/nexus/user/sync;src/app/api/nexus/user/sync/route.ts;PUBLIC_VISITOR;GET/POST /api/nexus/user/sync;HTTP Request / URL Query / JSON Body;HTML DOM Response / JSON Response / Stream Attachment;Endpoint de procesamiento API o vista de cliente/artista renderizada con Next.js App Router.;CRITICAL
RTE-191;ROUTING_NEXTJS;API_ENDPOINT;/api/oracle/infer;src/app/api/oracle/infer/route.ts;PUBLIC_VISITOR;GET/POST /api/oracle/infer;HTTP Request / URL Query / JSON Body;HTML DOM Response / JSON Response / Stream Attachment;Endpoint de procesamiento API o vista de cliente/artista renderizada con Next.js App Router.;CRITICAL
RTE-192;ROUTING_NEXTJS;API_ENDPOINT;/api/oracle/simulator;src/app/api/oracle/simulator/route.ts;PUBLIC_VISITOR;GET/POST /api/oracle/simulator;HTTP Request / URL Query / JSON Body;HTML DOM Response / JSON Response / Stream Attachment;Endpoint de procesamiento API o vista de cliente/artista renderizada con Next.js App Router.;CRITICAL
RTE-193;ROUTING_NEXTJS;API_ENDPOINT;/api/payments/checkout;src/app/api/payments/checkout/route.ts;PUBLIC_VISITOR;GET/POST /api/payments/checkout;HTTP Request / URL Query / JSON Body;HTML DOM Response / JSON Response / Stream Attachment;Endpoint de procesamiento API o vista de cliente/artista renderizada con Next.js App Router.;CRITICAL
RTE-194;ROUTING_NEXTJS;API_ENDPOINT;/api/payments/connect/onboard;src/app/api/payments/connect/onboard/route.ts;PUBLIC_VISITOR;GET/POST /api/payments/connect/onboard;HTTP Request / URL Query / JSON Body;HTML DOM Response / JSON Response / Stream Attachment;Endpoint de procesamiento API o vista de cliente/artista renderizada con Next.js App Router.;CRITICAL
RTE-195;ROUTING_NEXTJS;API_ENDPOINT;/api/payments/create-session;src/app/api/payments/create-session/route.ts;PUBLIC_VISITOR;GET/POST /api/payments/create-session;HTTP Request / URL Query / JSON Body;HTML DOM Response / JSON Response / Stream Attachment;Endpoint de procesamiento API o vista de cliente/artista renderizada con Next.js App Router.;CRITICAL
RTE-196;ROUTING_NEXTJS;API_ENDPOINT;/api/payments/liquidate;src/app/api/payments/liquidate/route.ts;PUBLIC_VISITOR;GET/POST /api/payments/liquidate;HTTP Request / URL Query / JSON Body;HTML DOM Response / JSON Response / Stream Attachment;Endpoint de procesamiento API o vista de cliente/artista renderizada con Next.js App Router.;CRITICAL
RTE-197;ROUTING_NEXTJS;API_ENDPOINT;/api/payments/webhook;src/app/api/payments/webhook/route.ts;PUBLIC_VISITOR;GET/POST /api/payments/webhook;HTTP Request / URL Query / JSON Body;HTML DOM Response / JSON Response / Stream Attachment;Endpoint de procesamiento API o vista de cliente/artista renderizada con Next.js App Router.;CRITICAL
RTE-198;ROUTING_NEXTJS;API_ENDPOINT;/api/profiles;src/app/api/profiles/route.ts;PUBLIC_VISITOR;GET/POST /api/profiles;HTTP Request / URL Query / JSON Body;HTML DOM Response / JSON Response / Stream Attachment;Endpoint de procesamiento API o vista de cliente/artista renderizada con Next.js App Router.;CRITICAL
RTE-199;ROUTING_NEXTJS;API_ENDPOINT;/api/profiles/claim;src/app/api/profiles/claim/route.ts;PUBLIC_VISITOR;GET/POST /api/profiles/claim;HTTP Request / URL Query / JSON Body;HTML DOM Response / JSON Response / Stream Attachment;Endpoint de procesamiento API o vista de cliente/artista renderizada con Next.js App Router.;CRITICAL
RTE-200;ROUTING_NEXTJS;API_ENDPOINT;/api/profiles/claim/verify;src/app/api/profiles/claim/verify/route.ts;PUBLIC_VISITOR;GET/POST /api/profiles/claim/verify;HTTP Request / URL Query / JSON Body;HTML DOM Response / JSON Response / Stream Attachment;Endpoint de procesamiento API o vista de cliente/artista renderizada con Next.js App Router.;CRITICAL
RTE-201;ROUTING_NEXTJS;API_ENDPOINT;/api/profiles/search;src/app/api/profiles/search/route.ts;PUBLIC_VISITOR;GET/POST /api/profiles/search;HTTP Request / URL Query / JSON Body;HTML DOM Response / JSON Response / Stream Attachment;Endpoint de procesamiento API o vista de cliente/artista renderizada con Next.js App Router.;CRITICAL
RTE-202;ROUTING_NEXTJS;API_ENDPOINT;/api/profiles/verify-claim;src/app/api/profiles/verify-claim/route.ts;PUBLIC_VISITOR;GET/POST /api/profiles/verify-claim;HTTP Request / URL Query / JSON Body;HTML DOM Response / JSON Response / Stream Attachment;Endpoint de procesamiento API o vista de cliente/artista renderizada con Next.js App Router.;CRITICAL
RTE-203;ROUTING_NEXTJS;API_ENDPOINT;/api/providers/[id];src/app/api/providers/[id]/route.ts;PUBLIC_VISITOR;GET/POST /api/providers/[id];HTTP Request / URL Query / JSON Body;HTML DOM Response / JSON Response / Stream Attachment;Endpoint de procesamiento API o vista de cliente/artista renderizada con Next.js App Router.;CRITICAL
RTE-204;ROUTING_NEXTJS;API_ENDPOINT;/api/quotes/lock;src/app/api/quotes/lock/route.ts;PUBLIC_VISITOR;GET/POST /api/quotes/lock;HTTP Request / URL Query / JSON Body;HTML DOM Response / JSON Response / Stream Attachment;Endpoint de procesamiento API o vista de cliente/artista renderizada con Next.js App Router.;CRITICAL
RTE-205;ROUTING_NEXTJS;API_ENDPOINT;/api/rag/ingest;src/app/api/rag/ingest/route.ts;PUBLIC_VISITOR;GET/POST /api/rag/ingest;HTTP Request / URL Query / JSON Body;HTML DOM Response / JSON Response / Stream Attachment;Endpoint de procesamiento API o vista de cliente/artista renderizada con Next.js App Router.;CRITICAL
RTE-206;ROUTING_NEXTJS;API_ENDPOINT;/api/rag/query;src/app/api/rag/query/route.ts;PUBLIC_VISITOR;GET/POST /api/rag/query;HTTP Request / URL Query / JSON Body;HTML DOM Response / JSON Response / Stream Attachment;Endpoint de procesamiento API o vista de cliente/artista renderizada con Next.js App Router.;CRITICAL
RTE-207;ROUTING_NEXTJS;API_ENDPOINT;/api/rider/audit;src/app/api/rider/audit/route.ts;PUBLIC_VISITOR;GET/POST /api/rider/audit;HTTP Request / URL Query / JSON Body;HTML DOM Response / JSON Response / Stream Attachment;Endpoint de procesamiento API o vista de cliente/artista renderizada con Next.js App Router.;CRITICAL
RTE-208;ROUTING_NEXTJS;API_ENDPOINT;/api/system/read-file;src/app/api/system/read-file/route.ts;PUBLIC_VISITOR;GET/POST /api/system/read-file;HTTP Request / URL Query / JSON Body;HTML DOM Response / JSON Response / Stream Attachment;Endpoint de procesamiento API o vista de cliente/artista renderizada con Next.js App Router.;CRITICAL
RTE-209;ROUTING_NEXTJS;API_ENDPOINT;/api/telegram/dashboard;src/app/api/telegram/dashboard/route.ts;PUBLIC_VISITOR;GET/POST /api/telegram/dashboard;HTTP Request / URL Query / JSON Body;HTML DOM Response / JSON Response / Stream Attachment;Portal de Artistas & DJs Freemium / Pro con ingesta de historiales y activación de Stripe.;CRITICAL
RTE-210;ROUTING_NEXTJS;API_ENDPOINT;/api/telegram/webhook;src/app/api/telegram/webhook/route.ts;PUBLIC_VISITOR;GET/POST /api/telegram/webhook;HTTP Request / URL Query / JSON Body;HTML DOM Response / JSON Response / Stream Attachment;Endpoint de procesamiento API o vista de cliente/artista renderizada con Next.js App Router.;CRITICAL
RTE-211;ROUTING_NEXTJS;API_ENDPOINT;/api/telemetry/gsc;src/app/api/telemetry/gsc/route.ts;PUBLIC_VISITOR;GET/POST /api/telemetry/gsc;HTTP Request / URL Query / JSON Body;HTML DOM Response / JSON Response / Stream Attachment;Endpoint de procesamiento API o vista de cliente/artista renderizada con Next.js App Router.;CRITICAL
RTE-212;ROUTING_NEXTJS;API_ENDPOINT;/api/telemetry/marketplace;src/app/api/telemetry/marketplace/route.ts;PUBLIC_VISITOR;GET/POST /api/telemetry/marketplace;HTTP Request / URL Query / JSON Body;HTML DOM Response / JSON Response / Stream Attachment;Endpoint de procesamiento API o vista de cliente/artista renderizada con Next.js App Router.;CRITICAL
RTE-213;ROUTING_NEXTJS;API_ENDPOINT;/api/test-telegram;src/app/api/test-telegram/route.ts;PUBLIC_VISITOR;GET/POST /api/test-telegram;HTTP Request / URL Query / JSON Body;HTML DOM Response / JSON Response / Stream Attachment;Endpoint de procesamiento API o vista de cliente/artista renderizada con Next.js App Router.;CRITICAL
RTE-214;ROUTING_NEXTJS;API_ENDPOINT;/api/tools/download-cue-bridge;src/app/api/tools/download-cue-bridge/route.ts;PUBLIC_VISITOR;GET/POST /api/tools/download-cue-bridge;HTTP Request / URL Query / JSON Body;HTML DOM Response / JSON Response / Stream Attachment;Endpoint de descarga directa de 1-clic del instalador silencioso en PowerShell.;CRITICAL
RTE-215;ROUTING_NEXTJS;API_ENDPOINT;/api/tools/qr-cue-bridge;src/app/api/tools/qr-cue-bridge/route.ts;PUBLIC_VISITOR;GET/POST /api/tools/qr-cue-bridge;HTTP Request / URL Query / JSON Body;HTML DOM Response / JSON Response / Stream Attachment;Generador vectorial dinámico de código QR en SVG/PNG para cabinas y mesas.;CRITICAL
RTE-216;ROUTING_NEXTJS;API_ENDPOINT;/api/tripwire;src/app/api/tripwire/route.ts;PUBLIC_VISITOR;GET/POST /api/tripwire;HTTP Request / URL Query / JSON Body;HTML DOM Response / JSON Response / Stream Attachment;Endpoint de procesamiento API o vista de cliente/artista renderizada con Next.js App Router.;CRITICAL
RTE-217;ROUTING_NEXTJS;API_ENDPOINT;/api/vampire/transmute;src/app/api/vampire/transmute/route.ts;PUBLIC_VISITOR;GET/POST /api/vampire/transmute;HTTP Request / URL Query / JSON Body;HTML DOM Response / JSON Response / Stream Attachment;Endpoint de procesamiento API o vista de cliente/artista renderizada con Next.js App Router.;CRITICAL
RTE-218;ROUTING_NEXTJS;API_ENDPOINT;/api/webhooks/inbound-lead;src/app/api/webhooks/inbound-lead/route.ts;SISTEMA_EXTERNO / STRIPE;GET/POST /api/webhooks/inbound-lead;HTTP Request / URL Query / JSON Body;HTML DOM Response / JSON Response / Stream Attachment;Endpoint de procesamiento API o vista de cliente/artista renderizada con Next.js App Router.;CRITICAL
RTE-219;ROUTING_NEXTJS;API_ENDPOINT;/api/webhooks/stripe;src/app/api/webhooks/stripe/route.ts;SISTEMA_EXTERNO / STRIPE;GET/POST /api/webhooks/stripe;HTTP Request / URL Query / JSON Body;HTML DOM Response / JSON Response / Stream Attachment;Endpoint de procesamiento API o vista de cliente/artista renderizada con Next.js App Router.;CRITICAL
RTE-220;ROUTING_NEXTJS;PUBLIC_PAGE_VIEW;/fincas;src/app/fincas/page.tsx;PUBLIC_VISITOR;GET/POST /fincas;HTTP Request / URL Query / JSON Body;HTML DOM Response / JSON Response / Stream Attachment;Endpoint de procesamiento API o vista de cliente/artista renderizada con Next.js App Router.;HIGH
RTE-221;ROUTING_NEXTJS;PUBLIC_PAGE_VIEW;/fincas-landing;src/app/fincas-landing/page.tsx;PUBLIC_VISITOR;GET/POST /fincas-landing;HTTP Request / URL Query / JSON Body;HTML DOM Response / JSON Response / Stream Attachment;Endpoint de procesamiento API o vista de cliente/artista renderizada con Next.js App Router.;HIGH
RTE-222;ROUTING_NEXTJS;PUBLIC_PAGE_VIEW;/onboarding/select-profile;src/app/onboarding/select-profile/page.tsx;PUBLIC_VISITOR;GET/POST /onboarding/select-profile;HTTP Request / URL Query / JSON Body;HTML DOM Response / JSON Response / Stream Attachment;Endpoint de procesamiento API o vista de cliente/artista renderizada con Next.js App Router.;HIGH
RTE-223;ROUTING_NEXTJS;PUBLIC_PAGE_VIEW;/sandbox;src/app/sandbox/page.tsx;PUBLIC_VISITOR;GET/POST /sandbox;HTTP Request / URL Query / JSON Body;HTML DOM Response / JSON Response / Stream Attachment;Endpoint de procesamiento API o vista de cliente/artista renderizada con Next.js App Router.;HIGH
RTE-224;ROUTING_NEXTJS;PUBLIC_PAGE_VIEW;/studio/artist;src/app/studio/artist/page.tsx;PUBLIC_VISITOR;GET/POST /studio/artist;HTTP Request / URL Query / JSON Body;HTML DOM Response / JSON Response / Stream Attachment;Endpoint de procesamiento API o vista de cliente/artista renderizada con Next.js App Router.;HIGH
RTE-225;ROUTING_NEXTJS;PUBLIC_PAGE_VIEW;/studio/artist/bookings;src/app/studio/artist/bookings/page.tsx;PUBLIC_VISITOR;GET/POST /studio/artist/bookings;HTTP Request / URL Query / JSON Body;HTML DOM Response / JSON Response / Stream Attachment;Endpoint de procesamiento API o vista de cliente/artista renderizada con Next.js App Router.;HIGH
RTE-226;ROUTING_NEXTJS;PUBLIC_PAGE_VIEW;/studio/artist/config;src/app/studio/artist/config/page.tsx;PUBLIC_VISITOR;GET/POST /studio/artist/config;HTTP Request / URL Query / JSON Body;HTML DOM Response / JSON Response / Stream Attachment;Endpoint de procesamiento API o vista de cliente/artista renderizada con Next.js App Router.;HIGH
RTE-227;ROUTING_NEXTJS;PUBLIC_PAGE_VIEW;/studio/artist/finance;src/app/studio/artist/finance/page.tsx;PUBLIC_VISITOR;GET/POST /studio/artist/finance;HTTP Request / URL Query / JSON Body;HTML DOM Response / JSON Response / Stream Attachment;Endpoint de procesamiento API o vista de cliente/artista renderizada con Next.js App Router.;HIGH
RTE-228;ROUTING_NEXTJS;PUBLIC_PAGE_VIEW;/studio/artist/perfil;src/app/studio/artist/perfil/page.tsx;PUBLIC_VISITOR;GET/POST /studio/artist/perfil;HTTP Request / URL Query / JSON Body;HTML DOM Response / JSON Response / Stream Attachment;Endpoint de procesamiento API o vista de cliente/artista renderizada con Next.js App Router.;HIGH
RTE-229;ROUTING_NEXTJS;PUBLIC_PAGE_VIEW;/studio/artist/riders;src/app/studio/artist/riders/page.tsx;PUBLIC_VISITOR;GET/POST /studio/artist/riders;HTTP Request / URL Query / JSON Body;HTML DOM Response / JSON Response / Stream Attachment;Endpoint de procesamiento API o vista de cliente/artista renderizada con Next.js App Router.;HIGH
RTE-230;ROUTING_NEXTJS;PUBLIC_PAGE_VIEW;/success;src/app/success/page.tsx;PUBLIC_VISITOR;GET/POST /success;HTTP Request / URL Query / JSON Body;HTML DOM Response / JSON Response / Stream Attachment;Endpoint de procesamiento API o vista de cliente/artista renderizada con Next.js App Router.;HIGH
RTE-231;ROUTING_NEXTJS;PUBLIC_PAGE_VIEW;/[...slug];src/app/[...slug]/page.tsx;PUBLIC_VISITOR;GET/POST /[...slug];HTTP Request / URL Query / JSON Body;HTML DOM Response / JSON Response / Stream Attachment;Endpoint de procesamiento API o vista de cliente/artista renderizada con Next.js App Router.;HIGH
LIB-001;CORE_LIBRARIES;TYPESCRIPT_MODULE;antigravity.config.js;src/lib/antigravity.config.js;SISTEMA_CORE;import ... from '@/lib/antigravity.config';TypeScript Typed Objects;Parsed Data / Cryptographic Hashes / Rendered HTML;Módulo de lógica central del sistema operativo.;CRITICAL
LIB-002;CORE_LIBRARIES;TYPESCRIPT_MODULE;antigravity.config.ts;src/lib/antigravity.config.ts;SISTEMA_CORE;import ... from '@/lib/antigravity.config';TypeScript Typed Objects;Parsed Data / Cryptographic Hashes / Rendered HTML;Módulo de lógica central del sistema operativo.;CRITICAL
LIB-003;CORE_LIBRARIES;TYPESCRIPT_MODULE;api.ts;src/lib/api.ts;SISTEMA_CORE;import ... from '@/lib/api';TypeScript Typed Objects;Parsed Data / Cryptographic Hashes / Rendered HTML;Módulo de lógica central del sistema operativo.;CRITICAL
LIB-004;CORE_LIBRARIES;TYPESCRIPT_MODULE;astra-intelligence.ts;src/lib/astra-intelligence.ts;SISTEMA_CORE;import ... from '@/lib/astra-intelligence';TypeScript Typed Objects;Parsed Data / Cryptographic Hashes / Rendered HTML;Módulo de lógica central del sistema operativo.;CRITICAL
LIB-005;CORE_LIBRARIES;TYPESCRIPT_MODULE;aura-wallet.ts;src/lib/aura-wallet.ts;SISTEMA_CORE;import ... from '@/lib/aura-wallet';TypeScript Typed Objects;Parsed Data / Cryptographic Hashes / Rendered HTML;Módulo de lógica central del sistema operativo.;CRITICAL
LIB-006;CORE_LIBRARIES;TYPESCRIPT_MODULE;AuthContext.tsx;src/lib/AuthContext.tsx;SISTEMA_CORE;import ... from '@/lib/AuthContext';TypeScript Typed Objects;Parsed Data / Cryptographic Hashes / Rendered HTML;Módulo de lógica central del sistema operativo.;CRITICAL
LIB-007;CORE_LIBRARIES;TYPESCRIPT_MODULE;cue-sheet-generator.ts;src/lib/cue-sheet-generator.ts;SISTEMA_CORE;import ... from '@/lib/cue-sheet-generator';TypeScript Typed Objects;Parsed Data / Cryptographic Hashes / Rendered HTML;Generador de certificados forenses SHA-256 y actas visuales conforme al Art. 108 LPI.;CRITICAL
LIB-008;CORE_LIBRARIES;TYPESCRIPT_MODULE;firebase.ts;src/lib/firebase.ts;SISTEMA_CORE;import ... from '@/lib/firebase';TypeScript Typed Objects;Parsed Data / Cryptographic Hashes / Rendered HTML;Módulo de lógica central del sistema operativo.;CRITICAL
LIB-009;CORE_LIBRARIES;TYPESCRIPT_MODULE;firebaseAdmin.ts;src/lib/firebaseAdmin.ts;SISTEMA_CORE;import ... from '@/lib/firebaseAdmin';TypeScript Typed Objects;Parsed Data / Cryptographic Hashes / Rendered HTML;Módulo de lógica central del sistema operativo.;CRITICAL
LIB-010;CORE_LIBRARIES;TYPESCRIPT_MODULE;firestore-safeguard.ts;src/lib/firestore-safeguard.ts;SISTEMA_CORE;import ... from '@/lib/firestore-safeguard';TypeScript Typed Objects;Parsed Data / Cryptographic Hashes / Rendered HTML;Módulo de lógica central del sistema operativo.;CRITICAL
LIB-011;CORE_LIBRARIES;TYPESCRIPT_MODULE;fleet-api-contracts.ts;src/lib/fleet-api-contracts.ts;SISTEMA_CORE;import ... from '@/lib/fleet-api-contracts';TypeScript Typed Objects;Parsed Data / Cryptographic Hashes / Rendered HTML;Módulo de lógica central del sistema operativo.;CRITICAL
LIB-012;CORE_LIBRARIES;TYPESCRIPT_MODULE;generateJsonLd.ts;src/lib/generateJsonLd.ts;SISTEMA_CORE;import ... from '@/lib/generateJsonLd';TypeScript Typed Objects;Parsed Data / Cryptographic Hashes / Rendered HTML;Módulo de lógica central del sistema operativo.;CRITICAL
LIB-013;CORE_LIBRARIES;TYPESCRIPT_MODULE;hunter.ts;src/lib/hunter.ts;SISTEMA_CORE;import ... from '@/lib/hunter';TypeScript Typed Objects;Parsed Data / Cryptographic Hashes / Rendered HTML;Módulo de lógica central del sistema operativo.;CRITICAL
LIB-014;CORE_LIBRARIES;TYPESCRIPT_MODULE;index.d.ts;src/lib/index.d.ts;SISTEMA_CORE;import ... from '@/lib/index.d';TypeScript Typed Objects;Parsed Data / Cryptographic Hashes / Rendered HTML;Módulo de lógica central del sistema operativo.;CRITICAL
LIB-015;CORE_LIBRARIES;TYPESCRIPT_MODULE;index.ts;src/lib/index.ts;SISTEMA_CORE;import ... from '@/lib/index';TypeScript Typed Objects;Parsed Data / Cryptographic Hashes / Rendered HTML;Módulo de lógica central del sistema operativo.;CRITICAL
LIB-016;CORE_LIBRARIES;TYPESCRIPT_MODULE;logger.ts;src/lib/logger.ts;SISTEMA_CORE;import ... from '@/lib/logger';TypeScript Typed Objects;Parsed Data / Cryptographic Hashes / Rendered HTML;Módulo de lógica central del sistema operativo.;CRITICAL
LIB-017;CORE_LIBRARIES;TYPESCRIPT_MODULE;payments.ts;src/lib/payments.ts;SISTEMA_CORE;import ... from '@/lib/payments';TypeScript Typed Objects;Parsed Data / Cryptographic Hashes / Rendered HTML;Instancia SDK de Stripe y creador de sesiones de checkout base.;CRITICAL
LIB-018;CORE_LIBRARIES;TYPESCRIPT_MODULE;paypal.ts;src/lib/paypal.ts;SISTEMA_CORE;import ... from '@/lib/paypal';TypeScript Typed Objects;Parsed Data / Cryptographic Hashes / Rendered HTML;Módulo de lógica central del sistema operativo.;CRITICAL
LIB-019;CORE_LIBRARIES;TYPESCRIPT_MODULE;phone-constants.ts;src/lib/phone-constants.ts;SISTEMA_CORE;import ... from '@/lib/phone-constants';TypeScript Typed Objects;Parsed Data / Cryptographic Hashes / Rendered HTML;Módulo de lógica central del sistema operativo.;CRITICAL
LIB-020;CORE_LIBRARIES;TYPESCRIPT_MODULE;pricing-engine.ts;src/lib/pricing-engine.ts;SISTEMA_CORE;import ... from '@/lib/pricing-engine';TypeScript Typed Objects;Parsed Data / Cryptographic Hashes / Rendered HTML;Módulo de lógica central del sistema operativo.;CRITICAL
LIB-021;CORE_LIBRARIES;TYPESCRIPT_MODULE;prisma.ts;src/lib/prisma.ts;SISTEMA_CORE;import ... from '@/lib/prisma';TypeScript Typed Objects;Parsed Data / Cryptographic Hashes / Rendered HTML;Módulo de lógica central del sistema operativo.;CRITICAL
LIB-022;CORE_LIBRARIES;TYPESCRIPT_MODULE;routes.ts;src/lib/routes.ts;SISTEMA_CORE;import ... from '@/lib/routes';TypeScript Typed Objects;Parsed Data / Cryptographic Hashes / Rendered HTML;Módulo de lógica central del sistema operativo.;CRITICAL
LIB-023;CORE_LIBRARIES;TYPESCRIPT_MODULE;skillsRegistry.ts;src/lib/skillsRegistry.ts;SISTEMA_CORE;import ... from '@/lib/skillsRegistry';TypeScript Typed Objects;Parsed Data / Cryptographic Hashes / Rendered HTML;Módulo de lógica central del sistema operativo.;CRITICAL
LIB-024;CORE_LIBRARIES;TYPESCRIPT_MODULE;telemetry.ts;src/lib/telemetry.ts;SISTEMA_CORE;import ... from '@/lib/telemetry';TypeScript Typed Objects;Parsed Data / Cryptographic Hashes / Rendered HTML;Módulo de lógica central del sistema operativo.;CRITICAL
LIB-025;CORE_LIBRARIES;TYPESCRIPT_MODULE;totp-engine.ts;src/lib/totp-engine.ts;SISTEMA_CORE;import ... from '@/lib/totp-engine';TypeScript Typed Objects;Parsed Data / Cryptographic Hashes / Rendered HTML;Módulo de lógica central del sistema operativo.;CRITICAL
LIB-026;CORE_LIBRARIES;TYPESCRIPT_MODULE;UniversalCueBridge.ts;src/lib/UniversalCueBridge.ts;SISTEMA_CORE;import ... from '@/lib/UniversalCueBridge';TypeScript Typed Objects;Parsed Data / Cryptographic Hashes / Rendered HTML;Parser polimórfico de historiales DJ con saneamiento y desduplicación consecutiva.;CRITICAL
LIB-027;CORE_LIBRARIES;TYPESCRIPT_MODULE;utils.d.ts;src/lib/utils.d.ts;SISTEMA_CORE;import ... from '@/lib/utils.d';TypeScript Typed Objects;Parsed Data / Cryptographic Hashes / Rendered HTML;Módulo de lógica central del sistema operativo.;CRITICAL
LIB-028;CORE_LIBRARIES;TYPESCRIPT_MODULE;utils.ts;src/lib/utils.ts;SISTEMA_CORE;import ... from '@/lib/utils';TypeScript Typed Objects;Parsed Data / Cryptographic Hashes / Rendered HTML;Módulo de lógica central del sistema operativo.;CRITICAL
LIB-029;CORE_LIBRARIES;TYPESCRIPT_MODULE;utils.tsx;src/lib/utils.tsx;SISTEMA_CORE;import ... from '@/lib/utils';TypeScript Typed Objects;Parsed Data / Cryptographic Hashes / Rendered HTML;Módulo de lógica central del sistema operativo.;CRITICAL
LIB-030;CORE_LIBRARIES;TYPESCRIPT_MODULE;whatsapp.ts;src/lib/whatsapp.ts;SISTEMA_CORE;import ... from '@/lib/whatsapp';TypeScript Typed Objects;Parsed Data / Cryptographic Hashes / Rendered HTML;Módulo de lógica central del sistema operativo.;CRITICAL
LIB-031;CORE_LIBRARIES;TYPESCRIPT_MODULE;booking-actions.ts;src/lib/actions/booking-actions.ts;SISTEMA_CORE;import ... from '@/lib/booking-actions';TypeScript Typed Objects;Parsed Data / Cryptographic Hashes / Rendered HTML;Módulo de lógica central del sistema operativo.;CRITICAL
LIB-032;CORE_LIBRARIES;TYPESCRIPT_MODULE;claim-actions.ts;src/lib/actions/claim-actions.ts;SISTEMA_CORE;import ... from '@/lib/claim-actions';TypeScript Typed Objects;Parsed Data / Cryptographic Hashes / Rendered HTML;Módulo de lógica central del sistema operativo.;CRITICAL
LIB-033;CORE_LIBRARIES;TYPESCRIPT_MODULE;fleet-actions.ts;src/lib/actions/fleet-actions.ts;SISTEMA_CORE;import ... from '@/lib/fleet-actions';TypeScript Typed Objects;Parsed Data / Cryptographic Hashes / Rendered HTML;Módulo de lógica central del sistema operativo.;CRITICAL
LIB-034;CORE_LIBRARIES;TYPESCRIPT_MODULE;seed-artists.ts;src/lib/actions/seed-artists.ts;SISTEMA_CORE;import ... from '@/lib/seed-artists';TypeScript Typed Objects;Parsed Data / Cryptographic Hashes / Rendered HTML;Módulo de lógica central del sistema operativo.;CRITICAL
LIB-035;CORE_LIBRARIES;TYPESCRIPT_MODULE;seed-fleet.ts;src/lib/actions/seed-fleet.ts;SISTEMA_CORE;import ... from '@/lib/seed-fleet';TypeScript Typed Objects;Parsed Data / Cryptographic Hashes / Rendered HTML;Módulo de lógica central del sistema operativo.;CRITICAL
LIB-036;CORE_LIBRARIES;TYPESCRIPT_MODULE;stripe-checkout.ts;src/lib/actions/stripe-checkout.ts;SISTEMA_CORE;import ... from '@/lib/stripe-checkout';TypeScript Typed Objects;Parsed Data / Cryptographic Hashes / Rendered HTML;Módulo de lógica central del sistema operativo.;CRITICAL
LIB-037;CORE_LIBRARIES;TYPESCRIPT_MODULE;telemetry-broadcaster.ts;src/lib/actions/telemetry-broadcaster.ts;SISTEMA_CORE;import ... from '@/lib/telemetry-broadcaster';TypeScript Typed Objects;Parsed Data / Cryptographic Hashes / Rendered HTML;Módulo de lógica central del sistema operativo.;CRITICAL
LIB-038;CORE_LIBRARIES;TYPESCRIPT_MODULE;adaptive-voice-matrix.ts;src/lib/ai/adaptive-voice-matrix.ts;SISTEMA_CORE;import ... from '@/lib/adaptive-voice-matrix';TypeScript Typed Objects;Parsed Data / Cryptographic Hashes / Rendered HTML;Módulo de lógica central del sistema operativo.;CRITICAL
LIB-039;CORE_LIBRARIES;TYPESCRIPT_MODULE;predictive-engine (2).ts;src/lib/ai/astra/predictive-engine (2).ts;SISTEMA_CORE;import ... from '@/lib/predictive-engine (2)';TypeScript Typed Objects;Parsed Data / Cryptographic Hashes / Rendered HTML;Módulo de lógica central del sistema operativo.;CRITICAL
LIB-040;CORE_LIBRARIES;TYPESCRIPT_MODULE;predictive-engine.ts;src/lib/ai/astra/predictive-engine.ts;SISTEMA_CORE;import ... from '@/lib/predictive-engine';TypeScript Typed Objects;Parsed Data / Cryptographic Hashes / Rendered HTML;Módulo de lógica central del sistema operativo.;CRITICAL
LIB-041;CORE_LIBRARIES;TYPESCRIPT_MODULE;audit.ts;src/lib/artists/audit.ts;SISTEMA_CORE;import ... from '@/lib/audit';TypeScript Typed Objects;Parsed Data / Cryptographic Hashes / Rendered HTML;Módulo de lógica central del sistema operativo.;CRITICAL
LIB-042;CORE_LIBRARIES;TYPESCRIPT_MODULE;claims.ts;src/lib/artists/claims.ts;SISTEMA_CORE;import ... from '@/lib/claims';TypeScript Typed Objects;Parsed Data / Cryptographic Hashes / Rendered HTML;Módulo de lógica central del sistema operativo.;CRITICAL
LIB-043;CORE_LIBRARIES;TYPESCRIPT_MODULE;matrix.ts;src/lib/artists/matrix.ts;SISTEMA_CORE;import ... from '@/lib/matrix';TypeScript Typed Objects;Parsed Data / Cryptographic Hashes / Rendered HTML;Módulo de lógica central del sistema operativo.;CRITICAL
LIB-044;CORE_LIBRARIES;TYPESCRIPT_MODULE;navigation.ts;src/lib/artists/navigation.ts;SISTEMA_CORE;import ... from '@/lib/navigation';TypeScript Typed Objects;Parsed Data / Cryptographic Hashes / Rendered HTML;Módulo de lógica central del sistema operativo.;CRITICAL
LIB-045;CORE_LIBRARIES;TYPESCRIPT_MODULE;permissions.ts;src/lib/artists/permissions.ts;SISTEMA_CORE;import ... from '@/lib/permissions';TypeScript Typed Objects;Parsed Data / Cryptographic Hashes / Rendered HTML;Módulo de lógica central del sistema operativo.;CRITICAL
LIB-046;CORE_LIBRARIES;TYPESCRIPT_MODULE;routes.ts;src/lib/artists/routes.ts;SISTEMA_CORE;import ... from '@/lib/routes';TypeScript Typed Objects;Parsed Data / Cryptographic Hashes / Rendered HTML;Módulo de lógica central del sistema operativo.;CRITICAL
LIB-047;CORE_LIBRARIES;TYPESCRIPT_MODULE;schema.ts;src/lib/artists/schema.ts;SISTEMA_CORE;import ... from '@/lib/schema';TypeScript Typed Objects;Parsed Data / Cryptographic Hashes / Rendered HTML;Módulo de lógica central del sistema operativo.;CRITICAL
LIB-048;CORE_LIBRARIES;TYPESCRIPT_MODULE;seo.ts;src/lib/artists/seo.ts;SISTEMA_CORE;import ... from '@/lib/seo';TypeScript Typed Objects;Parsed Data / Cryptographic Hashes / Rendered HTML;Módulo de lógica central del sistema operativo.;CRITICAL
LIB-049;CORE_LIBRARIES;TYPESCRIPT_MODULE;AuraAudioSynth.ts;src/lib/audio/AuraAudioSynth.ts;SISTEMA_CORE;import ... from '@/lib/AuraAudioSynth';TypeScript Typed Objects;Parsed Data / Cryptographic Hashes / Rendered HTML;Módulo de lógica central del sistema operativo.;CRITICAL
LIB-050;CORE_LIBRARIES;TYPESCRIPT_MODULE;permissions.ts;src/lib/auth/permissions.ts;SISTEMA_CORE;import ... from '@/lib/permissions';TypeScript Typed Objects;Parsed Data / Cryptographic Hashes / Rendered HTML;Módulo de lógica central del sistema operativo.;CRITICAL
LIB-051;CORE_LIBRARIES;TYPESCRIPT_MODULE;inventory-catalog.ts;src/lib/constants/inventory-catalog.ts;SISTEMA_CORE;import ... from '@/lib/inventory-catalog';TypeScript Typed Objects;Parsed Data / Cryptographic Hashes / Rendered HTML;Módulo de lógica central del sistema operativo.;CRITICAL
LIB-052;CORE_LIBRARIES;TYPESCRIPT_MODULE;occasions.ts;src/lib/constants/occasions.ts;SISTEMA_CORE;import ... from '@/lib/occasions';TypeScript Typed Objects;Parsed Data / Cryptographic Hashes / Rendered HTML;Módulo de lógica central del sistema operativo.;CRITICAL
LIB-053;CORE_LIBRARIES;TYPESCRIPT_MODULE;pricing-catalog.ts;src/lib/constants/pricing-catalog.ts;SISTEMA_CORE;import ... from '@/lib/pricing-catalog';TypeScript Typed Objects;Parsed Data / Cryptographic Hashes / Rendered HTML;Módulo de lógica central del sistema operativo.;CRITICAL
LIB-054;CORE_LIBRARIES;TYPESCRIPT_MODULE;SClassNexus.ts;src/lib/constants/SClassNexus.ts;SISTEMA_CORE;import ... from '@/lib/SClassNexus';TypeScript Typed Objects;Parsed Data / Cryptographic Hashes / Rendered HTML;Módulo de lógica central del sistema operativo.;CRITICAL
LIB-055;CORE_LIBRARIES;TYPESCRIPT_MODULE;seo-data.ts;src/lib/constants/seo-data.ts;SISTEMA_CORE;import ... from '@/lib/seo-data';TypeScript Typed Objects;Parsed Data / Cryptographic Hashes / Rendered HTML;Módulo de lógica central del sistema operativo.;CRITICAL
LIB-056;CORE_LIBRARIES;TYPESCRIPT_MODULE;VimumeEngine.ts;src/lib/engines/VimumeEngine.ts;SISTEMA_CORE;import ... from '@/lib/VimumeEngine';TypeScript Typed Objects;Parsed Data / Cryptographic Hashes / Rendered HTML;Módulo de lógica central del sistema operativo.;CRITICAL
LIB-057;CORE_LIBRARIES;TYPESCRIPT_MODULE;weddingMatchEngine.ts;src/lib/engines/weddingMatchEngine.ts;SISTEMA_CORE;import ... from '@/lib/weddingMatchEngine';TypeScript Typed Objects;Parsed Data / Cryptographic Hashes / Rendered HTML;Módulo de lógica central del sistema operativo.;CRITICAL
LIB-058;CORE_LIBRARIES;TYPESCRIPT_MODULE;useBiometricIntent.ts;src/lib/hooks/useBiometricIntent.ts;SISTEMA_CORE;import ... from '@/lib/useBiometricIntent';TypeScript Typed Objects;Parsed Data / Cryptographic Hashes / Rendered HTML;Módulo de lógica central del sistema operativo.;CRITICAL
LIB-059;CORE_LIBRARIES;TYPESCRIPT_MODULE;ApalancamientoEngine.ts;src/lib/intelligence/ApalancamientoEngine.ts;SISTEMA_CORE;import ... from '@/lib/ApalancamientoEngine';TypeScript Typed Objects;Parsed Data / Cryptographic Hashes / Rendered HTML;Módulo de lógica central del sistema operativo.;CRITICAL
LIB-060;CORE_LIBRARIES;TYPESCRIPT_MODULE;EternalMemory.ts;src/lib/intelligence/EternalMemory.ts;SISTEMA_CORE;import ... from '@/lib/EternalMemory';TypeScript Typed Objects;Parsed Data / Cryptographic Hashes / Rendered HTML;Módulo de lógica central del sistema operativo.;CRITICAL
LIB-061;CORE_LIBRARIES;TYPESCRIPT_MODULE;opalEngine.ts;src/lib/intelligence/opalEngine.ts;SISTEMA_CORE;import ... from '@/lib/opalEngine';TypeScript Typed Objects;Parsed Data / Cryptographic Hashes / Rendered HTML;Módulo de lógica central del sistema operativo.;CRITICAL
LIB-062;CORE_LIBRARIES;TYPESCRIPT_MODULE;washData.ts;src/lib/intelligence/washData.ts;SISTEMA_CORE;import ... from '@/lib/washData';TypeScript Typed Objects;Parsed Data / Cryptographic Hashes / Rendered HTML;Módulo de lógica central del sistema operativo.;CRITICAL
LIB-063;CORE_LIBRARIES;TYPESCRIPT_MODULE;hungarianAlgorithm.ts;src/lib/matchmaker/hungarianAlgorithm.ts;SISTEMA_CORE;import ... from '@/lib/hungarianAlgorithm';TypeScript Typed Objects;Parsed Data / Cryptographic Hashes / Rendered HTML;Módulo de lógica central del sistema operativo.;CRITICAL
LIB-064;CORE_LIBRARIES;TYPESCRIPT_MODULE;bot-detection.ts;src/lib/NUCLEO_DATA/bot-detection.ts;SISTEMA_CORE;import ... from '@/lib/bot-detection';TypeScript Typed Objects;Parsed Data / Cryptographic Hashes / Rendered HTML;Módulo de lógica central del sistema operativo.;CRITICAL
LIB-065;CORE_LIBRARIES;TYPESCRIPT_MODULE;valibot.ts;src/lib/NUCLEO_DATA/valibot.ts;SISTEMA_CORE;import ... from '@/lib/valibot';TypeScript Typed Objects;Parsed Data / Cryptographic Hashes / Rendered HTML;Módulo de lógica central del sistema operativo.;CRITICAL
LIB-066;CORE_LIBRARIES;TYPESCRIPT_MODULE;client-interceptors.ts;src/lib/recovered/client-interceptors.ts;SISTEMA_CORE;import ... from '@/lib/client-interceptors';TypeScript Typed Objects;Parsed Data / Cryptographic Hashes / Rendered HTML;Módulo de lógica central del sistema operativo.;CRITICAL
LIB-067;CORE_LIBRARIES;TYPESCRIPT_MODULE;parseStripeProp.ts;src/lib/recovered/parseStripeProp.ts;SISTEMA_CORE;import ... from '@/lib/parseStripeProp';TypeScript Typed Objects;Parsed Data / Cryptographic Hashes / Rendered HTML;Módulo de lógica central del sistema operativo.;CRITICAL
LIB-068;CORE_LIBRARIES;TYPESCRIPT_MODULE;sendForm.ts;src/lib/recovered/sendForm.ts;SISTEMA_CORE;import ... from '@/lib/sendForm';TypeScript Typed Objects;Parsed Data / Cryptographic Hashes / Rendered HTML;Módulo de lógica central del sistema operativo.;CRITICAL
LIB-069;CORE_LIBRARIES;TYPESCRIPT_MODULE;sendPost.ts;src/lib/recovered/sendPost.ts;SISTEMA_CORE;import ... from '@/lib/sendPost';TypeScript Typed Objects;Parsed Data / Cryptographic Hashes / Rendered HTML;Módulo de lógica central del sistema operativo.;CRITICAL
LIB-070;CORE_LIBRARIES;TYPESCRIPT_MODULE;vampire-parser.ts;src/lib/scripts/vampire-parser.ts;SISTEMA_CORE;import ... from '@/lib/vampire-parser';TypeScript Typed Objects;Parsed Data / Cryptographic Hashes / Rendered HTML;Módulo de lógica central del sistema operativo.;CRITICAL
LIB-071;CORE_LIBRARIES;TYPESCRIPT_MODULE;shield.ts;src/lib/security/shield.ts;SISTEMA_CORE;import ... from '@/lib/shield';TypeScript Typed Objects;Parsed Data / Cryptographic Hashes / Rendered HTML;Módulo de lógica central del sistema operativo.;CRITICAL
LIB-072;CORE_LIBRARIES;TYPESCRIPT_MODULE;semantic-engine.ts;src/lib/seo/semantic-engine.ts;SISTEMA_CORE;import ... from '@/lib/semantic-engine';TypeScript Typed Objects;Parsed Data / Cryptographic Hashes / Rendered HTML;Módulo de lógica central del sistema operativo.;CRITICAL
LIB-073;CORE_LIBRARIES;TYPESCRIPT_MODULE;auth_nexus.ts;src/lib/services/auth_nexus.ts;SISTEMA_CORE;import ... from '@/lib/auth_nexus';TypeScript Typed Objects;Parsed Data / Cryptographic Hashes / Rendered HTML;Módulo de lógica central del sistema operativo.;CRITICAL
LIB-074;CORE_LIBRARIES;TYPESCRIPT_MODULE;b2g-hunter.ts;src/lib/services/b2g-hunter.ts;SISTEMA_CORE;import ... from '@/lib/b2g-hunter';TypeScript Typed Objects;Parsed Data / Cryptographic Hashes / Rendered HTML;Módulo de lógica central del sistema operativo.;CRITICAL
LIB-075;CORE_LIBRARIES;TYPESCRIPT_MODULE;backupReader.ts;src/lib/services/backupReader.ts;SISTEMA_CORE;import ... from '@/lib/backupReader';TypeScript Typed Objects;Parsed Data / Cryptographic Hashes / Rendered HTML;Módulo de lógica central del sistema operativo.;CRITICAL
LIB-076;CORE_LIBRARIES;TYPESCRIPT_MODULE;emailService.ts;src/lib/services/emailService.ts;SISTEMA_CORE;import ... from '@/lib/emailService';TypeScript Typed Objects;Parsed Data / Cryptographic Hashes / Rendered HTML;Módulo de lógica central del sistema operativo.;CRITICAL
LIB-077;CORE_LIBRARIES;TYPESCRIPT_MODULE;EmpireLoop.ts;src/lib/services/EmpireLoop.ts;SISTEMA_CORE;import ... from '@/lib/EmpireLoop';TypeScript Typed Objects;Parsed Data / Cryptographic Hashes / Rendered HTML;Módulo de lógica central del sistema operativo.;CRITICAL
LIB-078;CORE_LIBRARIES;TYPESCRIPT_MODULE;ghost_hunter.ts;src/lib/services/ghost_hunter.ts;SISTEMA_CORE;import ... from '@/lib/ghost_hunter';TypeScript Typed Objects;Parsed Data / Cryptographic Hashes / Rendered HTML;Módulo de lógica central del sistema operativo.;CRITICAL
LIB-079;CORE_LIBRARIES;TYPESCRIPT_MODULE;hunter-io.ts;src/lib/services/hunter-io.ts;SISTEMA_CORE;import ... from '@/lib/hunter-io';TypeScript Typed Objects;Parsed Data / Cryptographic Hashes / Rendered HTML;Módulo de lógica central del sistema operativo.;CRITICAL
LIB-080;CORE_LIBRARIES;TYPESCRIPT_MODULE;mailerlite.ts;src/lib/services/mailerlite.ts;SISTEMA_CORE;import ... from '@/lib/mailerlite';TypeScript Typed Objects;Parsed Data / Cryptographic Hashes / Rendered HTML;Módulo de lógica central del sistema operativo.;CRITICAL
LIB-081;CORE_LIBRARIES;TYPESCRIPT_MODULE;nexus_payments.ts;src/lib/services/nexus_payments.ts;SISTEMA_CORE;import ... from '@/lib/nexus_payments';TypeScript Typed Objects;Parsed Data / Cryptographic Hashes / Rendered HTML;Instancia SDK de Stripe y creador de sesiones de checkout base.;CRITICAL
LIB-082;CORE_LIBRARIES;TYPESCRIPT_MODULE;ProfileService.ts;src/lib/services/ProfileService.ts;SISTEMA_CORE;import ... from '@/lib/ProfileService';TypeScript Typed Objects;Parsed Data / Cryptographic Hashes / Rendered HTML;Módulo de lógica central del sistema operativo.;CRITICAL
LIB-083;CORE_LIBRARIES;TYPESCRIPT_MODULE;telegram.ts;src/lib/services/telegram.ts;SISTEMA_CORE;import ... from '@/lib/telegram';TypeScript Typed Objects;Parsed Data / Cryptographic Hashes / Rendered HTML;Módulo de lógica central del sistema operativo.;CRITICAL
LIB-084;CORE_LIBRARIES;TYPESCRIPT_MODULE;trello.ts;src/lib/services/trello.ts;SISTEMA_CORE;import ... from '@/lib/trello';TypeScript Typed Objects;Parsed Data / Cryptographic Hashes / Rendered HTML;Módulo de lógica central del sistema operativo.;CRITICAL
LIB-085;CORE_LIBRARIES;TYPESCRIPT_MODULE;UserService.ts;src/lib/services/UserService.ts;SISTEMA_CORE;import ... from '@/lib/UserService';TypeScript Typed Objects;Parsed Data / Cryptographic Hashes / Rendered HTML;Módulo de lógica central del sistema operativo.;CRITICAL
LIB-086;CORE_LIBRARIES;TYPESCRIPT_MODULE;VampireService.ts;src/lib/services/VampireService.ts;SISTEMA_CORE;import ... from '@/lib/VampireService';TypeScript Typed Objects;Parsed Data / Cryptographic Hashes / Rendered HTML;Módulo de lógica central del sistema operativo.;CRITICAL
LIB-087;CORE_LIBRARIES;TYPESCRIPT_MODULE;webhook_dispatcher.ts;src/lib/services/webhook_dispatcher.ts;SISTEMA_CORE;import ... from '@/lib/webhook_dispatcher';TypeScript Typed Objects;Parsed Data / Cryptographic Hashes / Rendered HTML;Módulo de lógica central del sistema operativo.;CRITICAL
LIB-088;CORE_LIBRARIES;TYPESCRIPT_MODULE;AstraService.ts;src/lib/services/ai/AstraService.ts;SISTEMA_CORE;import ... from '@/lib/AstraService';TypeScript Typed Objects;Parsed Data / Cryptographic Hashes / Rendered HTML;Módulo de lógica central del sistema operativo.;CRITICAL
LIB-089;CORE_LIBRARIES;TYPESCRIPT_MODULE;TelegramService.ts;src/lib/services/comm/TelegramService.ts;SISTEMA_CORE;import ... from '@/lib/TelegramService';TypeScript Typed Objects;Parsed Data / Cryptographic Hashes / Rendered HTML;Módulo de lógica central del sistema operativo.;CRITICAL
LIB-090;CORE_LIBRARIES;TYPESCRIPT_MODULE;geocoder.ts;src/lib/services/geo/geocoder.ts;SISTEMA_CORE;import ... from '@/lib/geocoder';TypeScript Typed Objects;Parsed Data / Cryptographic Hashes / Rendered HTML;Módulo de lógica central del sistema operativo.;CRITICAL
LIB-091;CORE_LIBRARIES;TYPESCRIPT_MODULE;LeadRouter.ts;src/lib/services/leads/LeadRouter.ts;SISTEMA_CORE;import ... from '@/lib/LeadRouter';TypeScript Typed Objects;Parsed Data / Cryptographic Hashes / Rendered HTML;Módulo de lógica central del sistema operativo.;CRITICAL
LIB-092;CORE_LIBRARIES;TYPESCRIPT_MODULE;geo-pricer.ts;src/lib/services/pricing/geo-pricer.ts;SISTEMA_CORE;import ... from '@/lib/geo-pricer';TypeScript Typed Objects;Parsed Data / Cryptographic Hashes / Rendered HTML;Módulo de lógica central del sistema operativo.;CRITICAL
LIB-093;CORE_LIBRARIES;TYPESCRIPT_MODULE;quote-calculator.ts;src/lib/services/pricing/quote-calculator.ts;SISTEMA_CORE;import ... from '@/lib/quote-calculator';TypeScript Typed Objects;Parsed Data / Cryptographic Hashes / Rendered HTML;Módulo de lógica central del sistema operativo.;CRITICAL
LIB-094;CORE_LIBRARIES;TYPESCRIPT_MODULE;GravitationalIngestionEngine.ts;src/lib/services/rag/GravitationalIngestionEngine.ts;SISTEMA_CORE;import ... from '@/lib/GravitationalIngestionEngine';TypeScript Typed Objects;Parsed Data / Cryptographic Hashes / Rendered HTML;Módulo de lógica central del sistema operativo.;CRITICAL
LIB-095;CORE_LIBRARIES;TYPESCRIPT_MODULE;obsidianIngestor.ts;src/lib/services/rag/obsidianIngestor.ts;SISTEMA_CORE;import ... from '@/lib/obsidianIngestor';TypeScript Typed Objects;Parsed Data / Cryptographic Hashes / Rendered HTML;Módulo de lógica central del sistema operativo.;CRITICAL
LIB-096;CORE_LIBRARIES;TYPESCRIPT_MODULE;cazador_fantasma.ts;src/lib/services/scrapers/cazador_fantasma.ts;SISTEMA_CORE;import ... from '@/lib/cazador_fantasma';TypeScript Typed Objects;Parsed Data / Cryptographic Hashes / Rendered HTML;Módulo de lógica central del sistema operativo.;CRITICAL
LIB-097;CORE_LIBRARIES;TYPESCRIPT_MODULE;SynonymOntology.ts;src/lib/services/vampire/SynonymOntology.ts;SISTEMA_CORE;import ... from '@/lib/SynonymOntology';TypeScript Typed Objects;Parsed Data / Cryptographic Hashes / Rendered HTML;Módulo de lógica central del sistema operativo.;CRITICAL
LIB-098;CORE_LIBRARIES;TYPESCRIPT_MODULE;client.ts;src/lib/supabase/client.ts;SISTEMA_CORE;import ... from '@/lib/client';TypeScript Typed Objects;Parsed Data / Cryptographic Hashes / Rendered HTML;Módulo de lógica central del sistema operativo.;CRITICAL
LIB-099;CORE_LIBRARIES;TYPESCRIPT_MODULE;server.ts;src/lib/supabase/server.ts;SISTEMA_CORE;import ... from '@/lib/server';TypeScript Typed Objects;Parsed Data / Cryptographic Hashes / Rendered HTML;Módulo de lógica central del sistema operativo.;CRITICAL
LIB-100;CORE_LIBRARIES;TYPESCRIPT_MODULE;AstraCore.ts;src/lib/utils/AstraCore.ts;SISTEMA_CORE;import ... from '@/lib/AstraCore';TypeScript Typed Objects;Parsed Data / Cryptographic Hashes / Rendered HTML;Módulo de lógica central del sistema operativo.;CRITICAL
